{"type":"FeatureCollection","name":"Resolution-3 overview of compacted rHEALPix land cover","metadata":{"coverage_resolution":6,"overview_resolution":3,"source_cell_count":48249,"cell_count":1378,"feature_count":1384,"feature_strategy":"one antimeridian-safe polygon part per feature","coverage_mode":"intersects","source":"Natural Earth 1:110m land"},"features":[{"type":"Feature","properties":{"resolution":1},"geometry":{"type":"Polygon","coordinates":[[[75.0,66.537374],[67.5,58.528017],[63.0,50.347152],[60.0,41.937854],[67.5,41.937854],[75.0,41.937854],[82.5,41.937854],[90.0,41.937854],[97.5,41.937854],[105.0,41.937854],[112.5,41.937854],[120.0,41.937854],[117.0,50.347152],[112.5,58.528017],[105.0,66.537374],[90.0,74.424007],[75.0,66.537374]]]}},{"type":"Feature","properties":{"resolution":3},"geometry":{"type":"Polygon","coordinates":[[[57.115385,43.829636],[56.666667,41.937854],[58.333333,41.937854],[60.0,41.937854],[60.576923,43.829636],[61.2,45.707608],[59.4,45.707608],[57.6,45.707608],[57.115385,43.829636]]]}},{"type":"Feature","properties":{"resolution":3},"geometry":{"type":"Polygon","coordinates":[[[53.653846,43.829636],[53.333333,41.937854],[55.0,41.937854],[56.666667,41.937854],[57.115385,43.829636],[57.6,45.707608],[55.8,45.707608],[54.0,45.707608],[53.653846,43.829636]]]}},{"type":"Feature","properties":{"resolution":3},"geometry":{"type":"Polygon","coordinates":[[[50.192308,43.829636],[50.0,41.937854],[51.666667,41.937854],[53.333333,41.937854],[53.653846,43.829636],[54.0,45.707608],[52.2,45.707608],[50.4,45.707608],[50.192308,43.829636]]]}},{"type":"Feature","properties":{"resolution":3},"geometry":{"type":"Polygon","coordinates":[[[58.125,47.572551],[57.6,45.707608],[59.4,45.707608],[61.2,45.707608],[61.875,47.572551],[62.608696,49.425208],[60.652174,49.425208],[58.695652,49.425208],[58.125,47.572551]]]}},{"type":"Feature","properties":{"resolution":3},"geometry":{"type":"Polygon","coordinates":[[[54.375,47.572551],[54.0,45.707608],[55.8,45.707608],[57.6,45.707608],[58.125,47.572551],[58.695652,49.425208],[56.73913,49.425208],[54.782609,49.425208],[54.375,47.572551]]]}},{"type":"Feature","properties":{"resolution":3},"geometry":{"type":"Polygon","coordinates":[[[50.625,47.572551],[50.4,45.707608],[52.2,45.707608],[54.0,45.707608],[54.375,47.572551],[54.782609,49.425208],[52.826087,49.425208],[50.869565,49.425208],[50.625,47.572551]]]}},{"type":"Feature","properties":{"resolution":3},"geometry":{"type":"Polygon","coordinates":[[[59.318182,51.266288],[58.695652,49.425208],[60.652174,49.425208],[62.608696,49.425208],[63.409091,51.266288],[64.285714,53.096471],[62.142857,53.096471],[60.0,53.096471],[59.318182,51.266288]]]}},{"type":"Feature","properties":{"resolution":3},"geometry":{"type":"Polygon","coordinates":[[[55.227273,51.266288],[54.782609,49.425208],[56.73913,49.425208],[58.695652,49.425208],[59.318182,51.266288],[60.0,53.096471],[57.857143,53.096471],[55.714286,53.096471],[55.227273,51.266288]]]}},{"type":"Feature","properties":{"resolution":3},"geometry":{"type":"Polygon","coordinates":[[[51.136364,51.266288],[50.869565,49.425208],[52.826087,49.425208],[54.782609,49.425208],[55.227273,51.266288],[55.714286,53.096471],[53.571429,53.096471],[51.428571,53.096471],[51.136364,51.266288]]]}},{"type":"Feature","properties":{"resolution":3},"geometry":{"type":"Polygon","coordinates":[[[46.730769,43.829636],[46.666667,41.937854],[48.333333,41.937854],[50.0,41.937854],[50.192308,43.829636],[50.4,45.707608],[48.6,45.707608],[46.8,45.707608],[46.730769,43.829636]]]}},{"type":"Feature","properties":{"resolution":3},"geometry":{"type":"Polygon","coordinates":[[[43.269231,43.829636],[43.333333,41.937854],[45.0,41.937854],[46.666667,41.937854],[46.730769,43.829636],[46.8,45.707608],[45.0,45.707608],[43.2,45.707608],[43.269231,43.829636]]]}},{"type":"Feature","properties":{"resolution":3},"geometry":{"type":"Polygon","coordinates":[[[39.807692,43.829636],[40.0,41.937854],[41.666667,41.937854],[43.333333,41.937854],[43.269231,43.829636],[43.2,45.707608],[41.4,45.707608],[39.6,45.707608],[39.807692,43.829636]]]}},{"type":"Feature","properties":{"resolution":3},"geometry":{"type":"Polygon","coordinates":[[[46.875,47.572551],[46.8,45.707608],[48.6,45.707608],[50.4,45.707608],[50.625,47.572551],[50.869565,49.425208],[48.913043,49.425208],[46.956522,49.425208],[46.875,47.572551]]]}},{"type":"Feature","properties":{"resolution":3},"geometry":{"type":"Polygon","coordinates":[[[43.125,47.572551],[43.2,45.707608],[45.0,45.707608],[46.8,45.707608],[46.875,47.572551],[46.956522,49.425208],[45.0,49.425208],[43.043478,49.425208],[43.125,47.572551]]]}},{"type":"Feature","properties":{"resolution":3},"geometry":{"type":"Polygon","coordinates":[[[39.375,47.572551],[39.6,45.707608],[41.4,45.707608],[43.2,45.707608],[43.125,47.572551],[43.043478,49.425208],[41.086957,49.425208],[39.130435,49.425208],[39.375,47.572551]]]}},{"type":"Feature","properties":{"resolution":3},"geometry":{"type":"Polygon","coordinates":[[[47.045455,51.266288],[46.956522,49.425208],[48.913043,49.425208],[50.869565,49.425208],[51.136364,51.266288],[51.428571,53.096471],[49.285714,53.096471],[47.142857,53.096471],[47.045455,51.266288]]]}},{"type":"Feature","properties":{"resolution":3},"geometry":{"type":"Polygon","coordinates":[[[42.954545,51.266288],[43.043478,49.425208],[45.0,49.425208],[46.956522,49.425208],[47.045455,51.266288],[47.142857,53.096471],[45.0,53.096471],[42.857143,53.096471],[42.954545,51.266288]]]}},{"type":"Feature","properties":{"resolution":3},"geometry":{"type":"Polygon","coordinates":[[[38.863636,51.266288],[39.130435,49.425208],[41.086957,49.425208],[43.043478,49.425208],[42.954545,51.266288],[42.857143,53.096471],[40.714286,53.096471],[38.571429,53.096471],[38.863636,51.266288]]]}},{"type":"Feature","properties":{"resolution":3},"geometry":{"type":"Polygon","coordinates":[[[36.346154,43.829636],[36.666667,41.937854],[38.333333,41.937854],[40.0,41.937854],[39.807692,43.829636],[39.6,45.707608],[37.8,45.707608],[36.0,45.707608],[36.346154,43.829636]]]}},{"type":"Feature","properties":{"resolution":3},"geometry":{"type":"Polygon","coordinates":[[[32.884615,43.829636],[33.333333,41.937854],[35.0,41.937854],[36.666667,41.937854],[36.346154,43.829636],[36.0,45.707608],[34.2,45.707608],[32.4,45.707608],[32.884615,43.829636]]]}},{"type":"Feature","properties":{"resolution":3},"geometry":{"type":"Polygon","coordinates":[[[29.423077,43.829636],[30.0,41.937854],[31.666667,41.937854],[33.333333,41.937854],[32.884615,43.829636],[32.4,45.707608],[30.6,45.707608],[28.8,45.707608],[29.423077,43.829636]]]}},{"type":"Feature","properties":{"resolution":3},"geometry":{"type":"Polygon","coordinates":[[[35.625,47.572551],[36.0,45.707608],[37.8,45.707608],[39.6,45.707608],[39.375,47.572551],[39.130435,49.425208],[37.173913,49.425208],[35.217391,49.425208],[35.625,47.572551]]]}},{"type":"Feature","properties":{"resolution":3},"geometry":{"type":"Polygon","coordinates":[[[31.875,47.572551],[32.4,45.707608],[34.2,45.707608],[36.0,45.707608],[35.625,47.572551],[35.217391,49.425208],[33.26087,49.425208],[31.304348,49.425208],[31.875,47.572551]]]}},{"type":"Feature","properties":{"resolution":3},"geometry":{"type":"Polygon","coordinates":[[[28.125,47.572551],[28.8,45.707608],[30.6,45.707608],[32.4,45.707608],[31.875,47.572551],[31.304348,49.425208],[29.347826,49.425208],[27.391304,49.425208],[28.125,47.572551]]]}},{"type":"Feature","properties":{"resolution":3},"geometry":{"type":"Polygon","coordinates":[[[34.772727,51.266288],[35.217391,49.425208],[37.173913,49.425208],[39.130435,49.425208],[38.863636,51.266288],[38.571429,53.096471],[36.428571,53.096471],[34.285714,53.096471],[34.772727,51.266288]]]}},{"type":"Feature","properties":{"resolution":3},"geometry":{"type":"Polygon","coordinates":[[[30.681818,51.266288],[31.304348,49.425208],[33.26087,49.425208],[35.217391,49.425208],[34.772727,51.266288],[34.285714,53.096471],[32.142857,53.096471],[30.0,53.096471],[30.681818,51.266288]]]}},{"type":"Feature","properties":{"resolution":3},"geometry":{"type":"Polygon","coordinates":[[[26.590909,51.266288],[27.391304,49.425208],[29.347826,49.425208],[31.304348,49.425208],[30.681818,51.266288],[30.0,53.096471],[27.857143,53.096471],[25.714286,53.096471],[26.590909,51.266288]]]}},{"type":"Feature","properties":{"resolution":2},"geometry":{"type":"Polygon","coordinates":[[[53.181818,61.214315],[52.5,58.528017],[51.923077,55.822729],[51.428571,53.096471],[54.642857,53.096471],[57.857143,53.096471],[61.071429,53.096471],[64.285714,53.096471],[65.769231,55.822729],[67.5,58.528017],[69.545455,61.214315],[72.0,63.883502],[67.5,63.883502],[63.0,63.883502],[58.5,63.883502],[54.0,63.883502],[53.181818,61.214315]]]}},{"type":"Feature","properties":{"resolution":2},"geometry":{"type":"Polygon","coordinates":[[[36.818182,61.214315],[37.5,58.528017],[38.076923,55.822729],[38.571429,53.096471],[41.785714,53.096471],[45.0,53.096471],[48.214286,53.096471],[51.428571,53.096471],[51.923077,55.822729],[52.5,58.528017],[53.181818,61.214315],[54.0,63.883502],[49.5,63.883502],[45.0,63.883502],[40.5,63.883502],[36.0,63.883502],[36.818182,61.214315]]]}},{"type":"Feature","properties":{"resolution":3},"geometry":{"type":"Polygon","coordinates":[[[33.75,54.916407],[34.285714,53.096471],[36.428571,53.096471],[38.571429,53.096471],[38.25,54.916407],[37.894737,56.726722],[35.526316,56.726722],[33.157895,56.726722],[33.75,54.916407]]]}},{"type":"Feature","properties":{"resolution":3},"geometry":{"type":"Polygon","coordinates":[[[29.25,54.916407],[30.0,53.096471],[32.142857,53.096471],[34.285714,53.096471],[33.75,54.916407],[33.157895,56.726722],[30.789474,56.726722],[28.421053,56.726722],[29.25,54.916407]]]}},{"type":"Feature","properties":{"resolution":3},"geometry":{"type":"Polygon","coordinates":[[[24.75,54.916407],[25.714286,53.096471],[27.857143,53.096471],[30.0,53.096471],[29.25,54.916407],[28.421053,56.726722],[26.052632,56.726722],[23.684211,56.726722],[24.75,54.916407]]]}},{"type":"Feature","properties":{"resolution":3},"geometry":{"type":"Polygon","coordinates":[[[32.5,58.528017],[33.157895,56.726722],[35.526316,56.726722],[37.894737,56.726722],[37.5,58.528017],[37.058824,60.320875],[34.411765,60.320875],[31.764706,60.320875],[32.5,58.528017]]]}},{"type":"Feature","properties":{"resolution":3},"geometry":{"type":"Polygon","coordinates":[[[27.5,58.528017],[28.421053,56.726722],[30.789474,56.726722],[33.157895,56.726722],[32.5,58.528017],[31.764706,60.320875],[29.117647,60.320875],[26.470588,60.320875],[27.5,58.528017]]]}},{"type":"Feature","properties":{"resolution":3},"geometry":{"type":"Polygon","coordinates":[[[22.5,58.528017],[23.684211,56.726722],[26.052632,56.726722],[28.421053,56.726722],[27.5,58.528017],[26.470588,60.320875],[23.823529,60.320875],[21.176471,60.320875],[22.5,58.528017]]]}},{"type":"Feature","properties":{"resolution":3},"geometry":{"type":"Polygon","coordinates":[[[30.9375,62.105855],[31.764706,60.320875],[34.411765,60.320875],[37.058824,60.320875],[36.5625,62.105855],[36.0,63.883502],[33.0,63.883502],[30.0,63.883502],[30.9375,62.105855]]]}},{"type":"Feature","properties":{"resolution":3},"geometry":{"type":"Polygon","coordinates":[[[25.3125,62.105855],[26.470588,60.320875],[29.117647,60.320875],[31.764706,60.320875],[30.9375,62.105855],[30.0,63.883502],[27.0,63.883502],[24.0,63.883502],[25.3125,62.105855]]]}},{"type":"Feature","properties":{"resolution":3},"geometry":{"type":"Polygon","coordinates":[[[19.6875,62.105855],[21.176471,60.320875],[23.823529,60.320875],[26.470588,60.320875],[25.3125,62.105855],[24.0,63.883502],[21.0,63.883502],[18.0,63.883502],[19.6875,62.105855]]]}},{"type":"Feature","properties":{"resolution":3},"geometry":{"type":"Polygon","coordinates":[[[67.5,65.654344],[66.0,63.883502],[69.0,63.883502],[72.0,63.883502],[73.928571,65.654344],[76.153846,67.418894],[72.692308,67.418894],[69.230769,67.418894],[67.5,65.654344]]]}},{"type":"Feature","properties":{"resolution":3},"geometry":{"type":"Polygon","coordinates":[[[61.071429,65.654344],[60.0,63.883502],[63.0,63.883502],[66.0,63.883502],[67.5,65.654344],[69.230769,67.418894],[65.769231,67.418894],[62.307692,67.418894],[61.071429,65.654344]]]}},{"type":"Feature","properties":{"resolution":3},"geometry":{"type":"Polygon","coordinates":[[[54.642857,65.654344],[54.0,63.883502],[57.0,63.883502],[60.0,63.883502],[61.071429,65.654344],[62.307692,67.418894],[58.846154,67.418894],[55.384615,67.418894],[54.642857,65.654344]]]}},{"type":"Feature","properties":{"resolution":3},"geometry":{"type":"Polygon","coordinates":[[[71.25,69.177653],[69.230769,67.418894],[72.692308,67.418894],[76.153846,67.418894],[78.75,69.177653],[81.818182,70.931108],[77.727273,70.931108],[73.636364,70.931108],[71.25,69.177653]]]}},{"type":"Feature","properties":{"resolution":3},"geometry":{"type":"Polygon","coordinates":[[[63.75,69.177653],[62.307692,67.418894],[65.769231,67.418894],[69.230769,67.418894],[71.25,69.177653],[73.636364,70.931108],[69.545455,70.931108],[65.454545,70.931108],[63.75,69.177653]]]}},{"type":"Feature","properties":{"resolution":3},"geometry":{"type":"Polygon","coordinates":[[[56.25,69.177653],[55.384615,67.418894],[58.846154,67.418894],[62.307692,67.418894],[63.75,69.177653],[65.454545,70.931108],[61.363636,70.931108],[57.272727,70.931108],[56.25,69.177653]]]}},{"type":"Feature","properties":{"resolution":3},"geometry":{"type":"Polygon","coordinates":[[[76.5,72.679736],[73.636364,70.931108],[77.727273,70.931108],[81.818182,70.931108],[85.5,72.679736],[90.0,74.424007],[85.0,74.424007],[80.0,74.424007],[76.5,72.679736]]]}},{"type":"Feature","properties":{"resolution":3},"geometry":{"type":"Polygon","coordinates":[[[67.5,72.679736],[65.454545,70.931108],[69.545455,70.931108],[73.636364,70.931108],[76.5,72.679736],[80.0,74.424007],[75.0,74.424007],[70.0,74.424007],[67.5,72.679736]]]}},{"type":"Feature","properties":{"resolution":3},"geometry":{"type":"Polygon","coordinates":[[[48.214286,65.654344],[48.0,63.883502],[51.0,63.883502],[54.0,63.883502],[54.642857,65.654344],[55.384615,67.418894],[51.923077,67.418894],[48.461538,67.418894],[48.214286,65.654344]]]}},{"type":"Feature","properties":{"resolution":3},"geometry":{"type":"Polygon","coordinates":[[[41.785714,65.654344],[42.0,63.883502],[45.0,63.883502],[48.0,63.883502],[48.214286,65.654344],[48.461538,67.418894],[45.0,67.418894],[41.538462,67.418894],[41.785714,65.654344]]]}},{"type":"Feature","properties":{"resolution":3},"geometry":{"type":"Polygon","coordinates":[[[35.357143,65.654344],[36.0,63.883502],[39.0,63.883502],[42.0,63.883502],[41.785714,65.654344],[41.538462,67.418894],[38.076923,67.418894],[34.615385,67.418894],[35.357143,65.654344]]]}},{"type":"Feature","properties":{"resolution":3},"geometry":{"type":"Polygon","coordinates":[[[48.75,69.177653],[48.461538,67.418894],[51.923077,67.418894],[55.384615,67.418894],[56.25,69.177653],[57.272727,70.931108],[53.181818,70.931108],[49.090909,70.931108],[48.75,69.177653]]]}},{"type":"Feature","properties":{"resolution":3},"geometry":{"type":"Polygon","coordinates":[[[41.25,69.177653],[41.538462,67.418894],[45.0,67.418894],[48.461538,67.418894],[48.75,69.177653],[49.090909,70.931108],[45.0,70.931108],[40.909091,70.931108],[41.25,69.177653]]]}},{"type":"Feature","properties":{"resolution":3},"geometry":{"type":"Polygon","coordinates":[[[33.75,69.177653],[34.615385,67.418894],[38.076923,67.418894],[41.538462,67.418894],[41.25,69.177653],[40.909091,70.931108],[36.818182,70.931108],[32.727273,70.931108],[33.75,69.177653]]]}},{"type":"Feature","properties":{"resolution":3},"geometry":{"type":"Polygon","coordinates":[[[49.5,72.679736],[49.090909,70.931108],[53.181818,70.931108],[57.272727,70.931108],[58.5,72.679736],[60.0,74.424007],[55.0,74.424007],[50.0,74.424007],[49.5,72.679736]]]}},{"type":"Feature","properties":{"resolution":3},"geometry":{"type":"Polygon","coordinates":[[[28.928571,65.654344],[30.0,63.883502],[33.0,63.883502],[36.0,63.883502],[35.357143,65.654344],[34.615385,67.418894],[31.153846,67.418894],[27.692308,67.418894],[28.928571,65.654344]]]}},{"type":"Feature","properties":{"resolution":3},"geometry":{"type":"Polygon","coordinates":[[[22.5,65.654344],[24.0,63.883502],[27.0,63.883502],[30.0,63.883502],[28.928571,65.654344],[27.692308,67.418894],[24.230769,67.418894],[20.769231,67.418894],[22.5,65.654344]]]}},{"type":"Feature","properties":{"resolution":3},"geometry":{"type":"Polygon","coordinates":[[[16.071429,65.654344],[18.0,63.883502],[21.0,63.883502],[24.0,63.883502],[22.5,65.654344],[20.769231,67.418894],[17.307692,67.418894],[13.846154,67.418894],[16.071429,65.654344]]]}},{"type":"Feature","properties":{"resolution":3},"geometry":{"type":"Polygon","coordinates":[[[26.25,69.177653],[27.692308,67.418894],[31.153846,67.418894],[34.615385,67.418894],[33.75,69.177653],[32.727273,70.931108],[28.636364,70.931108],[24.545455,70.931108],[26.25,69.177653]]]}},{"type":"Feature","properties":{"resolution":3},"geometry":{"type":"Polygon","coordinates":[[[18.75,69.177653],[20.769231,67.418894],[24.230769,67.418894],[27.692308,67.418894],[26.25,69.177653],[24.545455,70.931108],[20.454545,70.931108],[16.363636,70.931108],[18.75,69.177653]]]}},{"type":"Feature","properties":{"resolution":3},"geometry":{"type":"Polygon","coordinates":[[[11.25,69.177653],[13.846154,67.418894],[17.307692,67.418894],[20.769231,67.418894],[18.75,69.177653],[16.363636,70.931108],[12.272727,70.931108],[8.181818,70.931108],[11.25,69.177653]]]}},{"type":"Feature","properties":{"resolution":3},"geometry":{"type":"Polygon","coordinates":[[[22.5,72.679736],[24.545455,70.931108],[28.636364,70.931108],[32.727273,70.931108],[31.5,72.679736],[30.0,74.424007],[25.0,74.424007],[20.0,74.424007],[22.5,72.679736]]]}},{"type":"Feature","properties":{"resolution":3},"geometry":{"type":"Polygon","coordinates":[[[13.5,72.679736],[16.363636,70.931108],[20.454545,70.931108],[24.545455,70.931108],[22.5,72.679736],[20.0,74.424007],[15.0,74.424007],[10.0,74.424007],[13.5,72.679736]]]}},{"type":"Feature","properties":{"resolution":3},"geometry":{"type":"Polygon","coordinates":[[[25.961538,43.829636],[26.666667,41.937854],[28.333333,41.937854],[30.0,41.937854],[29.423077,43.829636],[28.8,45.707608],[27.0,45.707608],[25.2,45.707608],[25.961538,43.829636]]]}},{"type":"Feature","properties":{"resolution":3},"geometry":{"type":"Polygon","coordinates":[[[22.5,43.829636],[23.333333,41.937854],[25.0,41.937854],[26.666667,41.937854],[25.961538,43.829636],[25.2,45.707608],[23.4,45.707608],[21.6,45.707608],[22.5,43.829636]]]}},{"type":"Feature","properties":{"resolution":3},"geometry":{"type":"Polygon","coordinates":[[[19.038462,43.829636],[20.0,41.937854],[21.666667,41.937854],[23.333333,41.937854],[22.5,43.829636],[21.6,45.707608],[19.8,45.707608],[18.0,45.707608],[19.038462,43.829636]]]}},{"type":"Feature","properties":{"resolution":3},"geometry":{"type":"Polygon","coordinates":[[[24.375,47.572551],[25.2,45.707608],[27.0,45.707608],[28.8,45.707608],[28.125,47.572551],[27.391304,49.425208],[25.434783,49.425208],[23.478261,49.425208],[24.375,47.572551]]]}},{"type":"Feature","properties":{"resolution":3},"geometry":{"type":"Polygon","coordinates":[[[20.625,47.572551],[21.6,45.707608],[23.4,45.707608],[25.2,45.707608],[24.375,47.572551],[23.478261,49.425208],[21.521739,49.425208],[19.565217,49.425208],[20.625,47.572551]]]}},{"type":"Feature","properties":{"resolution":3},"geometry":{"type":"Polygon","coordinates":[[[16.875,47.572551],[18.0,45.707608],[19.8,45.707608],[21.6,45.707608],[20.625,47.572551],[19.565217,49.425208],[17.608696,49.425208],[15.652174,49.425208],[16.875,47.572551]]]}},{"type":"Feature","properties":{"resolution":3},"geometry":{"type":"Polygon","coordinates":[[[22.5,51.266288],[23.478261,49.425208],[25.434783,49.425208],[27.391304,49.425208],[26.590909,51.266288],[25.714286,53.096471],[23.571429,53.096471],[21.428571,53.096471],[22.5,51.266288]]]}},{"type":"Feature","properties":{"resolution":3},"geometry":{"type":"Polygon","coordinates":[[[18.409091,51.266288],[19.565217,49.425208],[21.521739,49.425208],[23.478261,49.425208],[22.5,51.266288],[21.428571,53.096471],[19.285714,53.096471],[17.142857,53.096471],[18.409091,51.266288]]]}},{"type":"Feature","properties":{"resolution":3},"geometry":{"type":"Polygon","coordinates":[[[14.318182,51.266288],[15.652174,49.425208],[17.608696,49.425208],[19.565217,49.425208],[18.409091,51.266288],[17.142857,53.096471],[15.0,53.096471],[12.857143,53.096471],[14.318182,51.266288]]]}},{"type":"Feature","properties":{"resolution":3},"geometry":{"type":"Polygon","coordinates":[[[15.576923,43.829636],[16.666667,41.937854],[18.333333,41.937854],[20.0,41.937854],[19.038462,43.829636],[18.0,45.707608],[16.2,45.707608],[14.4,45.707608],[15.576923,43.829636]]]}},{"type":"Feature","properties":{"resolution":3},"geometry":{"type":"Polygon","coordinates":[[[12.115385,43.829636],[13.333333,41.937854],[15.0,41.937854],[16.666667,41.937854],[15.576923,43.829636],[14.4,45.707608],[12.6,45.707608],[10.8,45.707608],[12.115385,43.829636]]]}},{"type":"Feature","properties":{"resolution":3},"geometry":{"type":"Polygon","coordinates":[[[8.653846,43.829636],[10.0,41.937854],[11.666667,41.937854],[13.333333,41.937854],[12.115385,43.829636],[10.8,45.707608],[9.0,45.707608],[7.2,45.707608],[8.653846,43.829636]]]}},{"type":"Feature","properties":{"resolution":3},"geometry":{"type":"Polygon","coordinates":[[[13.125,47.572551],[14.4,45.707608],[16.2,45.707608],[18.0,45.707608],[16.875,47.572551],[15.652174,49.425208],[13.695652,49.425208],[11.73913,49.425208],[13.125,47.572551]]]}},{"type":"Feature","properties":{"resolution":3},"geometry":{"type":"Polygon","coordinates":[[[9.375,47.572551],[10.8,45.707608],[12.6,45.707608],[14.4,45.707608],[13.125,47.572551],[11.73913,49.425208],[9.782609,49.425208],[7.826087,49.425208],[9.375,47.572551]]]}},{"type":"Feature","properties":{"resolution":3},"geometry":{"type":"Polygon","coordinates":[[[5.625,47.572551],[7.2,45.707608],[9.0,45.707608],[10.8,45.707608],[9.375,47.572551],[7.826087,49.425208],[5.869565,49.425208],[3.913043,49.425208],[5.625,47.572551]]]}},{"type":"Feature","properties":{"resolution":3},"geometry":{"type":"Polygon","coordinates":[[[10.227273,51.266288],[11.73913,49.425208],[13.695652,49.425208],[15.652174,49.425208],[14.318182,51.266288],[12.857143,53.096471],[10.714286,53.096471],[8.571429,53.096471],[10.227273,51.266288]]]}},{"type":"Feature","properties":{"resolution":3},"geometry":{"type":"Polygon","coordinates":[[[6.136364,51.266288],[7.826087,49.425208],[9.782609,49.425208],[11.73913,49.425208],[10.227273,51.266288],[8.571429,53.096471],[6.428571,53.096471],[4.285714,53.096471],[6.136364,51.266288]]]}},{"type":"Feature","properties":{"resolution":3},"geometry":{"type":"Polygon","coordinates":[[[2.045455,51.266288],[3.913043,49.425208],[5.869565,49.425208],[7.826087,49.425208],[6.136364,51.266288],[4.285714,53.096471],[2.142857,53.096471],[0.0,53.096471],[2.045455,51.266288]]]}},{"type":"Feature","properties":{"resolution":3},"geometry":{"type":"Polygon","coordinates":[[[5.192308,43.829636],[6.666667,41.937854],[8.333333,41.937854],[10.0,41.937854],[8.653846,43.829636],[7.2,45.707608],[5.4,45.707608],[3.6,45.707608],[5.192308,43.829636]]]}},{"type":"Feature","properties":{"resolution":3},"geometry":{"type":"Polygon","coordinates":[[[1.730769,43.829636],[3.333333,41.937854],[5.0,41.937854],[6.666667,41.937854],[5.192308,43.829636],[3.6,45.707608],[1.8,45.707608],[0.0,45.707608],[1.730769,43.829636]]]}},{"type":"Feature","properties":{"resolution":3},"geometry":{"type":"Polygon","coordinates":[[[-1.730769,43.829636],[-3.333333,41.937854],[-1.666667,41.937854],[0.0,41.937854],[1.666667,41.937854],[3.333333,41.937854],[1.730769,43.829636],[0.0,45.707608],[-1.730769,43.829636]]]}},{"type":"Feature","properties":{"resolution":3},"geometry":{"type":"Polygon","coordinates":[[[1.875,47.572551],[3.6,45.707608],[5.4,45.707608],[7.2,45.707608],[5.625,47.572551],[3.913043,49.425208],[1.956522,49.425208],[0.0,49.425208],[1.875,47.572551]]]}},{"type":"Feature","properties":{"resolution":3},"geometry":{"type":"Polygon","coordinates":[[[-1.875,47.572551],[-3.6,45.707608],[-1.8,45.707608],[0.0,45.707608],[1.8,45.707608],[3.6,45.707608],[1.875,47.572551],[0.0,49.425208],[-1.875,47.572551]]]}},{"type":"Feature","properties":{"resolution":3},"geometry":{"type":"Polygon","coordinates":[[[-5.192308,43.829636],[-6.666667,41.937854],[-5.0,41.937854],[-3.333333,41.937854],[-1.730769,43.829636],[0.0,45.707608],[-1.8,45.707608],[-3.6,45.707608],[-5.192308,43.829636]]]}},{"type":"Feature","properties":{"resolution":3},"geometry":{"type":"Polygon","coordinates":[[[-2.045455,51.266288],[-3.913043,49.425208],[-1.956522,49.425208],[0.0,49.425208],[1.956522,49.425208],[3.913043,49.425208],[2.045455,51.266288],[0.0,53.096471],[-2.045455,51.266288]]]}},{"type":"Feature","properties":{"resolution":3},"geometry":{"type":"Polygon","coordinates":[[[-5.625,47.572551],[-7.2,45.707608],[-5.4,45.707608],[-3.6,45.707608],[-1.875,47.572551],[0.0,49.425208],[-1.956522,49.425208],[-3.913043,49.425208],[-5.625,47.572551]]]}},{"type":"Feature","properties":{"resolution":3},"geometry":{"type":"Polygon","coordinates":[[[-8.653846,43.829636],[-10.0,41.937854],[-8.333333,41.937854],[-6.666667,41.937854],[-5.192308,43.829636],[-3.6,45.707608],[-5.4,45.707608],[-7.2,45.707608],[-8.653846,43.829636]]]}},{"type":"Feature","properties":{"resolution":3},"geometry":{"type":"Polygon","coordinates":[[[20.25,54.916407],[21.428571,53.096471],[23.571429,53.096471],[25.714286,53.096471],[24.75,54.916407],[23.684211,56.726722],[21.315789,56.726722],[18.947368,56.726722],[20.25,54.916407]]]}},{"type":"Feature","properties":{"resolution":3},"geometry":{"type":"Polygon","coordinates":[[[15.75,54.916407],[17.142857,53.096471],[19.285714,53.096471],[21.428571,53.096471],[20.25,54.916407],[18.947368,56.726722],[16.578947,56.726722],[14.210526,56.726722],[15.75,54.916407]]]}},{"type":"Feature","properties":{"resolution":3},"geometry":{"type":"Polygon","coordinates":[[[11.25,54.916407],[12.857143,53.096471],[15.0,53.096471],[17.142857,53.096471],[15.75,54.916407],[14.210526,56.726722],[11.842105,56.726722],[9.473684,56.726722],[11.25,54.916407]]]}},{"type":"Feature","properties":{"resolution":3},"geometry":{"type":"Polygon","coordinates":[[[17.5,58.528017],[18.947368,56.726722],[21.315789,56.726722],[23.684211,56.726722],[22.5,58.528017],[21.176471,60.320875],[18.529412,60.320875],[15.882353,60.320875],[17.5,58.528017]]]}},{"type":"Feature","properties":{"resolution":3},"geometry":{"type":"Polygon","coordinates":[[[12.5,58.528017],[14.210526,56.726722],[16.578947,56.726722],[18.947368,56.726722],[17.5,58.528017],[15.882353,60.320875],[13.235294,60.320875],[10.588235,60.320875],[12.5,58.528017]]]}},{"type":"Feature","properties":{"resolution":3},"geometry":{"type":"Polygon","coordinates":[[[7.5,58.528017],[9.473684,56.726722],[11.842105,56.726722],[14.210526,56.726722],[12.5,58.528017],[10.588235,60.320875],[7.941176,60.320875],[5.294118,60.320875],[7.5,58.528017]]]}},{"type":"Feature","properties":{"resolution":3},"geometry":{"type":"Polygon","coordinates":[[[14.0625,62.105855],[15.882353,60.320875],[18.529412,60.320875],[21.176471,60.320875],[19.6875,62.105855],[18.0,63.883502],[15.0,63.883502],[12.0,63.883502],[14.0625,62.105855]]]}},{"type":"Feature","properties":{"resolution":3},"geometry":{"type":"Polygon","coordinates":[[[8.4375,62.105855],[10.588235,60.320875],[13.235294,60.320875],[15.882353,60.320875],[14.0625,62.105855],[12.0,63.883502],[9.0,63.883502],[6.0,63.883502],[8.4375,62.105855]]]}},{"type":"Feature","properties":{"resolution":3},"geometry":{"type":"Polygon","coordinates":[[[2.8125,62.105855],[5.294118,60.320875],[7.941176,60.320875],[10.588235,60.320875],[8.4375,62.105855],[6.0,63.883502],[3.0,63.883502],[0.0,63.883502],[2.8125,62.105855]]]}},{"type":"Feature","properties":{"resolution":3},"geometry":{"type":"Polygon","coordinates":[[[6.75,54.916407],[8.571429,53.096471],[10.714286,53.096471],[12.857143,53.096471],[11.25,54.916407],[9.473684,56.726722],[7.105263,56.726722],[4.736842,56.726722],[6.75,54.916407]]]}},{"type":"Feature","properties":{"resolution":3},"geometry":{"type":"Polygon","coordinates":[[[2.25,54.916407],[4.285714,53.096471],[6.428571,53.096471],[8.571429,53.096471],[6.75,54.916407],[4.736842,56.726722],[2.368421,56.726722],[0.0,56.726722],[2.25,54.916407]]]}},{"type":"Feature","properties":{"resolution":3},"geometry":{"type":"Polygon","coordinates":[[[-2.25,54.916407],[-4.285714,53.096471],[-2.142857,53.096471],[0.0,53.096471],[2.142857,53.096471],[4.285714,53.096471],[2.25,54.916407],[0.0,56.726722],[-2.25,54.916407]]]}},{"type":"Feature","properties":{"resolution":3},"geometry":{"type":"Polygon","coordinates":[[[2.5,58.528017],[4.736842,56.726722],[7.105263,56.726722],[9.473684,56.726722],[7.5,58.528017],[5.294118,60.320875],[2.647059,60.320875],[0.0,60.320875],[2.5,58.528017]]]}},{"type":"Feature","properties":{"resolution":3},"geometry":{"type":"Polygon","coordinates":[[[-2.5,58.528017],[-4.736842,56.726722],[-2.368421,56.726722],[0.0,56.726722],[2.368421,56.726722],[4.736842,56.726722],[2.5,58.528017],[0.0,60.320875],[-2.5,58.528017]]]}},{"type":"Feature","properties":{"resolution":3},"geometry":{"type":"Polygon","coordinates":[[[-6.75,54.916407],[-8.571429,53.096471],[-6.428571,53.096471],[-4.285714,53.096471],[-2.25,54.916407],[0.0,56.726722],[-2.368421,56.726722],[-4.736842,56.726722],[-6.75,54.916407]]]}},{"type":"Feature","properties":{"resolution":3},"geometry":{"type":"Polygon","coordinates":[[[-2.8125,62.105855],[-5.294118,60.320875],[-2.647059,60.320875],[0.0,60.320875],[2.647059,60.320875],[5.294118,60.320875],[2.8125,62.105855],[0.0,63.883502],[-2.8125,62.105855]]]}},{"type":"Feature","properties":{"resolution":3},"geometry":{"type":"Polygon","coordinates":[[[-7.5,58.528017],[-9.473684,56.726722],[-7.105263,56.726722],[-4.736842,56.726722],[-2.5,58.528017],[0.0,60.320875],[-2.647059,60.320875],[-5.294118,60.320875],[-7.5,58.528017]]]}},{"type":"Feature","properties":{"resolution":3},"geometry":{"type":"Polygon","coordinates":[[[-11.25,54.916407],[-12.857143,53.096471],[-10.714286,53.096471],[-8.571429,53.096471],[-6.75,54.916407],[-4.736842,56.726722],[-7.105263,56.726722],[-9.473684,56.726722],[-11.25,54.916407]]]}},{"type":"Feature","properties":{"resolution":3},"geometry":{"type":"Polygon","coordinates":[[[-6.136364,51.266288],[-7.826087,49.425208],[-5.869565,49.425208],[-3.913043,49.425208],[-2.045455,51.266288],[0.0,53.096471],[-2.142857,53.096471],[-4.285714,53.096471],[-6.136364,51.266288]]]}},{"type":"Feature","properties":{"resolution":3},"geometry":{"type":"Polygon","coordinates":[[[-12.115385,43.829636],[-13.333333,41.937854],[-11.666667,41.937854],[-10.0,41.937854],[-8.653846,43.829636],[-7.2,45.707608],[-9.0,45.707608],[-10.8,45.707608],[-12.115385,43.829636]]]}},{"type":"Feature","properties":{"resolution":3},"geometry":{"type":"Polygon","coordinates":[[[-10.227273,51.266288],[-11.73913,49.425208],[-9.782609,49.425208],[-7.826087,49.425208],[-6.136364,51.266288],[-4.285714,53.096471],[-6.428571,53.096471],[-8.571429,53.096471],[-10.227273,51.266288]]]}},{"type":"Feature","properties":{"resolution":3},"geometry":{"type":"Polygon","coordinates":[[[-14.318182,51.266288],[-15.652174,49.425208],[-13.695652,49.425208],[-11.73913,49.425208],[-10.227273,51.266288],[-8.571429,53.096471],[-10.714286,53.096471],[-12.857143,53.096471],[-14.318182,51.266288]]]}},{"type":"Feature","properties":{"resolution":3},"geometry":{"type":"Polygon","coordinates":[[[9.642857,65.654344],[12.0,63.883502],[15.0,63.883502],[18.0,63.883502],[16.071429,65.654344],[13.846154,67.418894],[10.384615,67.418894],[6.923077,67.418894],[9.642857,65.654344]]]}},{"type":"Feature","properties":{"resolution":3},"geometry":{"type":"Polygon","coordinates":[[[3.214286,65.654344],[6.0,63.883502],[9.0,63.883502],[12.0,63.883502],[9.642857,65.654344],[6.923077,67.418894],[3.461538,67.418894],[0.0,67.418894],[3.214286,65.654344]]]}},{"type":"Feature","properties":{"resolution":3},"geometry":{"type":"Polygon","coordinates":[[[-16.071429,65.654344],[-18.0,63.883502],[-15.0,63.883502],[-12.0,63.883502],[-9.642857,65.654344],[-6.923077,67.418894],[-10.384615,67.418894],[-13.846154,67.418894],[-16.071429,65.654344]]]}},{"type":"Feature","properties":{"resolution":3},"geometry":{"type":"Polygon","coordinates":[[[-19.6875,62.105855],[-21.176471,60.320875],[-18.529412,60.320875],[-15.882353,60.320875],[-14.0625,62.105855],[-12.0,63.883502],[-15.0,63.883502],[-18.0,63.883502],[-19.6875,62.105855]]]}},{"type":"Feature","properties":{"resolution":2},"geometry":{"type":"Polygon","coordinates":[[[117.0,50.347152],[118.125,47.572551],[119.117647,44.770298],[120.0,41.937854],[122.5,41.937854],[125.0,41.937854],[127.5,41.937854],[130.0,41.937854],[129.705882,44.770298],[129.375,47.572551],[129.0,50.347152],[128.571429,53.096471],[125.357143,53.096471],[122.142857,53.096471],[118.928571,53.096471],[115.714286,53.096471],[117.0,50.347152]]]}},{"type":"Feature","properties":{"resolution":2},"geometry":{"type":"Polygon","coordinates":[[[110.454545,61.214315],[112.5,58.528017],[114.230769,55.822729],[115.714286,53.096471],[118.928571,53.096471],[122.142857,53.096471],[125.357143,53.096471],[128.571429,53.096471],[128.076923,55.822729],[127.5,58.528017],[126.818182,61.214315],[126.0,63.883502],[121.5,63.883502],[117.0,63.883502],[112.5,63.883502],[108.0,63.883502],[110.454545,61.214315]]]}},{"type":"Feature","properties":{"resolution":3},"geometry":{"type":"Polygon","coordinates":[[[106.071429,65.654344],[108.0,63.883502],[111.0,63.883502],[114.0,63.883502],[112.5,65.654344],[110.769231,67.418894],[107.307692,67.418894],[103.846154,67.418894],[106.071429,65.654344]]]}},{"type":"Feature","properties":{"resolution":3},"geometry":{"type":"Polygon","coordinates":[[[101.25,69.177653],[103.846154,67.418894],[107.307692,67.418894],[110.769231,67.418894],[108.75,69.177653],[106.363636,70.931108],[102.272727,70.931108],[98.181818,70.931108],[101.25,69.177653]]]}},{"type":"Feature","properties":{"resolution":3},"geometry":{"type":"Polygon","coordinates":[[[94.5,72.679736],[98.181818,70.931108],[102.272727,70.931108],[106.363636,70.931108],[103.5,72.679736],[100.0,74.424007],[95.0,74.424007],[90.0,74.424007],[94.5,72.679736]]]}},{"type":"Feature","properties":{"resolution":3},"geometry":{"type":"Polygon","coordinates":[[[112.5,65.654344],[114.0,63.883502],[117.0,63.883502],[120.0,63.883502],[118.928571,65.654344],[117.692308,67.418894],[114.230769,67.418894],[110.769231,67.418894],[112.5,65.654344]]]}},{"type":"Feature","properties":{"resolution":3},"geometry":{"type":"Polygon","coordinates":[[[108.75,69.177653],[110.769231,67.418894],[114.230769,67.418894],[117.692308,67.418894],[116.25,69.177653],[114.545455,70.931108],[110.454545,70.931108],[106.363636,70.931108],[108.75,69.177653]]]}},{"type":"Feature","properties":{"resolution":3},"geometry":{"type":"Polygon","coordinates":[[[103.5,72.679736],[106.363636,70.931108],[110.454545,70.931108],[114.545455,70.931108],[112.5,72.679736],[110.0,74.424007],[105.0,74.424007],[100.0,74.424007],[103.5,72.679736]]]}},{"type":"Feature","properties":{"resolution":3},"geometry":{"type":"Polygon","coordinates":[[[118.928571,65.654344],[120.0,63.883502],[123.0,63.883502],[126.0,63.883502],[125.357143,65.654344],[124.615385,67.418894],[121.153846,67.418894],[117.692308,67.418894],[118.928571,65.654344]]]}},{"type":"Feature","properties":{"resolution":3},"geometry":{"type":"Polygon","coordinates":[[[116.25,69.177653],[117.692308,67.418894],[121.153846,67.418894],[124.615385,67.418894],[123.75,69.177653],[122.727273,70.931108],[118.636364,70.931108],[114.545455,70.931108],[116.25,69.177653]]]}},{"type":"Feature","properties":{"resolution":3},"geometry":{"type":"Polygon","coordinates":[[[112.5,72.679736],[114.545455,70.931108],[118.636364,70.931108],[122.727273,70.931108],[121.5,72.679736],[120.0,74.424007],[115.0,74.424007],[110.0,74.424007],[112.5,72.679736]]]}},{"type":"Feature","properties":{"resolution":3},"geometry":{"type":"Polygon","coordinates":[[[129.807692,43.829636],[130.0,41.937854],[131.666667,41.937854],[133.333333,41.937854],[133.269231,43.829636],[133.2,45.707608],[131.4,45.707608],[129.6,45.707608],[129.807692,43.829636]]]}},{"type":"Feature","properties":{"resolution":3},"geometry":{"type":"Polygon","coordinates":[[[129.375,47.572551],[129.6,45.707608],[131.4,45.707608],[133.2,45.707608],[133.125,47.572551],[133.043478,49.425208],[131.086957,49.425208],[129.130435,49.425208],[129.375,47.572551]]]}},{"type":"Feature","properties":{"resolution":3},"geometry":{"type":"Polygon","coordinates":[[[128.863636,51.266288],[129.130435,49.425208],[131.086957,49.425208],[133.043478,49.425208],[132.954545,51.266288],[132.857143,53.096471],[130.714286,53.096471],[128.571429,53.096471],[128.863636,51.266288]]]}},{"type":"Feature","properties":{"resolution":3},"geometry":{"type":"Polygon","coordinates":[[[133.269231,43.829636],[133.333333,41.937854],[135.0,41.937854],[136.666667,41.937854],[136.730769,43.829636],[136.8,45.707608],[135.0,45.707608],[133.2,45.707608],[133.269231,43.829636]]]}},{"type":"Feature","properties":{"resolution":3},"geometry":{"type":"Polygon","coordinates":[[[133.125,47.572551],[133.2,45.707608],[135.0,45.707608],[136.8,45.707608],[136.875,47.572551],[136.956522,49.425208],[135.0,49.425208],[133.043478,49.425208],[133.125,47.572551]]]}},{"type":"Feature","properties":{"resolution":3},"geometry":{"type":"Polygon","coordinates":[[[132.954545,51.266288],[133.043478,49.425208],[135.0,49.425208],[136.956522,49.425208],[137.045455,51.266288],[137.142857,53.096471],[135.0,53.096471],[132.857143,53.096471],[132.954545,51.266288]]]}},{"type":"Feature","properties":{"resolution":3},"geometry":{"type":"Polygon","coordinates":[[[136.730769,43.829636],[136.666667,41.937854],[138.333333,41.937854],[140.0,41.937854],[140.192308,43.829636],[140.4,45.707608],[138.6,45.707608],[136.8,45.707608],[136.730769,43.829636]]]}},{"type":"Feature","properties":{"resolution":3},"geometry":{"type":"Polygon","coordinates":[[[136.875,47.572551],[136.8,45.707608],[138.6,45.707608],[140.4,45.707608],[140.625,47.572551],[140.869565,49.425208],[138.913043,49.425208],[136.956522,49.425208],[136.875,47.572551]]]}},{"type":"Feature","properties":{"resolution":3},"geometry":{"type":"Polygon","coordinates":[[[137.045455,51.266288],[136.956522,49.425208],[138.913043,49.425208],[140.869565,49.425208],[141.136364,51.266288],[141.428571,53.096471],[139.285714,53.096471],[137.142857,53.096471],[137.045455,51.266288]]]}},{"type":"Feature","properties":{"resolution":3},"geometry":{"type":"Polygon","coordinates":[[[128.25,54.916407],[128.571429,53.096471],[130.714286,53.096471],[132.857143,53.096471],[132.75,54.916407],[132.631579,56.726722],[130.263158,56.726722],[127.894737,56.726722],[128.25,54.916407]]]}},{"type":"Feature","properties":{"resolution":3},"geometry":{"type":"Polygon","coordinates":[[[127.5,58.528017],[127.894737,56.726722],[130.263158,56.726722],[132.631579,56.726722],[132.5,58.528017],[132.352941,60.320875],[129.705882,60.320875],[127.058824,60.320875],[127.5,58.528017]]]}},{"type":"Feature","properties":{"resolution":3},"geometry":{"type":"Polygon","coordinates":[[[126.5625,62.105855],[127.058824,60.320875],[129.705882,60.320875],[132.352941,60.320875],[132.1875,62.105855],[132.0,63.883502],[129.0,63.883502],[126.0,63.883502],[126.5625,62.105855]]]}},{"type":"Feature","properties":{"resolution":3},"geometry":{"type":"Polygon","coordinates":[[[132.75,54.916407],[132.857143,53.096471],[135.0,53.096471],[137.142857,53.096471],[137.25,54.916407],[137.368421,56.726722],[135.0,56.726722],[132.631579,56.726722],[132.75,54.916407]]]}},{"type":"Feature","properties":{"resolution":3},"geometry":{"type":"Polygon","coordinates":[[[132.5,58.528017],[132.631579,56.726722],[135.0,56.726722],[137.368421,56.726722],[137.5,58.528017],[137.647059,60.320875],[135.0,60.320875],[132.352941,60.320875],[132.5,58.528017]]]}},{"type":"Feature","properties":{"resolution":3},"geometry":{"type":"Polygon","coordinates":[[[132.1875,62.105855],[132.352941,60.320875],[135.0,60.320875],[137.647059,60.320875],[137.8125,62.105855],[138.0,63.883502],[135.0,63.883502],[132.0,63.883502],[132.1875,62.105855]]]}},{"type":"Feature","properties":{"resolution":3},"geometry":{"type":"Polygon","coordinates":[[[137.25,54.916407],[137.142857,53.096471],[139.285714,53.096471],[141.428571,53.096471],[141.75,54.916407],[142.105263,56.726722],[139.736842,56.726722],[137.368421,56.726722],[137.25,54.916407]]]}},{"type":"Feature","properties":{"resolution":3},"geometry":{"type":"Polygon","coordinates":[[[137.5,58.528017],[137.368421,56.726722],[139.736842,56.726722],[142.105263,56.726722],[142.5,58.528017],[142.941176,60.320875],[140.294118,60.320875],[137.647059,60.320875],[137.5,58.528017]]]}},{"type":"Feature","properties":{"resolution":3},"geometry":{"type":"Polygon","coordinates":[[[137.8125,62.105855],[137.647059,60.320875],[140.294118,60.320875],[142.941176,60.320875],[143.4375,62.105855],[144.0,63.883502],[141.0,63.883502],[138.0,63.883502],[137.8125,62.105855]]]}},{"type":"Feature","properties":{"resolution":3},"geometry":{"type":"Polygon","coordinates":[[[125.357143,65.654344],[126.0,63.883502],[129.0,63.883502],[132.0,63.883502],[131.785714,65.654344],[131.538462,67.418894],[128.076923,67.418894],[124.615385,67.418894],[125.357143,65.654344]]]}},{"type":"Feature","properties":{"resolution":3},"geometry":{"type":"Polygon","coordinates":[[[123.75,69.177653],[124.615385,67.418894],[128.076923,67.418894],[131.538462,67.418894],[131.25,69.177653],[130.909091,70.931108],[126.818182,70.931108],[122.727273,70.931108],[123.75,69.177653]]]}},{"type":"Feature","properties":{"resolution":3},"geometry":{"type":"Polygon","coordinates":[[[121.5,72.679736],[122.727273,70.931108],[126.818182,70.931108],[130.909091,70.931108],[130.5,72.679736],[130.0,74.424007],[125.0,74.424007],[120.0,74.424007],[121.5,72.679736]]]}},{"type":"Feature","properties":{"resolution":3},"geometry":{"type":"Polygon","coordinates":[[[131.785714,65.654344],[132.0,63.883502],[135.0,63.883502],[138.0,63.883502],[138.214286,65.654344],[138.461538,67.418894],[135.0,67.418894],[131.538462,67.418894],[131.785714,65.654344]]]}},{"type":"Feature","properties":{"resolution":3},"geometry":{"type":"Polygon","coordinates":[[[131.25,69.177653],[131.538462,67.418894],[135.0,67.418894],[138.461538,67.418894],[138.75,69.177653],[139.090909,70.931108],[135.0,70.931108],[130.909091,70.931108],[131.25,69.177653]]]}},{"type":"Feature","properties":{"resolution":3},"geometry":{"type":"Polygon","coordinates":[[[130.5,72.679736],[130.909091,70.931108],[135.0,70.931108],[139.090909,70.931108],[139.5,72.679736],[140.0,74.424007],[135.0,74.424007],[130.0,74.424007],[130.5,72.679736]]]}},{"type":"Feature","properties":{"resolution":3},"geometry":{"type":"Polygon","coordinates":[[[138.214286,65.654344],[138.0,63.883502],[141.0,63.883502],[144.0,63.883502],[144.642857,65.654344],[145.384615,67.418894],[141.923077,67.418894],[138.461538,67.418894],[138.214286,65.654344]]]}},{"type":"Feature","properties":{"resolution":3},"geometry":{"type":"Polygon","coordinates":[[[138.75,69.177653],[138.461538,67.418894],[141.923077,67.418894],[145.384615,67.418894],[146.25,69.177653],[147.272727,70.931108],[143.181818,70.931108],[139.090909,70.931108],[138.75,69.177653]]]}},{"type":"Feature","properties":{"resolution":3},"geometry":{"type":"Polygon","coordinates":[[[139.5,72.679736],[139.090909,70.931108],[143.181818,70.931108],[147.272727,70.931108],[148.5,72.679736],[150.0,74.424007],[145.0,74.424007],[140.0,74.424007],[139.5,72.679736]]]}},{"type":"Feature","properties":{"resolution":3},"geometry":{"type":"Polygon","coordinates":[[[140.192308,43.829636],[140.0,41.937854],[141.666667,41.937854],[143.333333,41.937854],[143.653846,43.829636],[144.0,45.707608],[142.2,45.707608],[140.4,45.707608],[140.192308,43.829636]]]}},{"type":"Feature","properties":{"resolution":3},"geometry":{"type":"Polygon","coordinates":[[[140.625,47.572551],[140.4,45.707608],[142.2,45.707608],[144.0,45.707608],[144.375,47.572551],[144.782609,49.425208],[142.826087,49.425208],[140.869565,49.425208],[140.625,47.572551]]]}},{"type":"Feature","properties":{"resolution":3},"geometry":{"type":"Polygon","coordinates":[[[141.136364,51.266288],[140.869565,49.425208],[142.826087,49.425208],[144.782609,49.425208],[145.227273,51.266288],[145.714286,53.096471],[143.571429,53.096471],[141.428571,53.096471],[141.136364,51.266288]]]}},{"type":"Feature","properties":{"resolution":3},"geometry":{"type":"Polygon","coordinates":[[[143.653846,43.829636],[143.333333,41.937854],[145.0,41.937854],[146.666667,41.937854],[147.115385,43.829636],[147.6,45.707608],[145.8,45.707608],[144.0,45.707608],[143.653846,43.829636]]]}},{"type":"Feature","properties":{"resolution":3},"geometry":{"type":"Polygon","coordinates":[[[141.75,54.916407],[141.428571,53.096471],[143.571429,53.096471],[145.714286,53.096471],[146.25,54.916407],[146.842105,56.726722],[144.473684,56.726722],[142.105263,56.726722],[141.75,54.916407]]]}},{"type":"Feature","properties":{"resolution":3},"geometry":{"type":"Polygon","coordinates":[[[142.5,58.528017],[142.105263,56.726722],[144.473684,56.726722],[146.842105,56.726722],[147.5,58.528017],[148.235294,60.320875],[145.588235,60.320875],[142.941176,60.320875],[142.5,58.528017]]]}},{"type":"Feature","properties":{"resolution":3},"geometry":{"type":"Polygon","coordinates":[[[143.4375,62.105855],[142.941176,60.320875],[145.588235,60.320875],[148.235294,60.320875],[149.0625,62.105855],[150.0,63.883502],[147.0,63.883502],[144.0,63.883502],[143.4375,62.105855]]]}},{"type":"Feature","properties":{"resolution":3},"geometry":{"type":"Polygon","coordinates":[[[147.5,58.528017],[146.842105,56.726722],[149.210526,56.726722],[151.578947,56.726722],[152.5,58.528017],[153.529412,60.320875],[150.882353,60.320875],[148.235294,60.320875],[147.5,58.528017]]]}},{"type":"Feature","properties":{"resolution":3},"geometry":{"type":"Polygon","coordinates":[[[149.0625,62.105855],[148.235294,60.320875],[150.882353,60.320875],[153.529412,60.320875],[154.6875,62.105855],[156.0,63.883502],[153.0,63.883502],[150.0,63.883502],[149.0625,62.105855]]]}},{"type":"Feature","properties":{"resolution":3},"geometry":{"type":"Polygon","coordinates":[[[150.75,54.916407],[150.0,53.096471],[152.142857,53.096471],[154.285714,53.096471],[155.25,54.916407],[156.315789,56.726722],[153.947368,56.726722],[151.578947,56.726722],[150.75,54.916407]]]}},{"type":"Feature","properties":{"resolution":3},"geometry":{"type":"Polygon","coordinates":[[[152.5,58.528017],[151.578947,56.726722],[153.947368,56.726722],[156.315789,56.726722],[157.5,58.528017],[158.823529,60.320875],[156.176471,60.320875],[153.529412,60.320875],[152.5,58.528017]]]}},{"type":"Feature","properties":{"resolution":3},"geometry":{"type":"Polygon","coordinates":[[[154.6875,62.105855],[153.529412,60.320875],[156.176471,60.320875],[158.823529,60.320875],[160.3125,62.105855],[162.0,63.883502],[159.0,63.883502],[156.0,63.883502],[154.6875,62.105855]]]}},{"type":"Feature","properties":{"resolution":3},"geometry":{"type":"Polygon","coordinates":[[[144.642857,65.654344],[144.0,63.883502],[147.0,63.883502],[150.0,63.883502],[151.071429,65.654344],[152.307692,67.418894],[148.846154,67.418894],[145.384615,67.418894],[144.642857,65.654344]]]}},{"type":"Feature","properties":{"resolution":3},"geometry":{"type":"Polygon","coordinates":[[[146.25,69.177653],[145.384615,67.418894],[148.846154,67.418894],[152.307692,67.418894],[153.75,69.177653],[155.454545,70.931108],[151.363636,70.931108],[147.272727,70.931108],[146.25,69.177653]]]}},{"type":"Feature","properties":{"resolution":3},"geometry":{"type":"Polygon","coordinates":[[[148.5,72.679736],[147.272727,70.931108],[151.363636,70.931108],[155.454545,70.931108],[157.5,72.679736],[160.0,74.424007],[155.0,74.424007],[150.0,74.424007],[148.5,72.679736]]]}},{"type":"Feature","properties":{"resolution":3},"geometry":{"type":"Polygon","coordinates":[[[151.071429,65.654344],[150.0,63.883502],[153.0,63.883502],[156.0,63.883502],[157.5,65.654344],[159.230769,67.418894],[155.769231,67.418894],[152.307692,67.418894],[151.071429,65.654344]]]}},{"type":"Feature","properties":{"resolution":3},"geometry":{"type":"Polygon","coordinates":[[[153.75,69.177653],[152.307692,67.418894],[155.769231,67.418894],[159.230769,67.418894],[161.25,69.177653],[163.636364,70.931108],[159.545455,70.931108],[155.454545,70.931108],[153.75,69.177653]]]}},{"type":"Feature","properties":{"resolution":3},"geometry":{"type":"Polygon","coordinates":[[[157.5,72.679736],[155.454545,70.931108],[159.545455,70.931108],[163.636364,70.931108],[166.5,72.679736],[170.0,74.424007],[165.0,74.424007],[160.0,74.424007],[157.5,72.679736]]]}},{"type":"Feature","properties":{"resolution":3},"geometry":{"type":"Polygon","coordinates":[[[157.5,65.654344],[156.0,63.883502],[159.0,63.883502],[162.0,63.883502],[163.928571,65.654344],[166.153846,67.418894],[162.692308,67.418894],[159.230769,67.418894],[157.5,65.654344]]]}},{"type":"Feature","properties":{"resolution":3},"geometry":{"type":"Polygon","coordinates":[[[161.25,69.177653],[159.230769,67.418894],[162.692308,67.418894],[166.153846,67.418894],[168.75,69.177653],[171.818182,70.931108],[167.727273,70.931108],[163.636364,70.931108],[161.25,69.177653]]]}},{"type":"Feature","properties":{"resolution":3},"geometry":{"type":"Polygon","coordinates":[[[84.375,76.164378],[80.0,74.424007],[85.0,74.424007],[90.0,74.424007],[95.0,74.424007],[100.0,74.424007],[95.625,76.164378],[90.0,77.901301],[84.375,76.164378]]]}},{"type":"Feature","properties":{"resolution":3},"geometry":{"type":"Polygon","coordinates":[[[61.875,76.164378],[60.0,74.424007],[65.0,74.424007],[70.0,74.424007],[73.125,76.164378],[77.142857,77.901301],[70.714286,77.901301],[64.285714,77.901301],[61.875,76.164378]]]}},{"type":"Feature","properties":{"resolution":3},"geometry":{"type":"Polygon","coordinates":[[[95.625,76.164378],[100.0,74.424007],[105.0,74.424007],[110.0,74.424007],[106.875,76.164378],[102.857143,77.901301],[96.428571,77.901301],[90.0,77.901301],[95.625,76.164378]]]}},{"type":"Feature","properties":{"resolution":3},"geometry":{"type":"Polygon","coordinates":[[[82.5,79.635222],[77.142857,77.901301],[83.571429,77.901301],[90.0,77.901301],[96.428571,77.901301],[102.857143,77.901301],[97.5,79.635222],[90.0,81.366579],[82.5,79.635222]]]}},{"type":"Feature","properties":{"resolution":3},"geometry":{"type":"Polygon","coordinates":[[[106.875,76.164378],[110.0,74.424007],[115.0,74.424007],[120.0,74.424007],[118.125,76.164378],[115.714286,77.901301],[109.285714,77.901301],[102.857143,77.901301],[106.875,76.164378]]]}},{"type":"Feature","properties":{"resolution":3},"geometry":{"type":"Polygon","coordinates":[[[97.5,79.635222],[102.857143,77.901301],[109.285714,77.901301],[115.714286,77.901301],[112.5,79.635222],[108.0,81.366579],[99.0,81.366579],[90.0,81.366579],[97.5,79.635222]]]}},{"type":"Feature","properties":{"resolution":3},"geometry":{"type":"Polygon","coordinates":[[[50.625,76.164378],[50.0,74.424007],[55.0,74.424007],[60.0,74.424007],[61.875,76.164378],[64.285714,77.901301],[57.857143,77.901301],[51.428571,77.901301],[50.625,76.164378]]]}},{"type":"Feature","properties":{"resolution":3},"geometry":{"type":"Polygon","coordinates":[[[37.5,79.635222],[38.571429,77.901301],[45.0,77.901301],[51.428571,77.901301],[52.5,79.635222],[54.0,81.366579],[45.0,81.366579],[36.0,81.366579],[37.5,79.635222]]]}},{"type":"Feature","properties":{"resolution":3},"geometry":{"type":"Polygon","coordinates":[[[22.5,79.635222],[25.714286,77.901301],[32.142857,77.901301],[38.571429,77.901301],[37.5,79.635222],[36.0,81.366579],[27.0,81.366579],[18.0,81.366579],[22.5,79.635222]]]}},{"type":"Feature","properties":{"resolution":3},"geometry":{"type":"Polygon","coordinates":[[[16.875,76.164378],[20.0,74.424007],[25.0,74.424007],[30.0,74.424007],[28.125,76.164378],[25.714286,77.901301],[19.285714,77.901301],[12.857143,77.901301],[16.875,76.164378]]]}},{"type":"Feature","properties":{"resolution":3},"geometry":{"type":"Polygon","coordinates":[[[5.625,76.164378],[10.0,74.424007],[15.0,74.424007],[20.0,74.424007],[16.875,76.164378],[12.857143,77.901301],[6.428571,77.901301],[0.0,77.901301],[5.625,76.164378]]]}},{"type":"Feature","properties":{"resolution":3},"geometry":{"type":"Polygon","coordinates":[[[7.5,79.635222],[12.857143,77.901301],[19.285714,77.901301],[25.714286,77.901301],[22.5,79.635222],[18.0,81.366579],[9.0,81.366579],[0.0,81.366579],[7.5,79.635222]]]}},{"type":"Feature","properties":{"resolution":3},"geometry":{"type":"Polygon","coordinates":[[[-16.875,76.164378],[-20.0,74.424007],[-15.0,74.424007],[-10.0,74.424007],[-5.625,76.164378],[0.0,77.901301],[-6.428571,77.901301],[-12.857143,77.901301],[-16.875,76.164378]]]}},{"type":"Feature","properties":{"resolution":3},"geometry":{"type":"Polygon","coordinates":[[[-11.25,83.095808],[-18.0,81.366579],[-9.0,81.366579],[0.0,81.366579],[9.0,81.366579],[18.0,81.366579],[11.25,83.095808],[0.0,84.823338],[-11.25,83.095808]]]}},{"type":"Feature","properties":{"resolution":3},"geometry":{"type":"Polygon","coordinates":[[[-22.5,79.635222],[-25.714286,77.901301],[-19.285714,77.901301],[-12.857143,77.901301],[-7.5,79.635222],[0.0,81.366579],[-9.0,81.366579],[-18.0,81.366579],[-22.5,79.635222]]]}},{"type":"Feature","properties":{"resolution":3},"geometry":{"type":"Polygon","coordinates":[[[-28.125,76.164378],[-30.0,74.424007],[-25.0,74.424007],[-20.0,74.424007],[-16.875,76.164378],[-12.857143,77.901301],[-19.285714,77.901301],[-25.714286,77.901301],[-28.125,76.164378]]]}},{"type":"Feature","properties":{"resolution":3},"geometry":{"type":"Polygon","coordinates":[[[129.375,76.164378],[130.0,74.424007],[135.0,74.424007],[140.0,74.424007],[140.625,76.164378],[141.428571,77.901301],[135.0,77.901301],[128.571429,77.901301],[129.375,76.164378]]]}},{"type":"Feature","properties":{"resolution":3},"geometry":{"type":"Polygon","coordinates":[[[140.625,76.164378],[140.0,74.424007],[145.0,74.424007],[150.0,74.424007],[151.875,76.164378],[154.285714,77.901301],[147.857143,77.901301],[141.428571,77.901301],[140.625,76.164378]]]}},{"type":"Feature","properties":{"resolution":3},"geometry":{"type":"Polygon","coordinates":[[[-33.75,83.095808],[-36.0,81.366579],[-27.0,81.366579],[-18.0,81.366579],[-11.25,83.095808],[0.0,84.823338],[-15.0,84.823338],[-30.0,84.823338],[-33.75,83.095808]]]}},{"type":"Feature","properties":{"resolution":3},"geometry":{"type":"Polygon","coordinates":[[[-37.5,79.635222],[-38.571429,77.901301],[-32.142857,77.901301],[-25.714286,77.901301],[-22.5,79.635222],[-18.0,81.366579],[-27.0,81.366579],[-36.0,81.366579],[-37.5,79.635222]]]}},{"type":"Feature","properties":{"resolution":3},"geometry":{"type":"Polygon","coordinates":[[[-39.375,76.164378],[-40.0,74.424007],[-35.0,74.424007],[-30.0,74.424007],[-28.125,76.164378],[-25.714286,77.901301],[-32.142857,77.901301],[-38.571429,77.901301],[-39.375,76.164378]]]}},{"type":"Feature","properties":{"resolution":3},"geometry":{"type":"Polygon","coordinates":[[[-56.25,83.095808],[-54.0,81.366579],[-45.0,81.366579],[-36.0,81.366579],[-33.75,83.095808],[-30.0,84.823338],[-45.0,84.823338],[-60.0,84.823338],[-56.25,83.095808]]]}},{"type":"Feature","properties":{"resolution":3},"geometry":{"type":"Polygon","coordinates":[[[-52.5,79.635222],[-51.428571,77.901301],[-45.0,77.901301],[-38.571429,77.901301],[-37.5,79.635222],[-36.0,81.366579],[-45.0,81.366579],[-54.0,81.366579],[-52.5,79.635222]]]}},{"type":"Feature","properties":{"resolution":3},"geometry":{"type":"Polygon","coordinates":[[[-50.625,76.164378],[-50.0,74.424007],[-45.0,74.424007],[-40.0,74.424007],[-39.375,76.164378],[-38.571429,77.901301],[-45.0,77.901301],[-51.428571,77.901301],[-50.625,76.164378]]]}},{"type":"Feature","properties":{"resolution":3},"geometry":{"type":"Polygon","coordinates":[[[-78.75,83.095808],[-72.0,81.366579],[-63.0,81.366579],[-54.0,81.366579],[-56.25,83.095808],[-60.0,84.823338],[-75.0,84.823338],[-90.0,84.823338],[-78.75,83.095808]]]}},{"type":"Feature","properties":{"resolution":3},"geometry":{"type":"Polygon","coordinates":[[[-67.5,79.635222],[-64.285714,77.901301],[-57.857143,77.901301],[-51.428571,77.901301],[-52.5,79.635222],[-54.0,81.366579],[-63.0,81.366579],[-72.0,81.366579],[-67.5,79.635222]]]}},{"type":"Feature","properties":{"resolution":3},"geometry":{"type":"Polygon","coordinates":[[[-61.875,76.164378],[-60.0,74.424007],[-55.0,74.424007],[-50.0,74.424007],[-50.625,76.164378],[-51.428571,77.901301],[-57.857143,77.901301],[-64.285714,77.901301],[-61.875,76.164378]]]}},{"type":"Feature","properties":{"resolution":3},"geometry":{"type":"Polygon","coordinates":[[[151.875,76.164378],[150.0,74.424007],[155.0,74.424007],[160.0,74.424007],[163.125,76.164378],[167.142857,77.901301],[160.714286,77.901301],[154.285714,77.901301],[151.875,76.164378]]]}},{"type":"Feature","properties":{"resolution":3},"geometry":{"type":"Polygon","coordinates":[[[-129.375,76.164378],[-130.0,74.424007],[-125.0,74.424007],[-120.0,74.424007],[-118.125,76.164378],[-115.714286,77.901301],[-122.142857,77.901301],[-128.571429,77.901301],[-129.375,76.164378]]]}},{"type":"Feature","properties":{"resolution":3},"geometry":{"type":"Polygon","coordinates":[[[-101.25,83.095808],[-108.0,81.366579],[-99.0,81.366579],[-90.0,81.366579],[-81.0,81.366579],[-72.0,81.366579],[-78.75,83.095808],[-90.0,84.823338],[-101.25,83.095808]]]}},{"type":"Feature","properties":{"resolution":3},"geometry":{"type":"Polygon","coordinates":[[[-82.5,79.635222],[-77.142857,77.901301],[-70.714286,77.901301],[-64.285714,77.901301],[-67.5,79.635222],[-72.0,81.366579],[-81.0,81.366579],[-90.0,81.366579],[-82.5,79.635222]]]}},{"type":"Feature","properties":{"resolution":3},"geometry":{"type":"Polygon","coordinates":[[[-73.125,76.164378],[-70.0,74.424007],[-65.0,74.424007],[-60.0,74.424007],[-61.875,76.164378],[-64.285714,77.901301],[-70.714286,77.901301],[-77.142857,77.901301],[-73.125,76.164378]]]}},{"type":"Feature","properties":{"resolution":3},"geometry":{"type":"Polygon","coordinates":[[[-112.5,79.635222],[-115.714286,77.901301],[-109.285714,77.901301],[-102.857143,77.901301],[-97.5,79.635222],[-90.0,81.366579],[-99.0,81.366579],[-108.0,81.366579],[-112.5,79.635222]]]}},{"type":"Feature","properties":{"resolution":3},"geometry":{"type":"Polygon","coordinates":[[[-97.5,79.635222],[-102.857143,77.901301],[-96.428571,77.901301],[-90.0,77.901301],[-83.571429,77.901301],[-77.142857,77.901301],[-82.5,79.635222],[-90.0,81.366579],[-97.5,79.635222]]]}},{"type":"Feature","properties":{"resolution":3},"geometry":{"type":"Polygon","coordinates":[[[-84.375,76.164378],[-80.0,74.424007],[-75.0,74.424007],[-70.0,74.424007],[-73.125,76.164378],[-77.142857,77.901301],[-83.571429,77.901301],[-90.0,77.901301],[-84.375,76.164378]]]}},{"type":"Feature","properties":{"resolution":3},"geometry":{"type":"Polygon","coordinates":[[[-118.125,76.164378],[-120.0,74.424007],[-115.0,74.424007],[-110.0,74.424007],[-106.875,76.164378],[-102.857143,77.901301],[-109.285714,77.901301],[-115.714286,77.901301],[-118.125,76.164378]]]}},{"type":"Feature","properties":{"resolution":3},"geometry":{"type":"Polygon","coordinates":[[[-106.875,76.164378],[-110.0,74.424007],[-105.0,74.424007],[-100.0,74.424007],[-95.625,76.164378],[-90.0,77.901301],[-96.428571,77.901301],[-102.857143,77.901301],[-106.875,76.164378]]]}},{"type":"Feature","properties":{"resolution":3},"geometry":{"type":"Polygon","coordinates":[[[-95.625,76.164378],[-100.0,74.424007],[-95.0,74.424007],[-90.0,74.424007],[-85.0,74.424007],[-80.0,74.424007],[-84.375,76.164378],[-90.0,77.901301],[-95.625,76.164378]]]}},{"type":"Feature","properties":{"resolution":3},"geometry":{"type":"Polygon","coordinates":[[[-22.5,65.654344],[-24.0,63.883502],[-21.0,63.883502],[-18.0,63.883502],[-16.071429,65.654344],[-13.846154,67.418894],[-17.307692,67.418894],[-20.769231,67.418894],[-22.5,65.654344]]]}},{"type":"Feature","properties":{"resolution":3},"geometry":{"type":"Polygon","coordinates":[[[-22.5,72.679736],[-24.545455,70.931108],[-20.454545,70.931108],[-16.363636,70.931108],[-13.5,72.679736],[-10.0,74.424007],[-15.0,74.424007],[-20.0,74.424007],[-22.5,72.679736]]]}},{"type":"Feature","properties":{"resolution":3},"geometry":{"type":"Polygon","coordinates":[[[-26.25,69.177653],[-27.692308,67.418894],[-24.230769,67.418894],[-20.769231,67.418894],[-18.75,69.177653],[-16.363636,70.931108],[-20.454545,70.931108],[-24.545455,70.931108],[-26.25,69.177653]]]}},{"type":"Feature","properties":{"resolution":3},"geometry":{"type":"Polygon","coordinates":[[[-28.928571,65.654344],[-30.0,63.883502],[-27.0,63.883502],[-24.0,63.883502],[-22.5,65.654344],[-20.769231,67.418894],[-24.230769,67.418894],[-27.692308,67.418894],[-28.928571,65.654344]]]}},{"type":"Feature","properties":{"resolution":3},"geometry":{"type":"Polygon","coordinates":[[[-31.5,72.679736],[-32.727273,70.931108],[-28.636364,70.931108],[-24.545455,70.931108],[-22.5,72.679736],[-20.0,74.424007],[-25.0,74.424007],[-30.0,74.424007],[-31.5,72.679736]]]}},{"type":"Feature","properties":{"resolution":3},"geometry":{"type":"Polygon","coordinates":[[[-33.75,69.177653],[-34.615385,67.418894],[-31.153846,67.418894],[-27.692308,67.418894],[-26.25,69.177653],[-24.545455,70.931108],[-28.636364,70.931108],[-32.727273,70.931108],[-33.75,69.177653]]]}},{"type":"Feature","properties":{"resolution":3},"geometry":{"type":"Polygon","coordinates":[[[-35.357143,65.654344],[-36.0,63.883502],[-33.0,63.883502],[-30.0,63.883502],[-28.928571,65.654344],[-27.692308,67.418894],[-31.153846,67.418894],[-34.615385,67.418894],[-35.357143,65.654344]]]}},{"type":"Feature","properties":{"resolution":3},"geometry":{"type":"Polygon","coordinates":[[[-25.3125,62.105855],[-26.470588,60.320875],[-23.823529,60.320875],[-21.176471,60.320875],[-19.6875,62.105855],[-18.0,63.883502],[-21.0,63.883502],[-24.0,63.883502],[-25.3125,62.105855]]]}},{"type":"Feature","properties":{"resolution":3},"geometry":{"type":"Polygon","coordinates":[[[-40.5,72.679736],[-40.909091,70.931108],[-36.818182,70.931108],[-32.727273,70.931108],[-31.5,72.679736],[-30.0,74.424007],[-35.0,74.424007],[-40.0,74.424007],[-40.5,72.679736]]]}},{"type":"Feature","properties":{"resolution":3},"geometry":{"type":"Polygon","coordinates":[[[-41.25,69.177653],[-41.538462,67.418894],[-38.076923,67.418894],[-34.615385,67.418894],[-33.75,69.177653],[-32.727273,70.931108],[-36.818182,70.931108],[-40.909091,70.931108],[-41.25,69.177653]]]}},{"type":"Feature","properties":{"resolution":3},"geometry":{"type":"Polygon","coordinates":[[[-41.785714,65.654344],[-42.0,63.883502],[-39.0,63.883502],[-36.0,63.883502],[-35.357143,65.654344],[-34.615385,67.418894],[-38.076923,67.418894],[-41.538462,67.418894],[-41.785714,65.654344]]]}},{"type":"Feature","properties":{"resolution":3},"geometry":{"type":"Polygon","coordinates":[[[-49.5,72.679736],[-49.090909,70.931108],[-45.0,70.931108],[-40.909091,70.931108],[-40.5,72.679736],[-40.0,74.424007],[-45.0,74.424007],[-50.0,74.424007],[-49.5,72.679736]]]}},{"type":"Feature","properties":{"resolution":3},"geometry":{"type":"Polygon","coordinates":[[[-48.75,69.177653],[-48.461538,67.418894],[-45.0,67.418894],[-41.538462,67.418894],[-41.25,69.177653],[-40.909091,70.931108],[-45.0,70.931108],[-49.090909,70.931108],[-48.75,69.177653]]]}},{"type":"Feature","properties":{"resolution":3},"geometry":{"type":"Polygon","coordinates":[[[-48.214286,65.654344],[-48.0,63.883502],[-45.0,63.883502],[-42.0,63.883502],[-41.785714,65.654344],[-41.538462,67.418894],[-45.0,67.418894],[-48.461538,67.418894],[-48.214286,65.654344]]]}},{"type":"Feature","properties":{"resolution":3},"geometry":{"type":"Polygon","coordinates":[[[-58.5,72.679736],[-57.272727,70.931108],[-53.181818,70.931108],[-49.090909,70.931108],[-49.5,72.679736],[-50.0,74.424007],[-55.0,74.424007],[-60.0,74.424007],[-58.5,72.679736]]]}},{"type":"Feature","properties":{"resolution":3},"geometry":{"type":"Polygon","coordinates":[[[-56.25,69.177653],[-55.384615,67.418894],[-51.923077,67.418894],[-48.461538,67.418894],[-48.75,69.177653],[-49.090909,70.931108],[-53.181818,70.931108],[-57.272727,70.931108],[-56.25,69.177653]]]}},{"type":"Feature","properties":{"resolution":3},"geometry":{"type":"Polygon","coordinates":[[[-54.642857,65.654344],[-54.0,63.883502],[-51.0,63.883502],[-48.0,63.883502],[-48.214286,65.654344],[-48.461538,67.418894],[-51.923077,67.418894],[-55.384615,67.418894],[-54.642857,65.654344]]]}},{"type":"Feature","properties":{"resolution":3},"geometry":{"type":"Polygon","coordinates":[[[-42.1875,62.105855],[-42.352941,60.320875],[-39.705882,60.320875],[-37.058824,60.320875],[-36.5625,62.105855],[-36.0,63.883502],[-39.0,63.883502],[-42.0,63.883502],[-42.1875,62.105855]]]}},{"type":"Feature","properties":{"resolution":3},"geometry":{"type":"Polygon","coordinates":[[[-47.8125,62.105855],[-47.647059,60.320875],[-45.0,60.320875],[-42.352941,60.320875],[-42.1875,62.105855],[-42.0,63.883502],[-45.0,63.883502],[-48.0,63.883502],[-47.8125,62.105855]]]}},{"type":"Feature","properties":{"resolution":3},"geometry":{"type":"Polygon","coordinates":[[[-47.5,58.528017],[-47.368421,56.726722],[-45.0,56.726722],[-42.631579,56.726722],[-42.5,58.528017],[-42.352941,60.320875],[-45.0,60.320875],[-47.647059,60.320875],[-47.5,58.528017]]]}},{"type":"Feature","properties":{"resolution":3},"geometry":{"type":"Polygon","coordinates":[[[-53.4375,62.105855],[-52.941176,60.320875],[-50.294118,60.320875],[-47.647059,60.320875],[-47.8125,62.105855],[-48.0,63.883502],[-51.0,63.883502],[-54.0,63.883502],[-53.4375,62.105855]]]}},{"type":"Feature","properties":{"resolution":3},"geometry":{"type":"Polygon","coordinates":[[[-61.071429,65.654344],[-60.0,63.883502],[-57.0,63.883502],[-54.0,63.883502],[-54.642857,65.654344],[-55.384615,67.418894],[-58.846154,67.418894],[-62.307692,67.418894],[-61.071429,65.654344]]]}},{"type":"Feature","properties":{"resolution":3},"geometry":{"type":"Polygon","coordinates":[[[-76.5,72.679736],[-73.636364,70.931108],[-69.545455,70.931108],[-65.454545,70.931108],[-67.5,72.679736],[-70.0,74.424007],[-75.0,74.424007],[-80.0,74.424007],[-76.5,72.679736]]]}},{"type":"Feature","properties":{"resolution":3},"geometry":{"type":"Polygon","coordinates":[[[-71.25,69.177653],[-69.230769,67.418894],[-65.769231,67.418894],[-62.307692,67.418894],[-63.75,69.177653],[-65.454545,70.931108],[-69.545455,70.931108],[-73.636364,70.931108],[-71.25,69.177653]]]}},{"type":"Feature","properties":{"resolution":3},"geometry":{"type":"Polygon","coordinates":[[[-67.5,65.654344],[-66.0,63.883502],[-63.0,63.883502],[-60.0,63.883502],[-61.071429,65.654344],[-62.307692,67.418894],[-65.769231,67.418894],[-69.230769,67.418894],[-67.5,65.654344]]]}},{"type":"Feature","properties":{"resolution":3},"geometry":{"type":"Polygon","coordinates":[[[-85.5,72.679736],[-81.818182,70.931108],[-77.727273,70.931108],[-73.636364,70.931108],[-76.5,72.679736],[-80.0,74.424007],[-85.0,74.424007],[-90.0,74.424007],[-85.5,72.679736]]]}},{"type":"Feature","properties":{"resolution":3},"geometry":{"type":"Polygon","coordinates":[[[-78.75,69.177653],[-76.153846,67.418894],[-72.692308,67.418894],[-69.230769,67.418894],[-71.25,69.177653],[-73.636364,70.931108],[-77.727273,70.931108],[-81.818182,70.931108],[-78.75,69.177653]]]}},{"type":"Feature","properties":{"resolution":3},"geometry":{"type":"Polygon","coordinates":[[[-73.928571,65.654344],[-72.0,63.883502],[-69.0,63.883502],[-66.0,63.883502],[-67.5,65.654344],[-69.230769,67.418894],[-72.692308,67.418894],[-76.153846,67.418894],[-73.928571,65.654344]]]}},{"type":"Feature","properties":{"resolution":3},"geometry":{"type":"Polygon","coordinates":[[[-56.25,54.916407],[-55.714286,53.096471],[-53.571429,53.096471],[-51.428571,53.096471],[-51.75,54.916407],[-52.105263,56.726722],[-54.473684,56.726722],[-56.842105,56.726722],[-56.25,54.916407]]]}},{"type":"Feature","properties":{"resolution":3},"geometry":{"type":"Polygon","coordinates":[[[-64.6875,62.105855],[-63.529412,60.320875],[-60.882353,60.320875],[-58.235294,60.320875],[-59.0625,62.105855],[-60.0,63.883502],[-63.0,63.883502],[-66.0,63.883502],[-64.6875,62.105855]]]}},{"type":"Feature","properties":{"resolution":3},"geometry":{"type":"Polygon","coordinates":[[[-62.5,58.528017],[-61.578947,56.726722],[-59.210526,56.726722],[-56.842105,56.726722],[-57.5,58.528017],[-58.235294,60.320875],[-60.882353,60.320875],[-63.529412,60.320875],[-62.5,58.528017]]]}},{"type":"Feature","properties":{"resolution":3},"geometry":{"type":"Polygon","coordinates":[[[-60.75,54.916407],[-60.0,53.096471],[-57.857143,53.096471],[-55.714286,53.096471],[-56.25,54.916407],[-56.842105,56.726722],[-59.210526,56.726722],[-61.578947,56.726722],[-60.75,54.916407]]]}},{"type":"Feature","properties":{"resolution":3},"geometry":{"type":"Polygon","coordinates":[[[-70.3125,62.105855],[-68.823529,60.320875],[-66.176471,60.320875],[-63.529412,60.320875],[-64.6875,62.105855],[-66.0,63.883502],[-69.0,63.883502],[-72.0,63.883502],[-70.3125,62.105855]]]}},{"type":"Feature","properties":{"resolution":3},"geometry":{"type":"Polygon","coordinates":[[[-67.5,58.528017],[-66.315789,56.726722],[-63.947368,56.726722],[-61.578947,56.726722],[-62.5,58.528017],[-63.529412,60.320875],[-66.176471,60.320875],[-68.823529,60.320875],[-67.5,58.528017]]]}},{"type":"Feature","properties":{"resolution":3},"geometry":{"type":"Polygon","coordinates":[[[-65.25,54.916407],[-64.285714,53.096471],[-62.142857,53.096471],[-60.0,53.096471],[-60.75,54.916407],[-61.578947,56.726722],[-63.947368,56.726722],[-66.315789,56.726722],[-65.25,54.916407]]]}},{"type":"Feature","properties":{"resolution":3},"geometry":{"type":"Polygon","coordinates":[[[-55.227273,51.266288],[-54.782609,49.425208],[-52.826087,49.425208],[-50.869565,49.425208],[-51.136364,51.266288],[-51.428571,53.096471],[-53.571429,53.096471],[-55.714286,53.096471],[-55.227273,51.266288]]]}},{"type":"Feature","properties":{"resolution":3},"geometry":{"type":"Polygon","coordinates":[[[-54.375,47.572551],[-54.0,45.707608],[-52.2,45.707608],[-50.4,45.707608],[-50.625,47.572551],[-50.869565,49.425208],[-52.826087,49.425208],[-54.782609,49.425208],[-54.375,47.572551]]]}},{"type":"Feature","properties":{"resolution":3},"geometry":{"type":"Polygon","coordinates":[[[-59.318182,51.266288],[-58.695652,49.425208],[-56.73913,49.425208],[-54.782609,49.425208],[-55.227273,51.266288],[-55.714286,53.096471],[-57.857143,53.096471],[-60.0,53.096471],[-59.318182,51.266288]]]}},{"type":"Feature","properties":{"resolution":3},"geometry":{"type":"Polygon","coordinates":[[[-58.125,47.572551],[-57.6,45.707608],[-55.8,45.707608],[-54.0,45.707608],[-54.375,47.572551],[-54.782609,49.425208],[-56.73913,49.425208],[-58.695652,49.425208],[-58.125,47.572551]]]}},{"type":"Feature","properties":{"resolution":3},"geometry":{"type":"Polygon","coordinates":[[[-63.409091,51.266288],[-62.608696,49.425208],[-60.652174,49.425208],[-58.695652,49.425208],[-59.318182,51.266288],[-60.0,53.096471],[-62.142857,53.096471],[-64.285714,53.096471],[-63.409091,51.266288]]]}},{"type":"Feature","properties":{"resolution":3},"geometry":{"type":"Polygon","coordinates":[[[-61.875,47.572551],[-61.2,45.707608],[-59.4,45.707608],[-57.6,45.707608],[-58.125,47.572551],[-58.695652,49.425208],[-60.652174,49.425208],[-62.608696,49.425208],[-61.875,47.572551]]]}},{"type":"Feature","properties":{"resolution":3},"geometry":{"type":"Polygon","coordinates":[[[-60.576923,43.829636],[-60.0,41.937854],[-58.333333,41.937854],[-56.666667,41.937854],[-57.115385,43.829636],[-57.6,45.707608],[-59.4,45.707608],[-61.2,45.707608],[-60.576923,43.829636]]]}},{"type":"Feature","properties":{"resolution":3},"geometry":{"type":"Polygon","coordinates":[[[153.409091,51.266288],[152.608696,49.425208],[154.565217,49.425208],[156.521739,49.425208],[157.5,51.266288],[158.571429,53.096471],[156.428571,53.096471],[154.285714,53.096471],[153.409091,51.266288]]]}},{"type":"Feature","properties":{"resolution":3},"geometry":{"type":"Polygon","coordinates":[[[157.5,51.266288],[156.521739,49.425208],[158.478261,49.425208],[160.434783,49.425208],[161.590909,51.266288],[162.857143,53.096471],[160.714286,53.096471],[158.571429,53.096471],[157.5,51.266288]]]}},{"type":"Feature","properties":{"resolution":3},"geometry":{"type":"Polygon","coordinates":[[[155.25,54.916407],[154.285714,53.096471],[156.428571,53.096471],[158.571429,53.096471],[159.75,54.916407],[161.052632,56.726722],[158.684211,56.726722],[156.315789,56.726722],[155.25,54.916407]]]}},{"type":"Feature","properties":{"resolution":3},"geometry":{"type":"Polygon","coordinates":[[[157.5,58.528017],[156.315789,56.726722],[158.684211,56.726722],[161.052632,56.726722],[162.5,58.528017],[164.117647,60.320875],[161.470588,60.320875],[158.823529,60.320875],[157.5,58.528017]]]}},{"type":"Feature","properties":{"resolution":3},"geometry":{"type":"Polygon","coordinates":[[[160.3125,62.105855],[158.823529,60.320875],[161.470588,60.320875],[164.117647,60.320875],[165.9375,62.105855],[168.0,63.883502],[165.0,63.883502],[162.0,63.883502],[160.3125,62.105855]]]}},{"type":"Feature","properties":{"resolution":3},"geometry":{"type":"Polygon","coordinates":[[[159.75,54.916407],[158.571429,53.096471],[160.714286,53.096471],[162.857143,53.096471],[164.25,54.916407],[165.789474,56.726722],[163.421053,56.726722],[161.052632,56.726722],[159.75,54.916407]]]}},{"type":"Feature","properties":{"resolution":3},"geometry":{"type":"Polygon","coordinates":[[[162.5,58.528017],[161.052632,56.726722],[163.421053,56.726722],[165.789474,56.726722],[167.5,58.528017],[169.411765,60.320875],[166.764706,60.320875],[164.117647,60.320875],[162.5,58.528017]]]}},{"type":"Feature","properties":{"resolution":3},"geometry":{"type":"Polygon","coordinates":[[[165.9375,62.105855],[164.117647,60.320875],[166.764706,60.320875],[169.411765,60.320875],[171.5625,62.105855],[174.0,63.883502],[171.0,63.883502],[168.0,63.883502],[165.9375,62.105855]]]}},{"type":"Feature","properties":{"resolution":3},"geometry":{"type":"Polygon","coordinates":[[[167.5,58.528017],[165.789474,56.726722],[168.157895,56.726722],[170.526316,56.726722],[172.5,58.528017],[174.705882,60.320875],[172.058824,60.320875],[169.411765,60.320875],[167.5,58.528017]]]}},{"type":"Feature","properties":{"resolution":3},"geometry":{"type":"Polygon","coordinates":[[[171.5625,62.105855],[169.411765,60.320875],[172.058824,60.320875],[174.705882,60.320875],[177.1875,62.105855],[180.0,63.883502],[177.0,63.883502],[174.0,63.883502],[171.5625,62.105855]]]}},{"type":"Feature","properties":{"resolution":3},"geometry":{"type":"Polygon","coordinates":[[[163.928571,65.654344],[162.0,63.883502],[165.0,63.883502],[168.0,63.883502],[170.357143,65.654344],[173.076923,67.418894],[169.615385,67.418894],[166.153846,67.418894],[163.928571,65.654344]]]}},{"type":"Feature","properties":{"resolution":3},"geometry":{"type":"Polygon","coordinates":[[[168.75,69.177653],[166.153846,67.418894],[169.615385,67.418894],[173.076923,67.418894],[176.25,69.177653],[180.0,70.931108],[180.0,70.931108],[175.909091,70.931108],[171.818182,70.931108],[168.75,69.177653]]]}},{"type":"Feature","properties":{"resolution":3},"geometry":{"type":"Polygon","coordinates":[[[-180.0,70.931108],[-180.0,70.931108],[-175.909091,70.931108],[-171.818182,70.931108],[-175.5,72.679736],[-180.0,74.424007],[-180.0,74.424007],[-180.0,70.931108]]]}},{"type":"Feature","properties":{"resolution":3},"geometry":{"type":"Polygon","coordinates":[[[175.5,72.679736],[171.818182,70.931108],[175.909091,70.931108],[180.0,70.931108],[180.0,74.424007],[175.5,72.679736]]]}},{"type":"Feature","properties":{"resolution":3},"geometry":{"type":"Polygon","coordinates":[[[170.357143,65.654344],[168.0,63.883502],[171.0,63.883502],[174.0,63.883502],[176.785714,65.654344],[180.0,67.418894],[176.538462,67.418894],[173.076923,67.418894],[170.357143,65.654344]]]}},{"type":"Feature","properties":{"resolution":3},"geometry":{"type":"Polygon","coordinates":[[[-180.0,67.418894],[-180.0,67.418894],[-176.538462,67.418894],[-173.076923,67.418894],[-176.25,69.177653],[-180.0,70.931108],[-180.0,70.931108],[-180.0,67.418894]]]}},{"type":"Feature","properties":{"resolution":3},"geometry":{"type":"Polygon","coordinates":[[[176.25,69.177653],[173.076923,67.418894],[176.538462,67.418894],[180.0,67.418894],[180.0,70.931108],[176.25,69.177653]]]}},{"type":"Feature","properties":{"resolution":3},"geometry":{"type":"Polygon","coordinates":[[[-176.25,69.177653],[-173.076923,67.418894],[-169.615385,67.418894],[-166.153846,67.418894],[-168.75,69.177653],[-171.818182,70.931108],[-175.909091,70.931108],[-180.0,70.931108],[-176.25,69.177653]]]}},{"type":"Feature","properties":{"resolution":3},"geometry":{"type":"Polygon","coordinates":[[[-180.0,63.883502],[-177.0,63.883502],[-174.0,63.883502],[-176.785714,65.654344],[-180.0,67.418894],[-180.0,63.883502]]]}},{"type":"Feature","properties":{"resolution":3},"geometry":{"type":"Polygon","coordinates":[[[176.785714,65.654344],[174.0,63.883502],[177.0,63.883502],[180.0,63.883502],[180.0,67.418894],[176.785714,65.654344]]]}},{"type":"Feature","properties":{"resolution":3},"geometry":{"type":"Polygon","coordinates":[[[-176.785714,65.654344],[-174.0,63.883502],[-171.0,63.883502],[-168.0,63.883502],[-170.357143,65.654344],[-173.076923,67.418894],[-176.538462,67.418894],[-180.0,67.418894],[-176.785714,65.654344]]]}},{"type":"Feature","properties":{"resolution":3},"geometry":{"type":"Polygon","coordinates":[[[-170.357143,65.654344],[-168.0,63.883502],[-165.0,63.883502],[-162.0,63.883502],[-163.928571,65.654344],[-166.153846,67.418894],[-169.615385,67.418894],[-173.076923,67.418894],[-170.357143,65.654344]]]}},{"type":"Feature","properties":{"resolution":3},"geometry":{"type":"Polygon","coordinates":[[[-180.0,60.320875],[-177.352941,60.320875],[-174.705882,60.320875],[-177.1875,62.105855],[-180.0,63.883502],[-180.0,60.320875]]]}},{"type":"Feature","properties":{"resolution":3},"geometry":{"type":"Polygon","coordinates":[[[177.1875,62.105855],[174.705882,60.320875],[177.352941,60.320875],[180.0,60.320875],[180.0,63.883502],[177.1875,62.105855]]]}},{"type":"Feature","properties":{"resolution":3},"geometry":{"type":"Polygon","coordinates":[[[-171.5625,62.105855],[-169.411765,60.320875],[-166.764706,60.320875],[-164.117647,60.320875],[-165.9375,62.105855],[-168.0,63.883502],[-171.0,63.883502],[-174.0,63.883502],[-171.5625,62.105855]]]}},{"type":"Feature","properties":{"resolution":3},"geometry":{"type":"Polygon","coordinates":[[[-165.9375,62.105855],[-164.117647,60.320875],[-161.470588,60.320875],[-158.823529,60.320875],[-160.3125,62.105855],[-162.0,63.883502],[-165.0,63.883502],[-168.0,63.883502],[-165.9375,62.105855]]]}},{"type":"Feature","properties":{"resolution":3},"geometry":{"type":"Polygon","coordinates":[[[-167.5,58.528017],[-165.789474,56.726722],[-163.421053,56.726722],[-161.052632,56.726722],[-162.5,58.528017],[-164.117647,60.320875],[-166.764706,60.320875],[-169.411765,60.320875],[-167.5,58.528017]]]}},{"type":"Feature","properties":{"resolution":3},"geometry":{"type":"Polygon","coordinates":[[[-162.5,58.528017],[-161.052632,56.726722],[-158.684211,56.726722],[-156.315789,56.726722],[-157.5,58.528017],[-158.823529,60.320875],[-161.470588,60.320875],[-164.117647,60.320875],[-162.5,58.528017]]]}},{"type":"Feature","properties":{"resolution":3},"geometry":{"type":"Polygon","coordinates":[[[-168.75,54.916407],[-167.142857,53.096471],[-165.0,53.096471],[-162.857143,53.096471],[-164.25,54.916407],[-165.789474,56.726722],[-168.157895,56.726722],[-170.526316,56.726722],[-168.75,54.916407]]]}},{"type":"Feature","properties":{"resolution":3},"geometry":{"type":"Polygon","coordinates":[[[-164.25,54.916407],[-162.857143,53.096471],[-160.714286,53.096471],[-158.571429,53.096471],[-159.75,54.916407],[-161.052632,56.726722],[-163.421053,56.726722],[-165.789474,56.726722],[-164.25,54.916407]]]}},{"type":"Feature","properties":{"resolution":3},"geometry":{"type":"Polygon","coordinates":[[[-159.75,54.916407],[-158.571429,53.096471],[-156.428571,53.096471],[-154.285714,53.096471],[-155.25,54.916407],[-156.315789,56.726722],[-158.684211,56.726722],[-161.052632,56.726722],[-159.75,54.916407]]]}},{"type":"Feature","properties":{"resolution":3},"geometry":{"type":"Polygon","coordinates":[[[-166.5,72.679736],[-163.636364,70.931108],[-159.545455,70.931108],[-155.454545,70.931108],[-157.5,72.679736],[-160.0,74.424007],[-165.0,74.424007],[-170.0,74.424007],[-166.5,72.679736]]]}},{"type":"Feature","properties":{"resolution":3},"geometry":{"type":"Polygon","coordinates":[[[-157.5,72.679736],[-155.454545,70.931108],[-151.363636,70.931108],[-147.272727,70.931108],[-148.5,72.679736],[-150.0,74.424007],[-155.0,74.424007],[-160.0,74.424007],[-157.5,72.679736]]]}},{"type":"Feature","properties":{"resolution":3},"geometry":{"type":"Polygon","coordinates":[[[-168.75,69.177653],[-166.153846,67.418894],[-162.692308,67.418894],[-159.230769,67.418894],[-161.25,69.177653],[-163.636364,70.931108],[-167.727273,70.931108],[-171.818182,70.931108],[-168.75,69.177653]]]}},{"type":"Feature","properties":{"resolution":3},"geometry":{"type":"Polygon","coordinates":[[[-161.25,69.177653],[-159.230769,67.418894],[-155.769231,67.418894],[-152.307692,67.418894],[-153.75,69.177653],[-155.454545,70.931108],[-159.545455,70.931108],[-163.636364,70.931108],[-161.25,69.177653]]]}},{"type":"Feature","properties":{"resolution":3},"geometry":{"type":"Polygon","coordinates":[[[-153.75,69.177653],[-152.307692,67.418894],[-148.846154,67.418894],[-145.384615,67.418894],[-146.25,69.177653],[-147.272727,70.931108],[-151.363636,70.931108],[-155.454545,70.931108],[-153.75,69.177653]]]}},{"type":"Feature","properties":{"resolution":3},"geometry":{"type":"Polygon","coordinates":[[[-163.928571,65.654344],[-162.0,63.883502],[-159.0,63.883502],[-156.0,63.883502],[-157.5,65.654344],[-159.230769,67.418894],[-162.692308,67.418894],[-166.153846,67.418894],[-163.928571,65.654344]]]}},{"type":"Feature","properties":{"resolution":3},"geometry":{"type":"Polygon","coordinates":[[[-157.5,65.654344],[-156.0,63.883502],[-153.0,63.883502],[-150.0,63.883502],[-151.071429,65.654344],[-152.307692,67.418894],[-155.769231,67.418894],[-159.230769,67.418894],[-157.5,65.654344]]]}},{"type":"Feature","properties":{"resolution":3},"geometry":{"type":"Polygon","coordinates":[[[-151.071429,65.654344],[-150.0,63.883502],[-147.0,63.883502],[-144.0,63.883502],[-144.642857,65.654344],[-145.384615,67.418894],[-148.846154,67.418894],[-152.307692,67.418894],[-151.071429,65.654344]]]}},{"type":"Feature","properties":{"resolution":3},"geometry":{"type":"Polygon","coordinates":[[[-130.5,72.679736],[-130.909091,70.931108],[-126.818182,70.931108],[-122.727273,70.931108],[-121.5,72.679736],[-120.0,74.424007],[-125.0,74.424007],[-130.0,74.424007],[-130.5,72.679736]]]}},{"type":"Feature","properties":{"resolution":3},"geometry":{"type":"Polygon","coordinates":[[[-146.25,69.177653],[-145.384615,67.418894],[-141.923077,67.418894],[-138.461538,67.418894],[-138.75,69.177653],[-139.090909,70.931108],[-143.181818,70.931108],[-147.272727,70.931108],[-146.25,69.177653]]]}},{"type":"Feature","properties":{"resolution":3},"geometry":{"type":"Polygon","coordinates":[[[-138.75,69.177653],[-138.461538,67.418894],[-135.0,67.418894],[-131.538462,67.418894],[-131.25,69.177653],[-130.909091,70.931108],[-135.0,70.931108],[-139.090909,70.931108],[-138.75,69.177653]]]}},{"type":"Feature","properties":{"resolution":3},"geometry":{"type":"Polygon","coordinates":[[[-131.25,69.177653],[-131.538462,67.418894],[-128.076923,67.418894],[-124.615385,67.418894],[-123.75,69.177653],[-122.727273,70.931108],[-126.818182,70.931108],[-130.909091,70.931108],[-131.25,69.177653]]]}},{"type":"Feature","properties":{"resolution":3},"geometry":{"type":"Polygon","coordinates":[[[-144.642857,65.654344],[-144.0,63.883502],[-141.0,63.883502],[-138.0,63.883502],[-138.214286,65.654344],[-138.461538,67.418894],[-141.923077,67.418894],[-145.384615,67.418894],[-144.642857,65.654344]]]}},{"type":"Feature","properties":{"resolution":3},"geometry":{"type":"Polygon","coordinates":[[[-138.214286,65.654344],[-138.0,63.883502],[-135.0,63.883502],[-132.0,63.883502],[-131.785714,65.654344],[-131.538462,67.418894],[-135.0,67.418894],[-138.461538,67.418894],[-138.214286,65.654344]]]}},{"type":"Feature","properties":{"resolution":3},"geometry":{"type":"Polygon","coordinates":[[[-131.785714,65.654344],[-132.0,63.883502],[-129.0,63.883502],[-126.0,63.883502],[-125.357143,65.654344],[-124.615385,67.418894],[-128.076923,67.418894],[-131.538462,67.418894],[-131.785714,65.654344]]]}},{"type":"Feature","properties":{"resolution":3},"geometry":{"type":"Polygon","coordinates":[[[-121.5,72.679736],[-122.727273,70.931108],[-118.636364,70.931108],[-114.545455,70.931108],[-112.5,72.679736],[-110.0,74.424007],[-115.0,74.424007],[-120.0,74.424007],[-121.5,72.679736]]]}},{"type":"Feature","properties":{"resolution":3},"geometry":{"type":"Polygon","coordinates":[[[-112.5,72.679736],[-114.545455,70.931108],[-110.454545,70.931108],[-106.363636,70.931108],[-103.5,72.679736],[-100.0,74.424007],[-105.0,74.424007],[-110.0,74.424007],[-112.5,72.679736]]]}},{"type":"Feature","properties":{"resolution":3},"geometry":{"type":"Polygon","coordinates":[[[-103.5,72.679736],[-106.363636,70.931108],[-102.272727,70.931108],[-98.181818,70.931108],[-94.5,72.679736],[-90.0,74.424007],[-95.0,74.424007],[-100.0,74.424007],[-103.5,72.679736]]]}},{"type":"Feature","properties":{"resolution":3},"geometry":{"type":"Polygon","coordinates":[[[-123.75,69.177653],[-124.615385,67.418894],[-121.153846,67.418894],[-117.692308,67.418894],[-116.25,69.177653],[-114.545455,70.931108],[-118.636364,70.931108],[-122.727273,70.931108],[-123.75,69.177653]]]}},{"type":"Feature","properties":{"resolution":3},"geometry":{"type":"Polygon","coordinates":[[[-116.25,69.177653],[-117.692308,67.418894],[-114.230769,67.418894],[-110.769231,67.418894],[-108.75,69.177653],[-106.363636,70.931108],[-110.454545,70.931108],[-114.545455,70.931108],[-116.25,69.177653]]]}},{"type":"Feature","properties":{"resolution":3},"geometry":{"type":"Polygon","coordinates":[[[-108.75,69.177653],[-110.769231,67.418894],[-107.307692,67.418894],[-103.846154,67.418894],[-101.25,69.177653],[-98.181818,70.931108],[-102.272727,70.931108],[-106.363636,70.931108],[-108.75,69.177653]]]}},{"type":"Feature","properties":{"resolution":3},"geometry":{"type":"Polygon","coordinates":[[[-125.357143,65.654344],[-126.0,63.883502],[-123.0,63.883502],[-120.0,63.883502],[-118.928571,65.654344],[-117.692308,67.418894],[-121.153846,67.418894],[-124.615385,67.418894],[-125.357143,65.654344]]]}},{"type":"Feature","properties":{"resolution":3},"geometry":{"type":"Polygon","coordinates":[[[-118.928571,65.654344],[-120.0,63.883502],[-117.0,63.883502],[-114.0,63.883502],[-112.5,65.654344],[-110.769231,67.418894],[-114.230769,67.418894],[-117.692308,67.418894],[-118.928571,65.654344]]]}},{"type":"Feature","properties":{"resolution":3},"geometry":{"type":"Polygon","coordinates":[[[-112.5,65.654344],[-114.0,63.883502],[-111.0,63.883502],[-108.0,63.883502],[-106.071429,65.654344],[-103.846154,67.418894],[-107.307692,67.418894],[-110.769231,67.418894],[-112.5,65.654344]]]}},{"type":"Feature","properties":{"resolution":3},"geometry":{"type":"Polygon","coordinates":[[[-160.3125,62.105855],[-158.823529,60.320875],[-156.176471,60.320875],[-153.529412,60.320875],[-154.6875,62.105855],[-156.0,63.883502],[-159.0,63.883502],[-162.0,63.883502],[-160.3125,62.105855]]]}},{"type":"Feature","properties":{"resolution":3},"geometry":{"type":"Polygon","coordinates":[[[-154.6875,62.105855],[-153.529412,60.320875],[-150.882353,60.320875],[-148.235294,60.320875],[-149.0625,62.105855],[-150.0,63.883502],[-153.0,63.883502],[-156.0,63.883502],[-154.6875,62.105855]]]}},{"type":"Feature","properties":{"resolution":3},"geometry":{"type":"Polygon","coordinates":[[[-149.0625,62.105855],[-148.235294,60.320875],[-145.588235,60.320875],[-142.941176,60.320875],[-143.4375,62.105855],[-144.0,63.883502],[-147.0,63.883502],[-150.0,63.883502],[-149.0625,62.105855]]]}},{"type":"Feature","properties":{"resolution":3},"geometry":{"type":"Polygon","coordinates":[[[-157.5,58.528017],[-156.315789,56.726722],[-153.947368,56.726722],[-151.578947,56.726722],[-152.5,58.528017],[-153.529412,60.320875],[-156.176471,60.320875],[-158.823529,60.320875],[-157.5,58.528017]]]}},{"type":"Feature","properties":{"resolution":3},"geometry":{"type":"Polygon","coordinates":[[[-152.5,58.528017],[-151.578947,56.726722],[-149.210526,56.726722],[-146.842105,56.726722],[-147.5,58.528017],[-148.235294,60.320875],[-150.882353,60.320875],[-153.529412,60.320875],[-152.5,58.528017]]]}},{"type":"Feature","properties":{"resolution":3},"geometry":{"type":"Polygon","coordinates":[[[-147.5,58.528017],[-146.842105,56.726722],[-144.473684,56.726722],[-142.105263,56.726722],[-142.5,58.528017],[-142.941176,60.320875],[-145.588235,60.320875],[-148.235294,60.320875],[-147.5,58.528017]]]}},{"type":"Feature","properties":{"resolution":3},"geometry":{"type":"Polygon","coordinates":[[[-143.4375,62.105855],[-142.941176,60.320875],[-140.294118,60.320875],[-137.647059,60.320875],[-137.8125,62.105855],[-138.0,63.883502],[-141.0,63.883502],[-144.0,63.883502],[-143.4375,62.105855]]]}},{"type":"Feature","properties":{"resolution":3},"geometry":{"type":"Polygon","coordinates":[[[-137.8125,62.105855],[-137.647059,60.320875],[-135.0,60.320875],[-132.352941,60.320875],[-132.1875,62.105855],[-132.0,63.883502],[-135.0,63.883502],[-138.0,63.883502],[-137.8125,62.105855]]]}},{"type":"Feature","properties":{"resolution":3},"geometry":{"type":"Polygon","coordinates":[[[-132.1875,62.105855],[-132.352941,60.320875],[-129.705882,60.320875],[-127.058824,60.320875],[-126.5625,62.105855],[-126.0,63.883502],[-129.0,63.883502],[-132.0,63.883502],[-132.1875,62.105855]]]}},{"type":"Feature","properties":{"resolution":3},"geometry":{"type":"Polygon","coordinates":[[[-142.5,58.528017],[-142.105263,56.726722],[-139.736842,56.726722],[-137.368421,56.726722],[-137.5,58.528017],[-137.647059,60.320875],[-140.294118,60.320875],[-142.941176,60.320875],[-142.5,58.528017]]]}},{"type":"Feature","properties":{"resolution":3},"geometry":{"type":"Polygon","coordinates":[[[-137.5,58.528017],[-137.368421,56.726722],[-135.0,56.726722],[-132.631579,56.726722],[-132.5,58.528017],[-132.352941,60.320875],[-135.0,60.320875],[-137.647059,60.320875],[-137.5,58.528017]]]}},{"type":"Feature","properties":{"resolution":3},"geometry":{"type":"Polygon","coordinates":[[[-132.5,58.528017],[-132.631579,56.726722],[-130.263158,56.726722],[-127.894737,56.726722],[-127.5,58.528017],[-127.058824,60.320875],[-129.705882,60.320875],[-132.352941,60.320875],[-132.5,58.528017]]]}},{"type":"Feature","properties":{"resolution":3},"geometry":{"type":"Polygon","coordinates":[[[-137.25,54.916407],[-137.142857,53.096471],[-135.0,53.096471],[-132.857143,53.096471],[-132.75,54.916407],[-132.631579,56.726722],[-135.0,56.726722],[-137.368421,56.726722],[-137.25,54.916407]]]}},{"type":"Feature","properties":{"resolution":3},"geometry":{"type":"Polygon","coordinates":[[[-132.75,54.916407],[-132.857143,53.096471],[-130.714286,53.096471],[-128.571429,53.096471],[-128.25,54.916407],[-127.894737,56.726722],[-130.263158,56.726722],[-132.631579,56.726722],[-132.75,54.916407]]]}},{"type":"Feature","properties":{"resolution":2},"geometry":{"type":"Polygon","coordinates":[[[-126.818182,61.214315],[-127.5,58.528017],[-128.076923,55.822729],[-128.571429,53.096471],[-125.357143,53.096471],[-122.142857,53.096471],[-118.928571,53.096471],[-115.714286,53.096471],[-114.230769,55.822729],[-112.5,58.528017],[-110.454545,61.214315],[-108.0,63.883502],[-112.5,63.883502],[-117.0,63.883502],[-121.5,63.883502],[-126.0,63.883502],[-126.818182,61.214315]]]}},{"type":"Feature","properties":{"resolution":3},"geometry":{"type":"Polygon","coordinates":[[[-132.954545,51.266288],[-133.043478,49.425208],[-131.086957,49.425208],[-129.130435,49.425208],[-128.863636,51.266288],[-128.571429,53.096471],[-130.714286,53.096471],[-132.857143,53.096471],[-132.954545,51.266288]]]}},{"type":"Feature","properties":{"resolution":3},"geometry":{"type":"Polygon","coordinates":[[[-128.863636,51.266288],[-129.130435,49.425208],[-127.173913,49.425208],[-125.217391,49.425208],[-124.772727,51.266288],[-124.285714,53.096471],[-126.428571,53.096471],[-128.571429,53.096471],[-128.863636,51.266288]]]}},{"type":"Feature","properties":{"resolution":3},"geometry":{"type":"Polygon","coordinates":[[[-124.772727,51.266288],[-125.217391,49.425208],[-123.26087,49.425208],[-121.304348,49.425208],[-120.681818,51.266288],[-120.0,53.096471],[-122.142857,53.096471],[-124.285714,53.096471],[-124.772727,51.266288]]]}},{"type":"Feature","properties":{"resolution":3},"geometry":{"type":"Polygon","coordinates":[[[-120.681818,51.266288],[-121.304348,49.425208],[-119.347826,49.425208],[-117.391304,49.425208],[-116.590909,51.266288],[-115.714286,53.096471],[-117.857143,53.096471],[-120.0,53.096471],[-120.681818,51.266288]]]}},{"type":"Feature","properties":{"resolution":3},"geometry":{"type":"Polygon","coordinates":[[[-129.375,47.572551],[-129.6,45.707608],[-127.8,45.707608],[-126.0,45.707608],[-125.625,47.572551],[-125.217391,49.425208],[-127.173913,49.425208],[-129.130435,49.425208],[-129.375,47.572551]]]}},{"type":"Feature","properties":{"resolution":3},"geometry":{"type":"Polygon","coordinates":[[[-125.625,47.572551],[-126.0,45.707608],[-124.2,45.707608],[-122.4,45.707608],[-121.875,47.572551],[-121.304348,49.425208],[-123.26087,49.425208],[-125.217391,49.425208],[-125.625,47.572551]]]}},{"type":"Feature","properties":{"resolution":3},"geometry":{"type":"Polygon","coordinates":[[[-121.875,47.572551],[-122.4,45.707608],[-120.6,45.707608],[-118.8,45.707608],[-118.125,47.572551],[-117.391304,49.425208],[-119.347826,49.425208],[-121.304348,49.425208],[-121.875,47.572551]]]}},{"type":"Feature","properties":{"resolution":3},"geometry":{"type":"Polygon","coordinates":[[[-126.346154,43.829636],[-126.666667,41.937854],[-125.0,41.937854],[-123.333333,41.937854],[-122.884615,43.829636],[-122.4,45.707608],[-124.2,45.707608],[-126.0,45.707608],[-126.346154,43.829636]]]}},{"type":"Feature","properties":{"resolution":3},"geometry":{"type":"Polygon","coordinates":[[[-122.884615,43.829636],[-123.333333,41.937854],[-121.666667,41.937854],[-120.0,41.937854],[-119.423077,43.829636],[-118.8,45.707608],[-120.6,45.707608],[-122.4,45.707608],[-122.884615,43.829636]]]}},{"type":"Feature","properties":{"resolution":3},"geometry":{"type":"Polygon","coordinates":[[[-94.5,72.679736],[-98.181818,70.931108],[-94.090909,70.931108],[-90.0,70.931108],[-85.909091,70.931108],[-81.818182,70.931108],[-85.5,72.679736],[-90.0,74.424007],[-94.5,72.679736]]]}},{"type":"Feature","properties":{"resolution":3},"geometry":{"type":"Polygon","coordinates":[[[-86.25,69.177653],[-83.076923,67.418894],[-79.615385,67.418894],[-76.153846,67.418894],[-78.75,69.177653],[-81.818182,70.931108],[-85.909091,70.931108],[-90.0,70.931108],[-86.25,69.177653]]]}},{"type":"Feature","properties":{"resolution":3},"geometry":{"type":"Polygon","coordinates":[[[-80.357143,65.654344],[-78.0,63.883502],[-75.0,63.883502],[-72.0,63.883502],[-73.928571,65.654344],[-76.153846,67.418894],[-79.615385,67.418894],[-83.076923,67.418894],[-80.357143,65.654344]]]}},{"type":"Feature","properties":{"resolution":3},"geometry":{"type":"Polygon","coordinates":[[[-101.25,69.177653],[-103.846154,67.418894],[-100.384615,67.418894],[-96.923077,67.418894],[-93.75,69.177653],[-90.0,70.931108],[-94.090909,70.931108],[-98.181818,70.931108],[-101.25,69.177653]]]}},{"type":"Feature","properties":{"resolution":3},"geometry":{"type":"Polygon","coordinates":[[[-93.75,69.177653],[-96.923077,67.418894],[-93.461538,67.418894],[-90.0,67.418894],[-86.538462,67.418894],[-83.076923,67.418894],[-86.25,69.177653],[-90.0,70.931108],[-93.75,69.177653]]]}},{"type":"Feature","properties":{"resolution":3},"geometry":{"type":"Polygon","coordinates":[[[-86.785714,65.654344],[-84.0,63.883502],[-81.0,63.883502],[-78.0,63.883502],[-80.357143,65.654344],[-83.076923,67.418894],[-86.538462,67.418894],[-90.0,67.418894],[-86.785714,65.654344]]]}},{"type":"Feature","properties":{"resolution":3},"geometry":{"type":"Polygon","coordinates":[[[-106.071429,65.654344],[-108.0,63.883502],[-105.0,63.883502],[-102.0,63.883502],[-99.642857,65.654344],[-96.923077,67.418894],[-100.384615,67.418894],[-103.846154,67.418894],[-106.071429,65.654344]]]}},{"type":"Feature","properties":{"resolution":3},"geometry":{"type":"Polygon","coordinates":[[[-99.642857,65.654344],[-102.0,63.883502],[-99.0,63.883502],[-96.0,63.883502],[-93.214286,65.654344],[-90.0,67.418894],[-93.461538,67.418894],[-96.923077,67.418894],[-99.642857,65.654344]]]}},{"type":"Feature","properties":{"resolution":3},"geometry":{"type":"Polygon","coordinates":[[[-93.214286,65.654344],[-96.0,63.883502],[-93.0,63.883502],[-90.0,63.883502],[-87.0,63.883502],[-84.0,63.883502],[-86.785714,65.654344],[-90.0,67.418894],[-93.214286,65.654344]]]}},{"type":"Feature","properties":{"resolution":3},"geometry":{"type":"Polygon","coordinates":[[[-75.9375,62.105855],[-74.117647,60.320875],[-71.470588,60.320875],[-68.823529,60.320875],[-70.3125,62.105855],[-72.0,63.883502],[-75.0,63.883502],[-78.0,63.883502],[-75.9375,62.105855]]]}},{"type":"Feature","properties":{"resolution":3},"geometry":{"type":"Polygon","coordinates":[[[-72.5,58.528017],[-71.052632,56.726722],[-68.684211,56.726722],[-66.315789,56.726722],[-67.5,58.528017],[-68.823529,60.320875],[-71.470588,60.320875],[-74.117647,60.320875],[-72.5,58.528017]]]}},{"type":"Feature","properties":{"resolution":3},"geometry":{"type":"Polygon","coordinates":[[[-69.75,54.916407],[-68.571429,53.096471],[-66.428571,53.096471],[-64.285714,53.096471],[-65.25,54.916407],[-66.315789,56.726722],[-68.684211,56.726722],[-71.052632,56.726722],[-69.75,54.916407]]]}},{"type":"Feature","properties":{"resolution":3},"geometry":{"type":"Polygon","coordinates":[[[-81.5625,62.105855],[-79.411765,60.320875],[-76.764706,60.320875],[-74.117647,60.320875],[-75.9375,62.105855],[-78.0,63.883502],[-81.0,63.883502],[-84.0,63.883502],[-81.5625,62.105855]]]}},{"type":"Feature","properties":{"resolution":3},"geometry":{"type":"Polygon","coordinates":[[[-77.5,58.528017],[-75.789474,56.726722],[-73.421053,56.726722],[-71.052632,56.726722],[-72.5,58.528017],[-74.117647,60.320875],[-76.764706,60.320875],[-79.411765,60.320875],[-77.5,58.528017]]]}},{"type":"Feature","properties":{"resolution":3},"geometry":{"type":"Polygon","coordinates":[[[-74.25,54.916407],[-72.857143,53.096471],[-70.714286,53.096471],[-68.571429,53.096471],[-69.75,54.916407],[-71.052632,56.726722],[-73.421053,56.726722],[-75.789474,56.726722],[-74.25,54.916407]]]}},{"type":"Feature","properties":{"resolution":3},"geometry":{"type":"Polygon","coordinates":[[[-87.1875,62.105855],[-84.705882,60.320875],[-82.058824,60.320875],[-79.411765,60.320875],[-81.5625,62.105855],[-84.0,63.883502],[-87.0,63.883502],[-90.0,63.883502],[-87.1875,62.105855]]]}},{"type":"Feature","properties":{"resolution":3},"geometry":{"type":"Polygon","coordinates":[[[-82.5,58.528017],[-80.526316,56.726722],[-78.157895,56.726722],[-75.789474,56.726722],[-77.5,58.528017],[-79.411765,60.320875],[-82.058824,60.320875],[-84.705882,60.320875],[-82.5,58.528017]]]}},{"type":"Feature","properties":{"resolution":3},"geometry":{"type":"Polygon","coordinates":[[[-78.75,54.916407],[-77.142857,53.096471],[-75.0,53.096471],[-72.857143,53.096471],[-74.25,54.916407],[-75.789474,56.726722],[-78.157895,56.726722],[-80.526316,56.726722],[-78.75,54.916407]]]}},{"type":"Feature","properties":{"resolution":3},"geometry":{"type":"Polygon","coordinates":[[[-67.5,51.266288],[-66.521739,49.425208],[-64.565217,49.425208],[-62.608696,49.425208],[-63.409091,51.266288],[-64.285714,53.096471],[-66.428571,53.096471],[-68.571429,53.096471],[-67.5,51.266288]]]}},{"type":"Feature","properties":{"resolution":3},"geometry":{"type":"Polygon","coordinates":[[[-65.625,47.572551],[-64.8,45.707608],[-63.0,45.707608],[-61.2,45.707608],[-61.875,47.572551],[-62.608696,49.425208],[-64.565217,49.425208],[-66.521739,49.425208],[-65.625,47.572551]]]}},{"type":"Feature","properties":{"resolution":3},"geometry":{"type":"Polygon","coordinates":[[[-64.038462,43.829636],[-63.333333,41.937854],[-61.666667,41.937854],[-60.0,41.937854],[-60.576923,43.829636],[-61.2,45.707608],[-63.0,45.707608],[-64.8,45.707608],[-64.038462,43.829636]]]}},{"type":"Feature","properties":{"resolution":3},"geometry":{"type":"Polygon","coordinates":[[[-71.590909,51.266288],[-70.434783,49.425208],[-68.478261,49.425208],[-66.521739,49.425208],[-67.5,51.266288],[-68.571429,53.096471],[-70.714286,53.096471],[-72.857143,53.096471],[-71.590909,51.266288]]]}},{"type":"Feature","properties":{"resolution":3},"geometry":{"type":"Polygon","coordinates":[[[-69.375,47.572551],[-68.4,45.707608],[-66.6,45.707608],[-64.8,45.707608],[-65.625,47.572551],[-66.521739,49.425208],[-68.478261,49.425208],[-70.434783,49.425208],[-69.375,47.572551]]]}},{"type":"Feature","properties":{"resolution":3},"geometry":{"type":"Polygon","coordinates":[[[-67.5,43.829636],[-66.666667,41.937854],[-65.0,41.937854],[-63.333333,41.937854],[-64.038462,43.829636],[-64.8,45.707608],[-66.6,45.707608],[-68.4,45.707608],[-67.5,43.829636]]]}},{"type":"Feature","properties":{"resolution":3},"geometry":{"type":"Polygon","coordinates":[[[-75.681818,51.266288],[-74.347826,49.425208],[-72.391304,49.425208],[-70.434783,49.425208],[-71.590909,51.266288],[-72.857143,53.096471],[-75.0,53.096471],[-77.142857,53.096471],[-75.681818,51.266288]]]}},{"type":"Feature","properties":{"resolution":3},"geometry":{"type":"Polygon","coordinates":[[[-73.125,47.572551],[-72.0,45.707608],[-70.2,45.707608],[-68.4,45.707608],[-69.375,47.572551],[-70.434783,49.425208],[-72.391304,49.425208],[-74.347826,49.425208],[-73.125,47.572551]]]}},{"type":"Feature","properties":{"resolution":3},"geometry":{"type":"Polygon","coordinates":[[[-70.961538,43.829636],[-70.0,41.937854],[-68.333333,41.937854],[-66.666667,41.937854],[-67.5,43.829636],[-68.4,45.707608],[-70.2,45.707608],[-72.0,45.707608],[-70.961538,43.829636]]]}},{"type":"Feature","properties":{"resolution":3},"geometry":{"type":"Polygon","coordinates":[[[-109.6875,62.105855],[-111.176471,60.320875],[-108.529412,60.320875],[-105.882353,60.320875],[-104.0625,62.105855],[-102.0,63.883502],[-105.0,63.883502],[-108.0,63.883502],[-109.6875,62.105855]]]}},{"type":"Feature","properties":{"resolution":3},"geometry":{"type":"Polygon","coordinates":[[[-104.0625,62.105855],[-105.882353,60.320875],[-103.235294,60.320875],[-100.588235,60.320875],[-98.4375,62.105855],[-96.0,63.883502],[-99.0,63.883502],[-102.0,63.883502],[-104.0625,62.105855]]]}},{"type":"Feature","properties":{"resolution":3},"geometry":{"type":"Polygon","coordinates":[[[-98.4375,62.105855],[-100.588235,60.320875],[-97.941176,60.320875],[-95.294118,60.320875],[-92.8125,62.105855],[-90.0,63.883502],[-93.0,63.883502],[-96.0,63.883502],[-98.4375,62.105855]]]}},{"type":"Feature","properties":{"resolution":3},"geometry":{"type":"Polygon","coordinates":[[[-112.5,58.528017],[-113.684211,56.726722],[-111.315789,56.726722],[-108.947368,56.726722],[-107.5,58.528017],[-105.882353,60.320875],[-108.529412,60.320875],[-111.176471,60.320875],[-112.5,58.528017]]]}},{"type":"Feature","properties":{"resolution":3},"geometry":{"type":"Polygon","coordinates":[[[-107.5,58.528017],[-108.947368,56.726722],[-106.578947,56.726722],[-104.210526,56.726722],[-102.5,58.528017],[-100.588235,60.320875],[-103.235294,60.320875],[-105.882353,60.320875],[-107.5,58.528017]]]}},{"type":"Feature","properties":{"resolution":3},"geometry":{"type":"Polygon","coordinates":[[[-102.5,58.528017],[-104.210526,56.726722],[-101.842105,56.726722],[-99.473684,56.726722],[-97.5,58.528017],[-95.294118,60.320875],[-97.941176,60.320875],[-100.588235,60.320875],[-102.5,58.528017]]]}},{"type":"Feature","properties":{"resolution":3},"geometry":{"type":"Polygon","coordinates":[[[-114.75,54.916407],[-115.714286,53.096471],[-113.571429,53.096471],[-111.428571,53.096471],[-110.25,54.916407],[-108.947368,56.726722],[-111.315789,56.726722],[-113.684211,56.726722],[-114.75,54.916407]]]}},{"type":"Feature","properties":{"resolution":3},"geometry":{"type":"Polygon","coordinates":[[[-110.25,54.916407],[-111.428571,53.096471],[-109.285714,53.096471],[-107.142857,53.096471],[-105.75,54.916407],[-104.210526,56.726722],[-106.578947,56.726722],[-108.947368,56.726722],[-110.25,54.916407]]]}},{"type":"Feature","properties":{"resolution":3},"geometry":{"type":"Polygon","coordinates":[[[-105.75,54.916407],[-107.142857,53.096471],[-105.0,53.096471],[-102.857143,53.096471],[-101.25,54.916407],[-99.473684,56.726722],[-101.842105,56.726722],[-104.210526,56.726722],[-105.75,54.916407]]]}},{"type":"Feature","properties":{"resolution":3},"geometry":{"type":"Polygon","coordinates":[[[-92.8125,62.105855],[-95.294118,60.320875],[-92.647059,60.320875],[-90.0,60.320875],[-87.352941,60.320875],[-84.705882,60.320875],[-87.1875,62.105855],[-90.0,63.883502],[-92.8125,62.105855]]]}},{"type":"Feature","properties":{"resolution":3},"geometry":{"type":"Polygon","coordinates":[[[-83.25,54.916407],[-81.428571,53.096471],[-79.285714,53.096471],[-77.142857,53.096471],[-78.75,54.916407],[-80.526316,56.726722],[-82.894737,56.726722],[-85.263158,56.726722],[-83.25,54.916407]]]}},{"type":"Feature","properties":{"resolution":3},"geometry":{"type":"Polygon","coordinates":[[[-97.5,58.528017],[-99.473684,56.726722],[-97.105263,56.726722],[-94.736842,56.726722],[-92.5,58.528017],[-90.0,60.320875],[-92.647059,60.320875],[-95.294118,60.320875],[-97.5,58.528017]]]}},{"type":"Feature","properties":{"resolution":3},"geometry":{"type":"Polygon","coordinates":[[[-92.5,58.528017],[-94.736842,56.726722],[-92.368421,56.726722],[-90.0,56.726722],[-87.631579,56.726722],[-85.263158,56.726722],[-87.5,58.528017],[-90.0,60.320875],[-92.5,58.528017]]]}},{"type":"Feature","properties":{"resolution":3},"geometry":{"type":"Polygon","coordinates":[[[-87.75,54.916407],[-85.714286,53.096471],[-83.571429,53.096471],[-81.428571,53.096471],[-83.25,54.916407],[-85.263158,56.726722],[-87.631579,56.726722],[-90.0,56.726722],[-87.75,54.916407]]]}},{"type":"Feature","properties":{"resolution":3},"geometry":{"type":"Polygon","coordinates":[[[-101.25,54.916407],[-102.857143,53.096471],[-100.714286,53.096471],[-98.571429,53.096471],[-96.75,54.916407],[-94.736842,56.726722],[-97.105263,56.726722],[-99.473684,56.726722],[-101.25,54.916407]]]}},{"type":"Feature","properties":{"resolution":3},"geometry":{"type":"Polygon","coordinates":[[[-96.75,54.916407],[-98.571429,53.096471],[-96.428571,53.096471],[-94.285714,53.096471],[-92.25,54.916407],[-90.0,56.726722],[-92.368421,56.726722],[-94.736842,56.726722],[-96.75,54.916407]]]}},{"type":"Feature","properties":{"resolution":3},"geometry":{"type":"Polygon","coordinates":[[[-92.25,54.916407],[-94.285714,53.096471],[-92.142857,53.096471],[-90.0,53.096471],[-87.857143,53.096471],[-85.714286,53.096471],[-87.75,54.916407],[-90.0,56.726722],[-92.25,54.916407]]]}},{"type":"Feature","properties":{"resolution":3},"geometry":{"type":"Polygon","coordinates":[[[-79.772727,51.266288],[-78.26087,49.425208],[-76.304348,49.425208],[-74.347826,49.425208],[-75.681818,51.266288],[-77.142857,53.096471],[-79.285714,53.096471],[-81.428571,53.096471],[-79.772727,51.266288]]]}},{"type":"Feature","properties":{"resolution":3},"geometry":{"type":"Polygon","coordinates":[[[-76.875,47.572551],[-75.6,45.707608],[-73.8,45.707608],[-72.0,45.707608],[-73.125,47.572551],[-74.347826,49.425208],[-76.304348,49.425208],[-78.26087,49.425208],[-76.875,47.572551]]]}},{"type":"Feature","properties":{"resolution":3},"geometry":{"type":"Polygon","coordinates":[[[-74.423077,43.829636],[-73.333333,41.937854],[-71.666667,41.937854],[-70.0,41.937854],[-70.961538,43.829636],[-72.0,45.707608],[-73.8,45.707608],[-75.6,45.707608],[-74.423077,43.829636]]]}},{"type":"Feature","properties":{"resolution":3},"geometry":{"type":"Polygon","coordinates":[[[-83.863636,51.266288],[-82.173913,49.425208],[-80.217391,49.425208],[-78.26087,49.425208],[-79.772727,51.266288],[-81.428571,53.096471],[-83.571429,53.096471],[-85.714286,53.096471],[-83.863636,51.266288]]]}},{"type":"Feature","properties":{"resolution":3},"geometry":{"type":"Polygon","coordinates":[[[-80.625,47.572551],[-79.2,45.707608],[-77.4,45.707608],[-75.6,45.707608],[-76.875,47.572551],[-78.26087,49.425208],[-80.217391,49.425208],[-82.173913,49.425208],[-80.625,47.572551]]]}},{"type":"Feature","properties":{"resolution":3},"geometry":{"type":"Polygon","coordinates":[[[-77.884615,43.829636],[-76.666667,41.937854],[-75.0,41.937854],[-73.333333,41.937854],[-74.423077,43.829636],[-75.6,45.707608],[-77.4,45.707608],[-79.2,45.707608],[-77.884615,43.829636]]]}},{"type":"Feature","properties":{"resolution":3},"geometry":{"type":"Polygon","coordinates":[[[-87.954545,51.266288],[-86.086957,49.425208],[-84.130435,49.425208],[-82.173913,49.425208],[-83.863636,51.266288],[-85.714286,53.096471],[-87.857143,53.096471],[-90.0,53.096471],[-87.954545,51.266288]]]}},{"type":"Feature","properties":{"resolution":3},"geometry":{"type":"Polygon","coordinates":[[[-84.375,47.572551],[-82.8,45.707608],[-81.0,45.707608],[-79.2,45.707608],[-80.625,47.572551],[-82.173913,49.425208],[-84.130435,49.425208],[-86.086957,49.425208],[-84.375,47.572551]]]}},{"type":"Feature","properties":{"resolution":3},"geometry":{"type":"Polygon","coordinates":[[[-81.346154,43.829636],[-80.0,41.937854],[-78.333333,41.937854],[-76.666667,41.937854],[-77.884615,43.829636],[-79.2,45.707608],[-81.0,45.707608],[-82.8,45.707608],[-81.346154,43.829636]]]}},{"type":"Feature","properties":{"resolution":2},"geometry":{"type":"Polygon","coordinates":[[[-117.0,50.347152],[-118.125,47.572551],[-119.117647,44.770298],[-120.0,41.937854],[-117.5,41.937854],[-115.0,41.937854],[-112.5,41.937854],[-110.0,41.937854],[-108.529412,44.770298],[-106.875,47.572551],[-105.0,50.347152],[-102.857143,53.096471],[-106.071429,53.096471],[-109.285714,53.096471],[-112.5,53.096471],[-115.714286,53.096471],[-117.0,50.347152]]]}},{"type":"Feature","properties":{"resolution":2},"geometry":{"type":"Polygon","coordinates":[[[-105.0,50.347152],[-106.875,47.572551],[-108.529412,44.770298],[-110.0,41.937854],[-107.5,41.937854],[-105.0,41.937854],[-102.5,41.937854],[-100.0,41.937854],[-97.941176,44.770298],[-95.625,47.572551],[-93.0,50.347152],[-90.0,53.096471],[-93.214286,53.096471],[-96.428571,53.096471],[-99.642857,53.096471],[-102.857143,53.096471],[-105.0,50.347152]]]}},{"type":"Feature","properties":{"resolution":2},"geometry":{"type":"Polygon","coordinates":[[[-93.0,50.347152],[-95.625,47.572551],[-97.941176,44.770298],[-100.0,41.937854],[-97.5,41.937854],[-95.0,41.937854],[-92.5,41.937854],[-90.0,41.937854],[-87.5,41.937854],[-85.0,41.937854],[-82.5,41.937854],[-80.0,41.937854],[-82.058824,44.770298],[-84.375,47.572551],[-87.0,50.347152],[-90.0,53.096471],[-93.0,50.347152]]]}},{"type":"Feature","properties":{"resolution":3},"geometry":{"type":"Polygon","coordinates":[[[-160.0,23.363114],[-160.0,21.826902],[-158.333333,21.826902],[-156.666667,21.826902],[-156.666667,23.363114],[-156.666667,24.916921],[-158.333333,24.916921],[-160.0,24.916921],[-160.0,23.363114]]]}},{"type":"Feature","properties":{"resolution":3},"geometry":{"type":"Polygon","coordinates":[[[-160.0,20.306645],[-160.0,18.80083],[-158.333333,18.80083],[-156.666667,18.80083],[-156.666667,20.306645],[-156.666667,21.826902],[-158.333333,21.826902],[-160.0,21.826902],[-160.0,20.306645]]]}},{"type":"Feature","properties":{"resolution":3},"geometry":{"type":"Polygon","coordinates":[[[-156.666667,20.306645],[-156.666667,18.80083],[-155.0,18.80083],[-153.333333,18.80083],[-153.333333,20.306645],[-153.333333,21.826902],[-155.0,21.826902],[-156.666667,21.826902],[-156.666667,20.306645]]]}},{"type":"Feature","properties":{"resolution":3},"geometry":{"type":"Polygon","coordinates":[[[-126.666667,40.065629],[-126.666667,38.242754],[-125.0,38.242754],[-123.333333,38.242754],[-123.333333,40.065629],[-123.333333,41.937854],[-125.0,41.937854],[-126.666667,41.937854],[-126.666667,40.065629]]]}},{"type":"Feature","properties":{"resolution":3},"geometry":{"type":"Polygon","coordinates":[[[-123.333333,40.065629],[-123.333333,38.242754],[-121.666667,38.242754],[-120.0,38.242754],[-120.0,40.065629],[-120.0,41.937854],[-121.666667,41.937854],[-123.333333,41.937854],[-123.333333,40.065629]]]}},{"type":"Feature","properties":{"resolution":3},"geometry":{"type":"Polygon","coordinates":[[[-123.333333,36.463778],[-123.333333,34.724053],[-121.666667,34.724053],[-120.0,34.724053],[-120.0,36.463778],[-120.0,38.242754],[-121.666667,38.242754],[-123.333333,38.242754],[-123.333333,36.463778]]]}},{"type":"Feature","properties":{"resolution":3},"geometry":{"type":"Polygon","coordinates":[[[-123.333333,33.019568],[-123.333333,31.34683],[-121.666667,31.34683],[-120.0,31.34683],[-120.0,33.019568],[-120.0,34.724053],[-121.666667,34.724053],[-123.333333,34.724053],[-123.333333,33.019568]]]}},{"type":"Feature","properties":{"resolution":3},"geometry":{"type":"Polygon","coordinates":[[[-120.0,40.065629],[-120.0,38.242754],[-118.333333,38.242754],[-116.666667,38.242754],[-116.666667,40.065629],[-116.666667,41.937854],[-118.333333,41.937854],[-120.0,41.937854],[-120.0,40.065629]]]}},{"type":"Feature","properties":{"resolution":3},"geometry":{"type":"Polygon","coordinates":[[[-116.666667,40.065629],[-116.666667,38.242754],[-115.0,38.242754],[-113.333333,38.242754],[-113.333333,40.065629],[-113.333333,41.937854],[-115.0,41.937854],[-116.666667,41.937854],[-116.666667,40.065629]]]}},{"type":"Feature","properties":{"resolution":3},"geometry":{"type":"Polygon","coordinates":[[[-113.333333,40.065629],[-113.333333,38.242754],[-111.666667,38.242754],[-110.0,38.242754],[-110.0,40.065629],[-110.0,41.937854],[-111.666667,41.937854],[-113.333333,41.937854],[-113.333333,40.065629]]]}},{"type":"Feature","properties":{"resolution":3},"geometry":{"type":"Polygon","coordinates":[[[-120.0,36.463778],[-120.0,34.724053],[-118.333333,34.724053],[-116.666667,34.724053],[-116.666667,36.463778],[-116.666667,38.242754],[-118.333333,38.242754],[-120.0,38.242754],[-120.0,36.463778]]]}},{"type":"Feature","properties":{"resolution":3},"geometry":{"type":"Polygon","coordinates":[[[-116.666667,36.463778],[-116.666667,34.724053],[-115.0,34.724053],[-113.333333,34.724053],[-113.333333,36.463778],[-113.333333,38.242754],[-115.0,38.242754],[-116.666667,38.242754],[-116.666667,36.463778]]]}},{"type":"Feature","properties":{"resolution":3},"geometry":{"type":"Polygon","coordinates":[[[-113.333333,36.463778],[-113.333333,34.724053],[-111.666667,34.724053],[-110.0,34.724053],[-110.0,36.463778],[-110.0,38.242754],[-111.666667,38.242754],[-113.333333,38.242754],[-113.333333,36.463778]]]}},{"type":"Feature","properties":{"resolution":3},"geometry":{"type":"Polygon","coordinates":[[[-120.0,33.019568],[-120.0,31.34683],[-118.333333,31.34683],[-116.666667,31.34683],[-116.666667,33.019568],[-116.666667,34.724053],[-118.333333,34.724053],[-120.0,34.724053],[-120.0,33.019568]]]}},{"type":"Feature","properties":{"resolution":3},"geometry":{"type":"Polygon","coordinates":[[[-116.666667,33.019568],[-116.666667,31.34683],[-115.0,31.34683],[-113.333333,31.34683],[-113.333333,33.019568],[-113.333333,34.724053],[-115.0,34.724053],[-116.666667,34.724053],[-116.666667,33.019568]]]}},{"type":"Feature","properties":{"resolution":3},"geometry":{"type":"Polygon","coordinates":[[[-113.333333,33.019568],[-113.333333,31.34683],[-111.666667,31.34683],[-110.0,31.34683],[-110.0,33.019568],[-110.0,34.724053],[-111.666667,34.724053],[-113.333333,34.724053],[-113.333333,33.019568]]]}},{"type":"Feature","properties":{"resolution":2},"geometry":{"type":"Polygon","coordinates":[[[-110.0,39.148384],[-110.0,36.463778],[-110.0,33.867635],[-110.0,31.34683],[-107.5,31.34683],[-105.0,31.34683],[-102.5,31.34683],[-100.0,31.34683],[-100.0,33.867635],[-100.0,36.463778],[-100.0,39.148384],[-100.0,41.937854],[-102.5,41.937854],[-105.0,41.937854],[-107.5,41.937854],[-110.0,41.937854],[-110.0,39.148384]]]}},{"type":"Feature","properties":{"resolution":2},"geometry":{"type":"Polygon","coordinates":[[[-100.0,39.148384],[-100.0,36.463778],[-100.0,33.867635],[-100.0,31.34683],[-97.5,31.34683],[-95.0,31.34683],[-92.5,31.34683],[-90.0,31.34683],[-90.0,33.867635],[-90.0,36.463778],[-90.0,39.148384],[-90.0,41.937854],[-92.5,41.937854],[-95.0,41.937854],[-97.5,41.937854],[-100.0,41.937854],[-100.0,39.148384]]]}},{"type":"Feature","properties":{"resolution":3},"geometry":{"type":"Polygon","coordinates":[[[-116.666667,29.702772],[-116.666667,28.084676],[-115.0,28.084676],[-113.333333,28.084676],[-113.333333,29.702772],[-113.333333,31.34683],[-115.0,31.34683],[-116.666667,31.34683],[-116.666667,29.702772]]]}},{"type":"Feature","properties":{"resolution":3},"geometry":{"type":"Polygon","coordinates":[[[-113.333333,29.702772],[-113.333333,28.084676],[-111.666667,28.084676],[-110.0,28.084676],[-110.0,29.702772],[-110.0,31.34683],[-111.666667,31.34683],[-113.333333,31.34683],[-113.333333,29.702772]]]}},{"type":"Feature","properties":{"resolution":3},"geometry":{"type":"Polygon","coordinates":[[[-116.666667,26.490119],[-116.666667,24.916921],[-115.0,24.916921],[-113.333333,24.916921],[-113.333333,26.490119],[-113.333333,28.084676],[-115.0,28.084676],[-116.666667,28.084676],[-116.666667,26.490119]]]}},{"type":"Feature","properties":{"resolution":3},"geometry":{"type":"Polygon","coordinates":[[[-113.333333,26.490119],[-113.333333,24.916921],[-111.666667,24.916921],[-110.0,24.916921],[-110.0,26.490119],[-110.0,28.084676],[-111.666667,28.084676],[-113.333333,28.084676],[-113.333333,26.490119]]]}},{"type":"Feature","properties":{"resolution":3},"geometry":{"type":"Polygon","coordinates":[[[-113.333333,23.363114],[-113.333333,21.826902],[-111.666667,21.826902],[-110.0,21.826902],[-110.0,23.363114],[-110.0,24.916921],[-111.666667,24.916921],[-113.333333,24.916921],[-113.333333,23.363114]]]}},{"type":"Feature","properties":{"resolution":3},"geometry":{"type":"Polygon","coordinates":[[[-110.0,29.702772],[-110.0,28.084676],[-108.333333,28.084676],[-106.666667,28.084676],[-106.666667,29.702772],[-106.666667,31.34683],[-108.333333,31.34683],[-110.0,31.34683],[-110.0,29.702772]]]}},{"type":"Feature","properties":{"resolution":3},"geometry":{"type":"Polygon","coordinates":[[[-106.666667,29.702772],[-106.666667,28.084676],[-105.0,28.084676],[-103.333333,28.084676],[-103.333333,29.702772],[-103.333333,31.34683],[-105.0,31.34683],[-106.666667,31.34683],[-106.666667,29.702772]]]}},{"type":"Feature","properties":{"resolution":3},"geometry":{"type":"Polygon","coordinates":[[[-103.333333,29.702772],[-103.333333,28.084676],[-101.666667,28.084676],[-100.0,28.084676],[-100.0,29.702772],[-100.0,31.34683],[-101.666667,31.34683],[-103.333333,31.34683],[-103.333333,29.702772]]]}},{"type":"Feature","properties":{"resolution":3},"geometry":{"type":"Polygon","coordinates":[[[-110.0,26.490119],[-110.0,24.916921],[-108.333333,24.916921],[-106.666667,24.916921],[-106.666667,26.490119],[-106.666667,28.084676],[-108.333333,28.084676],[-110.0,28.084676],[-110.0,26.490119]]]}},{"type":"Feature","properties":{"resolution":3},"geometry":{"type":"Polygon","coordinates":[[[-106.666667,26.490119],[-106.666667,24.916921],[-105.0,24.916921],[-103.333333,24.916921],[-103.333333,26.490119],[-103.333333,28.084676],[-105.0,28.084676],[-106.666667,28.084676],[-106.666667,26.490119]]]}},{"type":"Feature","properties":{"resolution":3},"geometry":{"type":"Polygon","coordinates":[[[-103.333333,26.490119],[-103.333333,24.916921],[-101.666667,24.916921],[-100.0,24.916921],[-100.0,26.490119],[-100.0,28.084676],[-101.666667,28.084676],[-103.333333,28.084676],[-103.333333,26.490119]]]}},{"type":"Feature","properties":{"resolution":3},"geometry":{"type":"Polygon","coordinates":[[[-110.0,23.363114],[-110.0,21.826902],[-108.333333,21.826902],[-106.666667,21.826902],[-106.666667,23.363114],[-106.666667,24.916921],[-108.333333,24.916921],[-110.0,24.916921],[-110.0,23.363114]]]}},{"type":"Feature","properties":{"resolution":3},"geometry":{"type":"Polygon","coordinates":[[[-106.666667,23.363114],[-106.666667,21.826902],[-105.0,21.826902],[-103.333333,21.826902],[-103.333333,23.363114],[-103.333333,24.916921],[-105.0,24.916921],[-106.666667,24.916921],[-106.666667,23.363114]]]}},{"type":"Feature","properties":{"resolution":3},"geometry":{"type":"Polygon","coordinates":[[[-103.333333,23.363114],[-103.333333,21.826902],[-101.666667,21.826902],[-100.0,21.826902],[-100.0,23.363114],[-100.0,24.916921],[-101.666667,24.916921],[-103.333333,24.916921],[-103.333333,23.363114]]]}},{"type":"Feature","properties":{"resolution":3},"geometry":{"type":"Polygon","coordinates":[[[-100.0,29.702772],[-100.0,28.084676],[-98.333333,28.084676],[-96.666667,28.084676],[-96.666667,29.702772],[-96.666667,31.34683],[-98.333333,31.34683],[-100.0,31.34683],[-100.0,29.702772]]]}},{"type":"Feature","properties":{"resolution":3},"geometry":{"type":"Polygon","coordinates":[[[-96.666667,29.702772],[-96.666667,28.084676],[-95.0,28.084676],[-93.333333,28.084676],[-93.333333,29.702772],[-93.333333,31.34683],[-95.0,31.34683],[-96.666667,31.34683],[-96.666667,29.702772]]]}},{"type":"Feature","properties":{"resolution":3},"geometry":{"type":"Polygon","coordinates":[[[-93.333333,29.702772],[-93.333333,28.084676],[-91.666667,28.084676],[-90.0,28.084676],[-90.0,29.702772],[-90.0,31.34683],[-91.666667,31.34683],[-93.333333,31.34683],[-93.333333,29.702772]]]}},{"type":"Feature","properties":{"resolution":3},"geometry":{"type":"Polygon","coordinates":[[[-100.0,26.490119],[-100.0,24.916921],[-98.333333,24.916921],[-96.666667,24.916921],[-96.666667,26.490119],[-96.666667,28.084676],[-98.333333,28.084676],[-100.0,28.084676],[-100.0,26.490119]]]}},{"type":"Feature","properties":{"resolution":3},"geometry":{"type":"Polygon","coordinates":[[[-100.0,23.363114],[-100.0,21.826902],[-98.333333,21.826902],[-96.666667,21.826902],[-96.666667,23.363114],[-96.666667,24.916921],[-98.333333,24.916921],[-100.0,24.916921],[-100.0,23.363114]]]}},{"type":"Feature","properties":{"resolution":3},"geometry":{"type":"Polygon","coordinates":[[[-106.666667,20.306645],[-106.666667,18.80083],[-105.0,18.80083],[-103.333333,18.80083],[-103.333333,20.306645],[-103.333333,21.826902],[-105.0,21.826902],[-106.666667,21.826902],[-106.666667,20.306645]]]}},{"type":"Feature","properties":{"resolution":3},"geometry":{"type":"Polygon","coordinates":[[[-103.333333,20.306645],[-103.333333,18.80083],[-101.666667,18.80083],[-100.0,18.80083],[-100.0,20.306645],[-100.0,21.826902],[-101.666667,21.826902],[-103.333333,21.826902],[-103.333333,20.306645]]]}},{"type":"Feature","properties":{"resolution":3},"geometry":{"type":"Polygon","coordinates":[[[-106.666667,17.308054],[-106.666667,15.827012],[-105.0,15.827012],[-103.333333,15.827012],[-103.333333,17.308054],[-103.333333,18.80083],[-105.0,18.80083],[-106.666667,18.80083],[-106.666667,17.308054]]]}},{"type":"Feature","properties":{"resolution":3},"geometry":{"type":"Polygon","coordinates":[[[-103.333333,17.308054],[-103.333333,15.827012],[-101.666667,15.827012],[-100.0,15.827012],[-100.0,17.308054],[-100.0,18.80083],[-101.666667,18.80083],[-103.333333,18.80083],[-103.333333,17.308054]]]}},{"type":"Feature","properties":{"resolution":3},"geometry":{"type":"Polygon","coordinates":[[[-100.0,20.306645],[-100.0,18.80083],[-98.333333,18.80083],[-96.666667,18.80083],[-96.666667,20.306645],[-96.666667,21.826902],[-98.333333,21.826902],[-100.0,21.826902],[-100.0,20.306645]]]}},{"type":"Feature","properties":{"resolution":3},"geometry":{"type":"Polygon","coordinates":[[[-96.666667,20.306645],[-96.666667,18.80083],[-95.0,18.80083],[-93.333333,18.80083],[-93.333333,20.306645],[-93.333333,21.826902],[-95.0,21.826902],[-96.666667,21.826902],[-96.666667,20.306645]]]}},{"type":"Feature","properties":{"resolution":3},"geometry":{"type":"Polygon","coordinates":[[[-93.333333,20.306645],[-93.333333,18.80083],[-91.666667,18.80083],[-90.0,18.80083],[-90.0,20.306645],[-90.0,21.826902],[-91.666667,21.826902],[-93.333333,21.826902],[-93.333333,20.306645]]]}},{"type":"Feature","properties":{"resolution":3},"geometry":{"type":"Polygon","coordinates":[[[-100.0,17.308054],[-100.0,15.827012],[-98.333333,15.827012],[-96.666667,15.827012],[-96.666667,17.308054],[-96.666667,18.80083],[-98.333333,18.80083],[-100.0,18.80083],[-100.0,17.308054]]]}},{"type":"Feature","properties":{"resolution":3},"geometry":{"type":"Polygon","coordinates":[[[-96.666667,17.308054],[-96.666667,15.827012],[-95.0,15.827012],[-93.333333,15.827012],[-93.333333,17.308054],[-93.333333,18.80083],[-95.0,18.80083],[-96.666667,18.80083],[-96.666667,17.308054]]]}},{"type":"Feature","properties":{"resolution":3},"geometry":{"type":"Polygon","coordinates":[[[-93.333333,17.308054],[-93.333333,15.827012],[-91.666667,15.827012],[-90.0,15.827012],[-90.0,17.308054],[-90.0,18.80083],[-91.666667,18.80083],[-93.333333,18.80083],[-93.333333,17.308054]]]}},{"type":"Feature","properties":{"resolution":3},"geometry":{"type":"Polygon","coordinates":[[[-100.0,14.356483],[-100.0,12.895313],[-98.333333,12.895313],[-96.666667,12.895313],[-96.666667,14.356483],[-96.666667,15.827012],[-98.333333,15.827012],[-100.0,15.827012],[-100.0,14.356483]]]}},{"type":"Feature","properties":{"resolution":3},"geometry":{"type":"Polygon","coordinates":[[[-96.666667,14.356483],[-96.666667,12.895313],[-95.0,12.895313],[-93.333333,12.895313],[-93.333333,14.356483],[-93.333333,15.827012],[-95.0,15.827012],[-96.666667,15.827012],[-96.666667,14.356483]]]}},{"type":"Feature","properties":{"resolution":3},"geometry":{"type":"Polygon","coordinates":[[[-93.333333,14.356483],[-93.333333,12.895313],[-91.666667,12.895313],[-90.0,12.895313],[-90.0,14.356483],[-90.0,15.827012],[-91.666667,15.827012],[-93.333333,15.827012],[-93.333333,14.356483]]]}},{"type":"Feature","properties":{"resolution":3},"geometry":{"type":"Polygon","coordinates":[[[-180.0,-17.308054],[-180.0,-18.80083],[-178.333333,-18.80083],[-176.666667,-18.80083],[-176.666667,-17.308054],[-176.666667,-15.827012],[-178.333333,-15.827012],[-180.0,-15.827012],[-180.0,-17.308054]]]}},{"type":"Feature","properties":{"resolution":3},"geometry":{"type":"Polygon","coordinates":[[[-90.0,40.065629],[-90.0,38.242754],[-88.333333,38.242754],[-86.666667,38.242754],[-86.666667,40.065629],[-86.666667,41.937854],[-88.333333,41.937854],[-90.0,41.937854],[-90.0,40.065629]]]}},{"type":"Feature","properties":{"resolution":3},"geometry":{"type":"Polygon","coordinates":[[[-86.666667,40.065629],[-86.666667,38.242754],[-85.0,38.242754],[-83.333333,38.242754],[-83.333333,40.065629],[-83.333333,41.937854],[-85.0,41.937854],[-86.666667,41.937854],[-86.666667,40.065629]]]}},{"type":"Feature","properties":{"resolution":3},"geometry":{"type":"Polygon","coordinates":[[[-83.333333,40.065629],[-83.333333,38.242754],[-81.666667,38.242754],[-80.0,38.242754],[-80.0,40.065629],[-80.0,41.937854],[-81.666667,41.937854],[-83.333333,41.937854],[-83.333333,40.065629]]]}},{"type":"Feature","properties":{"resolution":3},"geometry":{"type":"Polygon","coordinates":[[[-90.0,36.463778],[-90.0,34.724053],[-88.333333,34.724053],[-86.666667,34.724053],[-86.666667,36.463778],[-86.666667,38.242754],[-88.333333,38.242754],[-90.0,38.242754],[-90.0,36.463778]]]}},{"type":"Feature","properties":{"resolution":3},"geometry":{"type":"Polygon","coordinates":[[[-86.666667,36.463778],[-86.666667,34.724053],[-85.0,34.724053],[-83.333333,34.724053],[-83.333333,36.463778],[-83.333333,38.242754],[-85.0,38.242754],[-86.666667,38.242754],[-86.666667,36.463778]]]}},{"type":"Feature","properties":{"resolution":3},"geometry":{"type":"Polygon","coordinates":[[[-83.333333,36.463778],[-83.333333,34.724053],[-81.666667,34.724053],[-80.0,34.724053],[-80.0,36.463778],[-80.0,38.242754],[-81.666667,38.242754],[-83.333333,38.242754],[-83.333333,36.463778]]]}},{"type":"Feature","properties":{"resolution":3},"geometry":{"type":"Polygon","coordinates":[[[-90.0,33.019568],[-90.0,31.34683],[-88.333333,31.34683],[-86.666667,31.34683],[-86.666667,33.019568],[-86.666667,34.724053],[-88.333333,34.724053],[-90.0,34.724053],[-90.0,33.019568]]]}},{"type":"Feature","properties":{"resolution":3},"geometry":{"type":"Polygon","coordinates":[[[-86.666667,33.019568],[-86.666667,31.34683],[-85.0,31.34683],[-83.333333,31.34683],[-83.333333,33.019568],[-83.333333,34.724053],[-85.0,34.724053],[-86.666667,34.724053],[-86.666667,33.019568]]]}},{"type":"Feature","properties":{"resolution":3},"geometry":{"type":"Polygon","coordinates":[[[-83.333333,33.019568],[-83.333333,31.34683],[-81.666667,31.34683],[-80.0,31.34683],[-80.0,33.019568],[-80.0,34.724053],[-81.666667,34.724053],[-83.333333,34.724053],[-83.333333,33.019568]]]}},{"type":"Feature","properties":{"resolution":3},"geometry":{"type":"Polygon","coordinates":[[[-80.0,40.065629],[-80.0,38.242754],[-78.333333,38.242754],[-76.666667,38.242754],[-76.666667,40.065629],[-76.666667,41.937854],[-78.333333,41.937854],[-80.0,41.937854],[-80.0,40.065629]]]}},{"type":"Feature","properties":{"resolution":3},"geometry":{"type":"Polygon","coordinates":[[[-76.666667,40.065629],[-76.666667,38.242754],[-75.0,38.242754],[-73.333333,38.242754],[-73.333333,40.065629],[-73.333333,41.937854],[-75.0,41.937854],[-76.666667,41.937854],[-76.666667,40.065629]]]}},{"type":"Feature","properties":{"resolution":3},"geometry":{"type":"Polygon","coordinates":[[[-73.333333,40.065629],[-73.333333,38.242754],[-71.666667,38.242754],[-70.0,38.242754],[-70.0,40.065629],[-70.0,41.937854],[-71.666667,41.937854],[-73.333333,41.937854],[-73.333333,40.065629]]]}},{"type":"Feature","properties":{"resolution":3},"geometry":{"type":"Polygon","coordinates":[[[-80.0,36.463778],[-80.0,34.724053],[-78.333333,34.724053],[-76.666667,34.724053],[-76.666667,36.463778],[-76.666667,38.242754],[-78.333333,38.242754],[-80.0,38.242754],[-80.0,36.463778]]]}},{"type":"Feature","properties":{"resolution":3},"geometry":{"type":"Polygon","coordinates":[[[-76.666667,36.463778],[-76.666667,34.724053],[-75.0,34.724053],[-73.333333,34.724053],[-73.333333,36.463778],[-73.333333,38.242754],[-75.0,38.242754],[-76.666667,38.242754],[-76.666667,36.463778]]]}},{"type":"Feature","properties":{"resolution":3},"geometry":{"type":"Polygon","coordinates":[[[-80.0,33.019568],[-80.0,31.34683],[-78.333333,31.34683],[-76.666667,31.34683],[-76.666667,33.019568],[-76.666667,34.724053],[-78.333333,34.724053],[-80.0,34.724053],[-80.0,33.019568]]]}},{"type":"Feature","properties":{"resolution":3},"geometry":{"type":"Polygon","coordinates":[[[-76.666667,33.019568],[-76.666667,31.34683],[-75.0,31.34683],[-73.333333,31.34683],[-73.333333,33.019568],[-73.333333,34.724053],[-75.0,34.724053],[-76.666667,34.724053],[-76.666667,33.019568]]]}},{"type":"Feature","properties":{"resolution":3},"geometry":{"type":"Polygon","coordinates":[[[-70.0,40.065629],[-70.0,38.242754],[-68.333333,38.242754],[-66.666667,38.242754],[-66.666667,40.065629],[-66.666667,41.937854],[-68.333333,41.937854],[-70.0,41.937854],[-70.0,40.065629]]]}},{"type":"Feature","properties":{"resolution":3},"geometry":{"type":"Polygon","coordinates":[[[-90.0,29.702772],[-90.0,28.084676],[-88.333333,28.084676],[-86.666667,28.084676],[-86.666667,29.702772],[-86.666667,31.34683],[-88.333333,31.34683],[-90.0,31.34683],[-90.0,29.702772]]]}},{"type":"Feature","properties":{"resolution":3},"geometry":{"type":"Polygon","coordinates":[[[-86.666667,29.702772],[-86.666667,28.084676],[-85.0,28.084676],[-83.333333,28.084676],[-83.333333,29.702772],[-83.333333,31.34683],[-85.0,31.34683],[-86.666667,31.34683],[-86.666667,29.702772]]]}},{"type":"Feature","properties":{"resolution":3},"geometry":{"type":"Polygon","coordinates":[[[-83.333333,29.702772],[-83.333333,28.084676],[-81.666667,28.084676],[-80.0,28.084676],[-80.0,29.702772],[-80.0,31.34683],[-81.666667,31.34683],[-83.333333,31.34683],[-83.333333,29.702772]]]}},{"type":"Feature","properties":{"resolution":3},"geometry":{"type":"Polygon","coordinates":[[[-83.333333,26.490119],[-83.333333,24.916921],[-81.666667,24.916921],[-80.0,24.916921],[-80.0,26.490119],[-80.0,28.084676],[-81.666667,28.084676],[-83.333333,28.084676],[-83.333333,26.490119]]]}},{"type":"Feature","properties":{"resolution":3},"geometry":{"type":"Polygon","coordinates":[[[-86.666667,23.363114],[-86.666667,21.826902],[-85.0,21.826902],[-83.333333,21.826902],[-83.333333,23.363114],[-83.333333,24.916921],[-85.0,24.916921],[-86.666667,24.916921],[-86.666667,23.363114]]]}},{"type":"Feature","properties":{"resolution":3},"geometry":{"type":"Polygon","coordinates":[[[-83.333333,23.363114],[-83.333333,21.826902],[-81.666667,21.826902],[-80.0,21.826902],[-80.0,23.363114],[-80.0,24.916921],[-81.666667,24.916921],[-83.333333,24.916921],[-83.333333,23.363114]]]}},{"type":"Feature","properties":{"resolution":3},"geometry":{"type":"Polygon","coordinates":[[[-80.0,26.490119],[-80.0,24.916921],[-78.333333,24.916921],[-76.666667,24.916921],[-76.666667,26.490119],[-76.666667,28.084676],[-78.333333,28.084676],[-80.0,28.084676],[-80.0,26.490119]]]}},{"type":"Feature","properties":{"resolution":3},"geometry":{"type":"Polygon","coordinates":[[[-80.0,23.363114],[-80.0,21.826902],[-78.333333,21.826902],[-76.666667,21.826902],[-76.666667,23.363114],[-76.666667,24.916921],[-78.333333,24.916921],[-80.0,24.916921],[-80.0,23.363114]]]}},{"type":"Feature","properties":{"resolution":3},"geometry":{"type":"Polygon","coordinates":[[[-90.0,20.306645],[-90.0,18.80083],[-88.333333,18.80083],[-86.666667,18.80083],[-86.666667,20.306645],[-86.666667,21.826902],[-88.333333,21.826902],[-90.0,21.826902],[-90.0,20.306645]]]}},{"type":"Feature","properties":{"resolution":3},"geometry":{"type":"Polygon","coordinates":[[[-86.666667,20.306645],[-86.666667,18.80083],[-85.0,18.80083],[-83.333333,18.80083],[-83.333333,20.306645],[-83.333333,21.826902],[-85.0,21.826902],[-86.666667,21.826902],[-86.666667,20.306645]]]}},{"type":"Feature","properties":{"resolution":3},"geometry":{"type":"Polygon","coordinates":[[[-83.333333,20.306645],[-83.333333,18.80083],[-81.666667,18.80083],[-80.0,18.80083],[-80.0,20.306645],[-80.0,21.826902],[-81.666667,21.826902],[-83.333333,21.826902],[-83.333333,20.306645]]]}},{"type":"Feature","properties":{"resolution":3},"geometry":{"type":"Polygon","coordinates":[[[-90.0,17.308054],[-90.0,15.827012],[-88.333333,15.827012],[-86.666667,15.827012],[-86.666667,17.308054],[-86.666667,18.80083],[-88.333333,18.80083],[-90.0,18.80083],[-90.0,17.308054]]]}},{"type":"Feature","properties":{"resolution":3},"geometry":{"type":"Polygon","coordinates":[[[-86.666667,17.308054],[-86.666667,15.827012],[-85.0,15.827012],[-83.333333,15.827012],[-83.333333,17.308054],[-83.333333,18.80083],[-85.0,18.80083],[-86.666667,18.80083],[-86.666667,17.308054]]]}},{"type":"Feature","properties":{"resolution":3},"geometry":{"type":"Polygon","coordinates":[[[-90.0,14.356483],[-90.0,12.895313],[-88.333333,12.895313],[-86.666667,12.895313],[-86.666667,14.356483],[-86.666667,15.827012],[-88.333333,15.827012],[-90.0,15.827012],[-90.0,14.356483]]]}},{"type":"Feature","properties":{"resolution":3},"geometry":{"type":"Polygon","coordinates":[[[-86.666667,14.356483],[-86.666667,12.895313],[-85.0,12.895313],[-83.333333,12.895313],[-83.333333,14.356483],[-83.333333,15.827012],[-85.0,15.827012],[-86.666667,15.827012],[-86.666667,14.356483]]]}},{"type":"Feature","properties":{"resolution":3},"geometry":{"type":"Polygon","coordinates":[[[-83.333333,14.356483],[-83.333333,12.895313],[-81.666667,12.895313],[-80.0,12.895313],[-80.0,14.356483],[-80.0,15.827012],[-81.666667,15.827012],[-83.333333,15.827012],[-83.333333,14.356483]]]}},{"type":"Feature","properties":{"resolution":3},"geometry":{"type":"Polygon","coordinates":[[[-80.0,20.306645],[-80.0,18.80083],[-78.333333,18.80083],[-76.666667,18.80083],[-76.666667,20.306645],[-76.666667,21.826902],[-78.333333,21.826902],[-80.0,21.826902],[-80.0,20.306645]]]}},{"type":"Feature","properties":{"resolution":3},"geometry":{"type":"Polygon","coordinates":[[[-76.666667,20.306645],[-76.666667,18.80083],[-75.0,18.80083],[-73.333333,18.80083],[-73.333333,20.306645],[-73.333333,21.826902],[-75.0,21.826902],[-76.666667,21.826902],[-76.666667,20.306645]]]}},{"type":"Feature","properties":{"resolution":3},"geometry":{"type":"Polygon","coordinates":[[[-73.333333,20.306645],[-73.333333,18.80083],[-71.666667,18.80083],[-70.0,18.80083],[-70.0,20.306645],[-70.0,21.826902],[-71.666667,21.826902],[-73.333333,21.826902],[-73.333333,20.306645]]]}},{"type":"Feature","properties":{"resolution":3},"geometry":{"type":"Polygon","coordinates":[[[-80.0,17.308054],[-80.0,15.827012],[-78.333333,15.827012],[-76.666667,15.827012],[-76.666667,17.308054],[-76.666667,18.80083],[-78.333333,18.80083],[-80.0,18.80083],[-80.0,17.308054]]]}},{"type":"Feature","properties":{"resolution":3},"geometry":{"type":"Polygon","coordinates":[[[-76.666667,17.308054],[-76.666667,15.827012],[-75.0,15.827012],[-73.333333,15.827012],[-73.333333,17.308054],[-73.333333,18.80083],[-75.0,18.80083],[-76.666667,18.80083],[-76.666667,17.308054]]]}},{"type":"Feature","properties":{"resolution":3},"geometry":{"type":"Polygon","coordinates":[[[-73.333333,17.308054],[-73.333333,15.827012],[-71.666667,15.827012],[-70.0,15.827012],[-70.0,17.308054],[-70.0,18.80083],[-71.666667,18.80083],[-73.333333,18.80083],[-73.333333,17.308054]]]}},{"type":"Feature","properties":{"resolution":3},"geometry":{"type":"Polygon","coordinates":[[[-70.0,20.306645],[-70.0,18.80083],[-68.333333,18.80083],[-66.666667,18.80083],[-66.666667,20.306645],[-66.666667,21.826902],[-68.333333,21.826902],[-70.0,21.826902],[-70.0,20.306645]]]}},{"type":"Feature","properties":{"resolution":3},"geometry":{"type":"Polygon","coordinates":[[[-70.0,17.308054],[-70.0,15.827012],[-68.333333,15.827012],[-66.666667,15.827012],[-66.666667,17.308054],[-66.666667,18.80083],[-68.333333,18.80083],[-70.0,18.80083],[-70.0,17.308054]]]}},{"type":"Feature","properties":{"resolution":3},"geometry":{"type":"Polygon","coordinates":[[[-66.666667,17.308054],[-66.666667,15.827012],[-65.0,15.827012],[-63.333333,15.827012],[-63.333333,17.308054],[-63.333333,18.80083],[-65.0,18.80083],[-66.666667,18.80083],[-66.666667,17.308054]]]}},{"type":"Feature","properties":{"resolution":3},"geometry":{"type":"Polygon","coordinates":[[[-10.0,40.065629],[-10.0,38.242754],[-8.333333,38.242754],[-6.666667,38.242754],[-6.666667,40.065629],[-6.666667,41.937854],[-8.333333,41.937854],[-10.0,41.937854],[-10.0,40.065629]]]}},{"type":"Feature","properties":{"resolution":3},"geometry":{"type":"Polygon","coordinates":[[[-6.666667,40.065629],[-6.666667,38.242754],[-5.0,38.242754],[-3.333333,38.242754],[-3.333333,40.065629],[-3.333333,41.937854],[-5.0,41.937854],[-6.666667,41.937854],[-6.666667,40.065629]]]}},{"type":"Feature","properties":{"resolution":3},"geometry":{"type":"Polygon","coordinates":[[[-3.333333,40.065629],[-3.333333,38.242754],[-1.666667,38.242754],[0.0,38.242754],[0.0,40.065629],[0.0,41.937854],[-1.666667,41.937854],[-3.333333,41.937854],[-3.333333,40.065629]]]}},{"type":"Feature","properties":{"resolution":3},"geometry":{"type":"Polygon","coordinates":[[[-10.0,36.463778],[-10.0,34.724053],[-8.333333,34.724053],[-6.666667,34.724053],[-6.666667,36.463778],[-6.666667,38.242754],[-8.333333,38.242754],[-10.0,38.242754],[-10.0,36.463778]]]}},{"type":"Feature","properties":{"resolution":3},"geometry":{"type":"Polygon","coordinates":[[[-6.666667,36.463778],[-6.666667,34.724053],[-5.0,34.724053],[-3.333333,34.724053],[-3.333333,36.463778],[-3.333333,38.242754],[-5.0,38.242754],[-6.666667,38.242754],[-6.666667,36.463778]]]}},{"type":"Feature","properties":{"resolution":3},"geometry":{"type":"Polygon","coordinates":[[[-3.333333,36.463778],[-3.333333,34.724053],[-1.666667,34.724053],[0.0,34.724053],[0.0,36.463778],[0.0,38.242754],[-1.666667,38.242754],[-3.333333,38.242754],[-3.333333,36.463778]]]}},{"type":"Feature","properties":{"resolution":3},"geometry":{"type":"Polygon","coordinates":[[[-10.0,33.019568],[-10.0,31.34683],[-8.333333,31.34683],[-6.666667,31.34683],[-6.666667,33.019568],[-6.666667,34.724053],[-8.333333,34.724053],[-10.0,34.724053],[-10.0,33.019568]]]}},{"type":"Feature","properties":{"resolution":3},"geometry":{"type":"Polygon","coordinates":[[[-6.666667,33.019568],[-6.666667,31.34683],[-5.0,31.34683],[-3.333333,31.34683],[-3.333333,33.019568],[-3.333333,34.724053],[-5.0,34.724053],[-6.666667,34.724053],[-6.666667,33.019568]]]}},{"type":"Feature","properties":{"resolution":3},"geometry":{"type":"Polygon","coordinates":[[[-3.333333,33.019568],[-3.333333,31.34683],[-1.666667,31.34683],[0.0,31.34683],[0.0,33.019568],[0.0,34.724053],[-1.666667,34.724053],[-3.333333,34.724053],[-3.333333,33.019568]]]}},{"type":"Feature","properties":{"resolution":3},"geometry":{"type":"Polygon","coordinates":[[[-13.333333,29.702772],[-13.333333,28.084676],[-11.666667,28.084676],[-10.0,28.084676],[-10.0,29.702772],[-10.0,31.34683],[-11.666667,31.34683],[-13.333333,31.34683],[-13.333333,29.702772]]]}},{"type":"Feature","properties":{"resolution":3},"geometry":{"type":"Polygon","coordinates":[[[-16.666667,26.490119],[-16.666667,24.916921],[-15.0,24.916921],[-13.333333,24.916921],[-13.333333,26.490119],[-13.333333,28.084676],[-15.0,28.084676],[-16.666667,28.084676],[-16.666667,26.490119]]]}},{"type":"Feature","properties":{"resolution":3},"geometry":{"type":"Polygon","coordinates":[[[-13.333333,26.490119],[-13.333333,24.916921],[-11.666667,24.916921],[-10.0,24.916921],[-10.0,26.490119],[-10.0,28.084676],[-11.666667,28.084676],[-13.333333,28.084676],[-13.333333,26.490119]]]}},{"type":"Feature","properties":{"resolution":3},"geometry":{"type":"Polygon","coordinates":[[[-20.0,23.363114],[-20.0,21.826902],[-18.333333,21.826902],[-16.666667,21.826902],[-16.666667,23.363114],[-16.666667,24.916921],[-18.333333,24.916921],[-20.0,24.916921],[-20.0,23.363114]]]}},{"type":"Feature","properties":{"resolution":3},"geometry":{"type":"Polygon","coordinates":[[[-16.666667,23.363114],[-16.666667,21.826902],[-15.0,21.826902],[-13.333333,21.826902],[-13.333333,23.363114],[-13.333333,24.916921],[-15.0,24.916921],[-16.666667,24.916921],[-16.666667,23.363114]]]}},{"type":"Feature","properties":{"resolution":3},"geometry":{"type":"Polygon","coordinates":[[[-13.333333,23.363114],[-13.333333,21.826902],[-11.666667,21.826902],[-10.0,21.826902],[-10.0,23.363114],[-10.0,24.916921],[-11.666667,24.916921],[-13.333333,24.916921],[-13.333333,23.363114]]]}},{"type":"Feature","properties":{"resolution":3},"geometry":{"type":"Polygon","coordinates":[[[-10.0,29.702772],[-10.0,28.084676],[-8.333333,28.084676],[-6.666667,28.084676],[-6.666667,29.702772],[-6.666667,31.34683],[-8.333333,31.34683],[-10.0,31.34683],[-10.0,29.702772]]]}},{"type":"Feature","properties":{"resolution":3},"geometry":{"type":"Polygon","coordinates":[[[-6.666667,29.702772],[-6.666667,28.084676],[-5.0,28.084676],[-3.333333,28.084676],[-3.333333,29.702772],[-3.333333,31.34683],[-5.0,31.34683],[-6.666667,31.34683],[-6.666667,29.702772]]]}},{"type":"Feature","properties":{"resolution":3},"geometry":{"type":"Polygon","coordinates":[[[-3.333333,29.702772],[-3.333333,28.084676],[-1.666667,28.084676],[0.0,28.084676],[0.0,29.702772],[0.0,31.34683],[-1.666667,31.34683],[-3.333333,31.34683],[-3.333333,29.702772]]]}},{"type":"Feature","properties":{"resolution":3},"geometry":{"type":"Polygon","coordinates":[[[-10.0,26.490119],[-10.0,24.916921],[-8.333333,24.916921],[-6.666667,24.916921],[-6.666667,26.490119],[-6.666667,28.084676],[-8.333333,28.084676],[-10.0,28.084676],[-10.0,26.490119]]]}},{"type":"Feature","properties":{"resolution":3},"geometry":{"type":"Polygon","coordinates":[[[-6.666667,26.490119],[-6.666667,24.916921],[-5.0,24.916921],[-3.333333,24.916921],[-3.333333,26.490119],[-3.333333,28.084676],[-5.0,28.084676],[-6.666667,28.084676],[-6.666667,26.490119]]]}},{"type":"Feature","properties":{"resolution":3},"geometry":{"type":"Polygon","coordinates":[[[-3.333333,26.490119],[-3.333333,24.916921],[-1.666667,24.916921],[0.0,24.916921],[0.0,26.490119],[0.0,28.084676],[-1.666667,28.084676],[-3.333333,28.084676],[-3.333333,26.490119]]]}},{"type":"Feature","properties":{"resolution":3},"geometry":{"type":"Polygon","coordinates":[[[-10.0,23.363114],[-10.0,21.826902],[-8.333333,21.826902],[-6.666667,21.826902],[-6.666667,23.363114],[-6.666667,24.916921],[-8.333333,24.916921],[-10.0,24.916921],[-10.0,23.363114]]]}},{"type":"Feature","properties":{"resolution":3},"geometry":{"type":"Polygon","coordinates":[[[-6.666667,23.363114],[-6.666667,21.826902],[-5.0,21.826902],[-3.333333,21.826902],[-3.333333,23.363114],[-3.333333,24.916921],[-5.0,24.916921],[-6.666667,24.916921],[-6.666667,23.363114]]]}},{"type":"Feature","properties":{"resolution":3},"geometry":{"type":"Polygon","coordinates":[[[-3.333333,23.363114],[-3.333333,21.826902],[-1.666667,21.826902],[0.0,21.826902],[0.0,23.363114],[0.0,24.916921],[-1.666667,24.916921],[-3.333333,24.916921],[-3.333333,23.363114]]]}},{"type":"Feature","properties":{"resolution":3},"geometry":{"type":"Polygon","coordinates":[[[-20.0,20.306645],[-20.0,18.80083],[-18.333333,18.80083],[-16.666667,18.80083],[-16.666667,20.306645],[-16.666667,21.826902],[-18.333333,21.826902],[-20.0,21.826902],[-20.0,20.306645]]]}},{"type":"Feature","properties":{"resolution":3},"geometry":{"type":"Polygon","coordinates":[[[-16.666667,20.306645],[-16.666667,18.80083],[-15.0,18.80083],[-13.333333,18.80083],[-13.333333,20.306645],[-13.333333,21.826902],[-15.0,21.826902],[-16.666667,21.826902],[-16.666667,20.306645]]]}},{"type":"Feature","properties":{"resolution":3},"geometry":{"type":"Polygon","coordinates":[[[-13.333333,20.306645],[-13.333333,18.80083],[-11.666667,18.80083],[-10.0,18.80083],[-10.0,20.306645],[-10.0,21.826902],[-11.666667,21.826902],[-13.333333,21.826902],[-13.333333,20.306645]]]}},{"type":"Feature","properties":{"resolution":3},"geometry":{"type":"Polygon","coordinates":[[[-16.666667,17.308054],[-16.666667,15.827012],[-15.0,15.827012],[-13.333333,15.827012],[-13.333333,17.308054],[-13.333333,18.80083],[-15.0,18.80083],[-16.666667,18.80083],[-16.666667,17.308054]]]}},{"type":"Feature","properties":{"resolution":3},"geometry":{"type":"Polygon","coordinates":[[[-13.333333,17.308054],[-13.333333,15.827012],[-11.666667,15.827012],[-10.0,15.827012],[-10.0,17.308054],[-10.0,18.80083],[-11.666667,18.80083],[-13.333333,18.80083],[-13.333333,17.308054]]]}},{"type":"Feature","properties":{"resolution":3},"geometry":{"type":"Polygon","coordinates":[[[-20.0,14.356483],[-20.0,12.895313],[-18.333333,12.895313],[-16.666667,12.895313],[-16.666667,14.356483],[-16.666667,15.827012],[-18.333333,15.827012],[-20.0,15.827012],[-20.0,14.356483]]]}},{"type":"Feature","properties":{"resolution":3},"geometry":{"type":"Polygon","coordinates":[[[-16.666667,14.356483],[-16.666667,12.895313],[-15.0,12.895313],[-13.333333,12.895313],[-13.333333,14.356483],[-13.333333,15.827012],[-15.0,15.827012],[-16.666667,15.827012],[-16.666667,14.356483]]]}},{"type":"Feature","properties":{"resolution":3},"geometry":{"type":"Polygon","coordinates":[[[-13.333333,14.356483],[-13.333333,12.895313],[-11.666667,12.895313],[-10.0,12.895313],[-10.0,14.356483],[-10.0,15.827012],[-11.666667,15.827012],[-13.333333,15.827012],[-13.333333,14.356483]]]}},{"type":"Feature","properties":{"resolution":2},"geometry":{"type":"Polygon","coordinates":[[[-10.0,19.552022],[-10.0,17.308054],[-10.0,15.090507],[-10.0,12.895313],[-7.5,12.895313],[-5.0,12.895313],[-2.5,12.895313],[0.0,12.895313],[0.0,15.090507],[0.0,17.308054],[0.0,19.552022],[0.0,21.826902],[-2.5,21.826902],[-5.0,21.826902],[-7.5,21.826902],[-10.0,21.826902],[-10.0,19.552022]]]}},{"type":"Feature","properties":{"resolution":3},"geometry":{"type":"Polygon","coordinates":[[[-90.0,11.442413],[-90.0,9.996743],[-88.333333,9.996743],[-86.666667,9.996743],[-86.666667,11.442413],[-86.666667,12.895313],[-88.333333,12.895313],[-90.0,12.895313],[-90.0,11.442413]]]}},{"type":"Feature","properties":{"resolution":3},"geometry":{"type":"Polygon","coordinates":[[[-86.666667,11.442413],[-86.666667,9.996743],[-85.0,9.996743],[-83.333333,9.996743],[-83.333333,11.442413],[-83.333333,12.895313],[-85.0,12.895313],[-86.666667,12.895313],[-86.666667,11.442413]]]}},{"type":"Feature","properties":{"resolution":3},"geometry":{"type":"Polygon","coordinates":[[[-83.333333,11.442413],[-83.333333,9.996743],[-81.666667,9.996743],[-80.0,9.996743],[-80.0,11.442413],[-80.0,12.895313],[-81.666667,12.895313],[-83.333333,12.895313],[-83.333333,11.442413]]]}},{"type":"Feature","properties":{"resolution":3},"geometry":{"type":"Polygon","coordinates":[[[-86.666667,8.557312],[-86.666667,7.123161],[-85.0,7.123161],[-83.333333,7.123161],[-83.333333,8.557312],[-83.333333,9.996743],[-85.0,9.996743],[-86.666667,9.996743],[-86.666667,8.557312]]]}},{"type":"Feature","properties":{"resolution":3},"geometry":{"type":"Polygon","coordinates":[[[-83.333333,8.557312],[-83.333333,7.123161],[-81.666667,7.123161],[-80.0,7.123161],[-80.0,8.557312],[-80.0,9.996743],[-81.666667,9.996743],[-83.333333,9.996743],[-83.333333,8.557312]]]}},{"type":"Feature","properties":{"resolution":3},"geometry":{"type":"Polygon","coordinates":[[[-76.666667,11.442413],[-76.666667,9.996743],[-75.0,9.996743],[-73.333333,9.996743],[-73.333333,11.442413],[-73.333333,12.895313],[-75.0,12.895313],[-76.666667,12.895313],[-76.666667,11.442413]]]}},{"type":"Feature","properties":{"resolution":3},"geometry":{"type":"Polygon","coordinates":[[[-73.333333,11.442413],[-73.333333,9.996743],[-71.666667,9.996743],[-70.0,9.996743],[-70.0,11.442413],[-70.0,12.895313],[-71.666667,12.895313],[-73.333333,12.895313],[-73.333333,11.442413]]]}},{"type":"Feature","properties":{"resolution":3},"geometry":{"type":"Polygon","coordinates":[[[-80.0,8.557312],[-80.0,7.123161],[-78.333333,7.123161],[-76.666667,7.123161],[-76.666667,8.557312],[-76.666667,9.996743],[-78.333333,9.996743],[-80.0,9.996743],[-80.0,8.557312]]]}},{"type":"Feature","properties":{"resolution":3},"geometry":{"type":"Polygon","coordinates":[[[-76.666667,8.557312],[-76.666667,7.123161],[-75.0,7.123161],[-73.333333,7.123161],[-73.333333,8.557312],[-73.333333,9.996743],[-75.0,9.996743],[-76.666667,9.996743],[-76.666667,8.557312]]]}},{"type":"Feature","properties":{"resolution":3},"geometry":{"type":"Polygon","coordinates":[[[-73.333333,8.557312],[-73.333333,7.123161],[-71.666667,7.123161],[-70.0,7.123161],[-70.0,8.557312],[-70.0,9.996743],[-71.666667,9.996743],[-73.333333,9.996743],[-73.333333,8.557312]]]}},{"type":"Feature","properties":{"resolution":3},"geometry":{"type":"Polygon","coordinates":[[[-80.0,5.693366],[-80.0,4.267026],[-78.333333,4.267026],[-76.666667,4.267026],[-76.666667,5.693366],[-76.666667,7.123161],[-78.333333,7.123161],[-80.0,7.123161],[-80.0,5.693366]]]}},{"type":"Feature","properties":{"resolution":3},"geometry":{"type":"Polygon","coordinates":[[[-76.666667,5.693366],[-76.666667,4.267026],[-75.0,4.267026],[-73.333333,4.267026],[-73.333333,5.693366],[-73.333333,7.123161],[-75.0,7.123161],[-76.666667,7.123161],[-76.666667,5.693366]]]}},{"type":"Feature","properties":{"resolution":3},"geometry":{"type":"Polygon","coordinates":[[[-73.333333,5.693366],[-73.333333,4.267026],[-71.666667,4.267026],[-70.0,4.267026],[-70.0,5.693366],[-70.0,7.123161],[-71.666667,7.123161],[-73.333333,7.123161],[-73.333333,5.693366]]]}},{"type":"Feature","properties":{"resolution":3},"geometry":{"type":"Polygon","coordinates":[[[-70.0,11.442413],[-70.0,9.996743],[-68.333333,9.996743],[-66.666667,9.996743],[-66.666667,11.442413],[-66.666667,12.895313],[-68.333333,12.895313],[-70.0,12.895313],[-70.0,11.442413]]]}},{"type":"Feature","properties":{"resolution":3},"geometry":{"type":"Polygon","coordinates":[[[-66.666667,11.442413],[-66.666667,9.996743],[-65.0,9.996743],[-63.333333,9.996743],[-63.333333,11.442413],[-63.333333,12.895313],[-65.0,12.895313],[-66.666667,12.895313],[-66.666667,11.442413]]]}},{"type":"Feature","properties":{"resolution":3},"geometry":{"type":"Polygon","coordinates":[[[-63.333333,11.442413],[-63.333333,9.996743],[-61.666667,9.996743],[-60.0,9.996743],[-60.0,11.442413],[-60.0,12.895313],[-61.666667,12.895313],[-63.333333,12.895313],[-63.333333,11.442413]]]}},{"type":"Feature","properties":{"resolution":3},"geometry":{"type":"Polygon","coordinates":[[[-70.0,8.557312],[-70.0,7.123161],[-68.333333,7.123161],[-66.666667,7.123161],[-66.666667,8.557312],[-66.666667,9.996743],[-68.333333,9.996743],[-70.0,9.996743],[-70.0,8.557312]]]}},{"type":"Feature","properties":{"resolution":3},"geometry":{"type":"Polygon","coordinates":[[[-66.666667,8.557312],[-66.666667,7.123161],[-65.0,7.123161],[-63.333333,7.123161],[-63.333333,8.557312],[-63.333333,9.996743],[-65.0,9.996743],[-66.666667,9.996743],[-66.666667,8.557312]]]}},{"type":"Feature","properties":{"resolution":3},"geometry":{"type":"Polygon","coordinates":[[[-63.333333,8.557312],[-63.333333,7.123161],[-61.666667,7.123161],[-60.0,7.123161],[-60.0,8.557312],[-60.0,9.996743],[-61.666667,9.996743],[-63.333333,9.996743],[-63.333333,8.557312]]]}},{"type":"Feature","properties":{"resolution":3},"geometry":{"type":"Polygon","coordinates":[[[-70.0,5.693366],[-70.0,4.267026],[-68.333333,4.267026],[-66.666667,4.267026],[-66.666667,5.693366],[-66.666667,7.123161],[-68.333333,7.123161],[-70.0,7.123161],[-70.0,5.693366]]]}},{"type":"Feature","properties":{"resolution":3},"geometry":{"type":"Polygon","coordinates":[[[-66.666667,5.693366],[-66.666667,4.267026],[-65.0,4.267026],[-63.333333,4.267026],[-63.333333,5.693366],[-63.333333,7.123161],[-65.0,7.123161],[-66.666667,7.123161],[-66.666667,5.693366]]]}},{"type":"Feature","properties":{"resolution":3},"geometry":{"type":"Polygon","coordinates":[[[-63.333333,5.693366],[-63.333333,4.267026],[-61.666667,4.267026],[-60.0,4.267026],[-60.0,5.693366],[-60.0,7.123161],[-61.666667,7.123161],[-63.333333,7.123161],[-63.333333,5.693366]]]}},{"type":"Feature","properties":{"resolution":3},"geometry":{"type":"Polygon","coordinates":[[[-83.333333,0.0],[-83.333333,-1.421204],[-81.666667,-1.421204],[-80.0,-1.421204],[-80.0,0.0],[-80.0,1.421204],[-81.666667,1.421204],[-83.333333,1.421204],[-83.333333,0.0]]]}},{"type":"Feature","properties":{"resolution":3},"geometry":{"type":"Polygon","coordinates":[[[-83.333333,-2.843261],[-83.333333,-4.267026],[-81.666667,-4.267026],[-80.0,-4.267026],[-80.0,-2.843261],[-80.0,-1.421204],[-81.666667,-1.421204],[-83.333333,-1.421204],[-83.333333,-2.843261]]]}},{"type":"Feature","properties":{"resolution":3},"geometry":{"type":"Polygon","coordinates":[[[-80.0,2.843261],[-80.0,1.421204],[-78.333333,1.421204],[-76.666667,1.421204],[-76.666667,2.843261],[-76.666667,4.267026],[-78.333333,4.267026],[-80.0,4.267026],[-80.0,2.843261]]]}},{"type":"Feature","properties":{"resolution":3},"geometry":{"type":"Polygon","coordinates":[[[-76.666667,2.843261],[-76.666667,1.421204],[-75.0,1.421204],[-73.333333,1.421204],[-73.333333,2.843261],[-73.333333,4.267026],[-75.0,4.267026],[-76.666667,4.267026],[-76.666667,2.843261]]]}},{"type":"Feature","properties":{"resolution":3},"geometry":{"type":"Polygon","coordinates":[[[-73.333333,2.843261],[-73.333333,1.421204],[-71.666667,1.421204],[-70.0,1.421204],[-70.0,2.843261],[-70.0,4.267026],[-71.666667,4.267026],[-73.333333,4.267026],[-73.333333,2.843261]]]}},{"type":"Feature","properties":{"resolution":3},"geometry":{"type":"Polygon","coordinates":[[[-80.0,0.0],[-80.0,-1.421204],[-78.333333,-1.421204],[-76.666667,-1.421204],[-76.666667,0.0],[-76.666667,1.421204],[-78.333333,1.421204],[-80.0,1.421204],[-80.0,0.0]]]}},{"type":"Feature","properties":{"resolution":3},"geometry":{"type":"Polygon","coordinates":[[[-76.666667,0.0],[-76.666667,-1.421204],[-75.0,-1.421204],[-73.333333,-1.421204],[-73.333333,0.0],[-73.333333,1.421204],[-75.0,1.421204],[-76.666667,1.421204],[-76.666667,0.0]]]}},{"type":"Feature","properties":{"resolution":3},"geometry":{"type":"Polygon","coordinates":[[[-73.333333,0.0],[-73.333333,-1.421204],[-71.666667,-1.421204],[-70.0,-1.421204],[-70.0,0.0],[-70.0,1.421204],[-71.666667,1.421204],[-73.333333,1.421204],[-73.333333,0.0]]]}},{"type":"Feature","properties":{"resolution":3},"geometry":{"type":"Polygon","coordinates":[[[-80.0,-2.843261],[-80.0,-4.267026],[-78.333333,-4.267026],[-76.666667,-4.267026],[-76.666667,-2.843261],[-76.666667,-1.421204],[-78.333333,-1.421204],[-80.0,-1.421204],[-80.0,-2.843261]]]}},{"type":"Feature","properties":{"resolution":3},"geometry":{"type":"Polygon","coordinates":[[[-76.666667,-2.843261],[-76.666667,-4.267026],[-75.0,-4.267026],[-73.333333,-4.267026],[-73.333333,-2.843261],[-73.333333,-1.421204],[-75.0,-1.421204],[-76.666667,-1.421204],[-76.666667,-2.843261]]]}},{"type":"Feature","properties":{"resolution":3},"geometry":{"type":"Polygon","coordinates":[[[-73.333333,-2.843261],[-73.333333,-4.267026],[-71.666667,-4.267026],[-70.0,-4.267026],[-70.0,-2.843261],[-70.0,-1.421204],[-71.666667,-1.421204],[-73.333333,-1.421204],[-73.333333,-2.843261]]]}},{"type":"Feature","properties":{"resolution":2},"geometry":{"type":"Polygon","coordinates":[[[-70.0,2.132073],[-70.0,0.0],[-70.0,-2.132073],[-70.0,-4.267026],[-67.5,-4.267026],[-65.0,-4.267026],[-62.5,-4.267026],[-60.0,-4.267026],[-60.0,-2.132073],[-60.0,0.0],[-60.0,2.132073],[-60.0,4.267026],[-62.5,4.267026],[-65.0,4.267026],[-67.5,4.267026],[-70.0,4.267026],[-70.0,2.132073]]]}},{"type":"Feature","properties":{"resolution":3},"geometry":{"type":"Polygon","coordinates":[[[-83.333333,-5.693366],[-83.333333,-7.123161],[-81.666667,-7.123161],[-80.0,-7.123161],[-80.0,-5.693366],[-80.0,-4.267026],[-81.666667,-4.267026],[-83.333333,-4.267026],[-83.333333,-5.693366]]]}},{"type":"Feature","properties":{"resolution":3},"geometry":{"type":"Polygon","coordinates":[[[-80.0,-5.693366],[-80.0,-7.123161],[-78.333333,-7.123161],[-76.666667,-7.123161],[-76.666667,-5.693366],[-76.666667,-4.267026],[-78.333333,-4.267026],[-80.0,-4.267026],[-80.0,-5.693366]]]}},{"type":"Feature","properties":{"resolution":3},"geometry":{"type":"Polygon","coordinates":[[[-76.666667,-5.693366],[-76.666667,-7.123161],[-75.0,-7.123161],[-73.333333,-7.123161],[-73.333333,-5.693366],[-73.333333,-4.267026],[-75.0,-4.267026],[-76.666667,-4.267026],[-76.666667,-5.693366]]]}},{"type":"Feature","properties":{"resolution":3},"geometry":{"type":"Polygon","coordinates":[[[-73.333333,-5.693366],[-73.333333,-7.123161],[-71.666667,-7.123161],[-70.0,-7.123161],[-70.0,-5.693366],[-70.0,-4.267026],[-71.666667,-4.267026],[-73.333333,-4.267026],[-73.333333,-5.693366]]]}},{"type":"Feature","properties":{"resolution":3},"geometry":{"type":"Polygon","coordinates":[[[-80.0,-8.557312],[-80.0,-9.996743],[-78.333333,-9.996743],[-76.666667,-9.996743],[-76.666667,-8.557312],[-76.666667,-7.123161],[-78.333333,-7.123161],[-80.0,-7.123161],[-80.0,-8.557312]]]}},{"type":"Feature","properties":{"resolution":3},"geometry":{"type":"Polygon","coordinates":[[[-76.666667,-8.557312],[-76.666667,-9.996743],[-75.0,-9.996743],[-73.333333,-9.996743],[-73.333333,-8.557312],[-73.333333,-7.123161],[-75.0,-7.123161],[-76.666667,-7.123161],[-76.666667,-8.557312]]]}},{"type":"Feature","properties":{"resolution":3},"geometry":{"type":"Polygon","coordinates":[[[-73.333333,-8.557312],[-73.333333,-9.996743],[-71.666667,-9.996743],[-70.0,-9.996743],[-70.0,-8.557312],[-70.0,-7.123161],[-71.666667,-7.123161],[-73.333333,-7.123161],[-73.333333,-8.557312]]]}},{"type":"Feature","properties":{"resolution":3},"geometry":{"type":"Polygon","coordinates":[[[-80.0,-11.442413],[-80.0,-12.895313],[-78.333333,-12.895313],[-76.666667,-12.895313],[-76.666667,-11.442413],[-76.666667,-9.996743],[-78.333333,-9.996743],[-80.0,-9.996743],[-80.0,-11.442413]]]}},{"type":"Feature","properties":{"resolution":3},"geometry":{"type":"Polygon","coordinates":[[[-76.666667,-11.442413],[-76.666667,-12.895313],[-75.0,-12.895313],[-73.333333,-12.895313],[-73.333333,-11.442413],[-73.333333,-9.996743],[-75.0,-9.996743],[-76.666667,-9.996743],[-76.666667,-11.442413]]]}},{"type":"Feature","properties":{"resolution":3},"geometry":{"type":"Polygon","coordinates":[[[-73.333333,-11.442413],[-73.333333,-12.895313],[-71.666667,-12.895313],[-70.0,-12.895313],[-70.0,-11.442413],[-70.0,-9.996743],[-71.666667,-9.996743],[-73.333333,-9.996743],[-73.333333,-11.442413]]]}},{"type":"Feature","properties":{"resolution":2},"geometry":{"type":"Polygon","coordinates":[[[-70.0,-6.407776],[-70.0,-8.557312],[-70.0,-10.718737],[-70.0,-12.895313],[-67.5,-12.895313],[-65.0,-12.895313],[-62.5,-12.895313],[-60.0,-12.895313],[-60.0,-10.718737],[-60.0,-8.557312],[-60.0,-6.407776],[-60.0,-4.267026],[-62.5,-4.267026],[-65.0,-4.267026],[-67.5,-4.267026],[-70.0,-4.267026],[-70.0,-6.407776]]]}},{"type":"Feature","properties":{"resolution":3},"geometry":{"type":"Polygon","coordinates":[[[-60.0,8.557312],[-60.0,7.123161],[-58.333333,7.123161],[-56.666667,7.123161],[-56.666667,8.557312],[-56.666667,9.996743],[-58.333333,9.996743],[-60.0,9.996743],[-60.0,8.557312]]]}},{"type":"Feature","properties":{"resolution":3},"geometry":{"type":"Polygon","coordinates":[[[-60.0,5.693366],[-60.0,4.267026],[-58.333333,4.267026],[-56.666667,4.267026],[-56.666667,5.693366],[-56.666667,7.123161],[-58.333333,7.123161],[-60.0,7.123161],[-60.0,5.693366]]]}},{"type":"Feature","properties":{"resolution":3},"geometry":{"type":"Polygon","coordinates":[[[-56.666667,5.693366],[-56.666667,4.267026],[-55.0,4.267026],[-53.333333,4.267026],[-53.333333,5.693366],[-53.333333,7.123161],[-55.0,7.123161],[-56.666667,7.123161],[-56.666667,5.693366]]]}},{"type":"Feature","properties":{"resolution":3},"geometry":{"type":"Polygon","coordinates":[[[-53.333333,5.693366],[-53.333333,4.267026],[-51.666667,4.267026],[-50.0,4.267026],[-50.0,5.693366],[-50.0,7.123161],[-51.666667,7.123161],[-53.333333,7.123161],[-53.333333,5.693366]]]}},{"type":"Feature","properties":{"resolution":3},"geometry":{"type":"Polygon","coordinates":[[[-60.0,2.843261],[-60.0,1.421204],[-58.333333,1.421204],[-56.666667,1.421204],[-56.666667,2.843261],[-56.666667,4.267026],[-58.333333,4.267026],[-60.0,4.267026],[-60.0,2.843261]]]}},{"type":"Feature","properties":{"resolution":3},"geometry":{"type":"Polygon","coordinates":[[[-56.666667,2.843261],[-56.666667,1.421204],[-55.0,1.421204],[-53.333333,1.421204],[-53.333333,2.843261],[-53.333333,4.267026],[-55.0,4.267026],[-56.666667,4.267026],[-56.666667,2.843261]]]}},{"type":"Feature","properties":{"resolution":3},"geometry":{"type":"Polygon","coordinates":[[[-53.333333,2.843261],[-53.333333,1.421204],[-51.666667,1.421204],[-50.0,1.421204],[-50.0,2.843261],[-50.0,4.267026],[-51.666667,4.267026],[-53.333333,4.267026],[-53.333333,2.843261]]]}},{"type":"Feature","properties":{"resolution":3},"geometry":{"type":"Polygon","coordinates":[[[-60.0,0.0],[-60.0,-1.421204],[-58.333333,-1.421204],[-56.666667,-1.421204],[-56.666667,0.0],[-56.666667,1.421204],[-58.333333,1.421204],[-60.0,1.421204],[-60.0,0.0]]]}},{"type":"Feature","properties":{"resolution":3},"geometry":{"type":"Polygon","coordinates":[[[-56.666667,0.0],[-56.666667,-1.421204],[-55.0,-1.421204],[-53.333333,-1.421204],[-53.333333,0.0],[-53.333333,1.421204],[-55.0,1.421204],[-56.666667,1.421204],[-56.666667,0.0]]]}},{"type":"Feature","properties":{"resolution":3},"geometry":{"type":"Polygon","coordinates":[[[-53.333333,0.0],[-53.333333,-1.421204],[-51.666667,-1.421204],[-50.0,-1.421204],[-50.0,0.0],[-50.0,1.421204],[-51.666667,1.421204],[-53.333333,1.421204],[-53.333333,0.0]]]}},{"type":"Feature","properties":{"resolution":3},"geometry":{"type":"Polygon","coordinates":[[[-60.0,-2.843261],[-60.0,-4.267026],[-58.333333,-4.267026],[-56.666667,-4.267026],[-56.666667,-2.843261],[-56.666667,-1.421204],[-58.333333,-1.421204],[-60.0,-1.421204],[-60.0,-2.843261]]]}},{"type":"Feature","properties":{"resolution":3},"geometry":{"type":"Polygon","coordinates":[[[-56.666667,-2.843261],[-56.666667,-4.267026],[-55.0,-4.267026],[-53.333333,-4.267026],[-53.333333,-2.843261],[-53.333333,-1.421204],[-55.0,-1.421204],[-56.666667,-1.421204],[-56.666667,-2.843261]]]}},{"type":"Feature","properties":{"resolution":3},"geometry":{"type":"Polygon","coordinates":[[[-53.333333,-2.843261],[-53.333333,-4.267026],[-51.666667,-4.267026],[-50.0,-4.267026],[-50.0,-2.843261],[-50.0,-1.421204],[-51.666667,-1.421204],[-53.333333,-1.421204],[-53.333333,-2.843261]]]}},{"type":"Feature","properties":{"resolution":3},"geometry":{"type":"Polygon","coordinates":[[[-50.0,2.843261],[-50.0,1.421204],[-48.333333,1.421204],[-46.666667,1.421204],[-46.666667,2.843261],[-46.666667,4.267026],[-48.333333,4.267026],[-50.0,4.267026],[-50.0,2.843261]]]}},{"type":"Feature","properties":{"resolution":3},"geometry":{"type":"Polygon","coordinates":[[[-50.0,0.0],[-50.0,-1.421204],[-48.333333,-1.421204],[-46.666667,-1.421204],[-46.666667,0.0],[-46.666667,1.421204],[-48.333333,1.421204],[-50.0,1.421204],[-50.0,0.0]]]}},{"type":"Feature","properties":{"resolution":3},"geometry":{"type":"Polygon","coordinates":[[[-46.666667,0.0],[-46.666667,-1.421204],[-45.0,-1.421204],[-43.333333,-1.421204],[-43.333333,0.0],[-43.333333,1.421204],[-45.0,1.421204],[-46.666667,1.421204],[-46.666667,0.0]]]}},{"type":"Feature","properties":{"resolution":3},"geometry":{"type":"Polygon","coordinates":[[[-50.0,-2.843261],[-50.0,-4.267026],[-48.333333,-4.267026],[-46.666667,-4.267026],[-46.666667,-2.843261],[-46.666667,-1.421204],[-48.333333,-1.421204],[-50.0,-1.421204],[-50.0,-2.843261]]]}},{"type":"Feature","properties":{"resolution":3},"geometry":{"type":"Polygon","coordinates":[[[-46.666667,-2.843261],[-46.666667,-4.267026],[-45.0,-4.267026],[-43.333333,-4.267026],[-43.333333,-2.843261],[-43.333333,-1.421204],[-45.0,-1.421204],[-46.666667,-1.421204],[-46.666667,-2.843261]]]}},{"type":"Feature","properties":{"resolution":3},"geometry":{"type":"Polygon","coordinates":[[[-43.333333,-2.843261],[-43.333333,-4.267026],[-41.666667,-4.267026],[-40.0,-4.267026],[-40.0,-2.843261],[-40.0,-1.421204],[-41.666667,-1.421204],[-43.333333,-1.421204],[-43.333333,-2.843261]]]}},{"type":"Feature","properties":{"resolution":3},"geometry":{"type":"Polygon","coordinates":[[[-40.0,-2.843261],[-40.0,-4.267026],[-38.333333,-4.267026],[-36.666667,-4.267026],[-36.666667,-2.843261],[-36.666667,-1.421204],[-38.333333,-1.421204],[-40.0,-1.421204],[-40.0,-2.843261]]]}},{"type":"Feature","properties":{"resolution":2},"geometry":{"type":"Polygon","coordinates":[[[-60.0,-6.407776],[-60.0,-8.557312],[-60.0,-10.718737],[-60.0,-12.895313],[-57.5,-12.895313],[-55.0,-12.895313],[-52.5,-12.895313],[-50.0,-12.895313],[-50.0,-10.718737],[-50.0,-8.557312],[-50.0,-6.407776],[-50.0,-4.267026],[-52.5,-4.267026],[-55.0,-4.267026],[-57.5,-4.267026],[-60.0,-4.267026],[-60.0,-6.407776]]]}},{"type":"Feature","properties":{"resolution":2},"geometry":{"type":"Polygon","coordinates":[[[-50.0,-6.407776],[-50.0,-8.557312],[-50.0,-10.718737],[-50.0,-12.895313],[-47.5,-12.895313],[-45.0,-12.895313],[-42.5,-12.895313],[-40.0,-12.895313],[-40.0,-10.718737],[-40.0,-8.557312],[-40.0,-6.407776],[-40.0,-4.267026],[-42.5,-4.267026],[-45.0,-4.267026],[-47.5,-4.267026],[-50.0,-4.267026],[-50.0,-6.407776]]]}},{"type":"Feature","properties":{"resolution":3},"geometry":{"type":"Polygon","coordinates":[[[-40.0,-5.693366],[-40.0,-7.123161],[-38.333333,-7.123161],[-36.666667,-7.123161],[-36.666667,-5.693366],[-36.666667,-4.267026],[-38.333333,-4.267026],[-40.0,-4.267026],[-40.0,-5.693366]]]}},{"type":"Feature","properties":{"resolution":3},"geometry":{"type":"Polygon","coordinates":[[[-36.666667,-5.693366],[-36.666667,-7.123161],[-35.0,-7.123161],[-33.333333,-7.123161],[-33.333333,-5.693366],[-33.333333,-4.267026],[-35.0,-4.267026],[-36.666667,-4.267026],[-36.666667,-5.693366]]]}},{"type":"Feature","properties":{"resolution":3},"geometry":{"type":"Polygon","coordinates":[[[-40.0,-8.557312],[-40.0,-9.996743],[-38.333333,-9.996743],[-36.666667,-9.996743],[-36.666667,-8.557312],[-36.666667,-7.123161],[-38.333333,-7.123161],[-40.0,-7.123161],[-40.0,-8.557312]]]}},{"type":"Feature","properties":{"resolution":3},"geometry":{"type":"Polygon","coordinates":[[[-36.666667,-8.557312],[-36.666667,-9.996743],[-35.0,-9.996743],[-33.333333,-9.996743],[-33.333333,-8.557312],[-33.333333,-7.123161],[-35.0,-7.123161],[-36.666667,-7.123161],[-36.666667,-8.557312]]]}},{"type":"Feature","properties":{"resolution":3},"geometry":{"type":"Polygon","coordinates":[[[-40.0,-11.442413],[-40.0,-12.895313],[-38.333333,-12.895313],[-36.666667,-12.895313],[-36.666667,-11.442413],[-36.666667,-9.996743],[-38.333333,-9.996743],[-40.0,-9.996743],[-40.0,-11.442413]]]}},{"type":"Feature","properties":{"resolution":3},"geometry":{"type":"Polygon","coordinates":[[[-36.666667,-11.442413],[-36.666667,-12.895313],[-35.0,-12.895313],[-33.333333,-12.895313],[-33.333333,-11.442413],[-33.333333,-9.996743],[-35.0,-9.996743],[-36.666667,-9.996743],[-36.666667,-11.442413]]]}},{"type":"Feature","properties":{"resolution":3},"geometry":{"type":"Polygon","coordinates":[[[-20.0,11.442413],[-20.0,9.996743],[-18.333333,9.996743],[-16.666667,9.996743],[-16.666667,11.442413],[-16.666667,12.895313],[-18.333333,12.895313],[-20.0,12.895313],[-20.0,11.442413]]]}},{"type":"Feature","properties":{"resolution":3},"geometry":{"type":"Polygon","coordinates":[[[-16.666667,11.442413],[-16.666667,9.996743],[-15.0,9.996743],[-13.333333,9.996743],[-13.333333,11.442413],[-13.333333,12.895313],[-15.0,12.895313],[-16.666667,12.895313],[-16.666667,11.442413]]]}},{"type":"Feature","properties":{"resolution":3},"geometry":{"type":"Polygon","coordinates":[[[-13.333333,11.442413],[-13.333333,9.996743],[-11.666667,9.996743],[-10.0,9.996743],[-10.0,11.442413],[-10.0,12.895313],[-11.666667,12.895313],[-13.333333,12.895313],[-13.333333,11.442413]]]}},{"type":"Feature","properties":{"resolution":3},"geometry":{"type":"Polygon","coordinates":[[[-16.666667,8.557312],[-16.666667,7.123161],[-15.0,7.123161],[-13.333333,7.123161],[-13.333333,8.557312],[-13.333333,9.996743],[-15.0,9.996743],[-16.666667,9.996743],[-16.666667,8.557312]]]}},{"type":"Feature","properties":{"resolution":3},"geometry":{"type":"Polygon","coordinates":[[[-13.333333,8.557312],[-13.333333,7.123161],[-11.666667,7.123161],[-10.0,7.123161],[-10.0,8.557312],[-10.0,9.996743],[-11.666667,9.996743],[-13.333333,9.996743],[-13.333333,8.557312]]]}},{"type":"Feature","properties":{"resolution":3},"geometry":{"type":"Polygon","coordinates":[[[-13.333333,5.693366],[-13.333333,4.267026],[-11.666667,4.267026],[-10.0,4.267026],[-10.0,5.693366],[-10.0,7.123161],[-11.666667,7.123161],[-13.333333,7.123161],[-13.333333,5.693366]]]}},{"type":"Feature","properties":{"resolution":3},"geometry":{"type":"Polygon","coordinates":[[[-10.0,11.442413],[-10.0,9.996743],[-8.333333,9.996743],[-6.666667,9.996743],[-6.666667,11.442413],[-6.666667,12.895313],[-8.333333,12.895313],[-10.0,12.895313],[-10.0,11.442413]]]}},{"type":"Feature","properties":{"resolution":3},"geometry":{"type":"Polygon","coordinates":[[[-6.666667,11.442413],[-6.666667,9.996743],[-5.0,9.996743],[-3.333333,9.996743],[-3.333333,11.442413],[-3.333333,12.895313],[-5.0,12.895313],[-6.666667,12.895313],[-6.666667,11.442413]]]}},{"type":"Feature","properties":{"resolution":3},"geometry":{"type":"Polygon","coordinates":[[[-3.333333,11.442413],[-3.333333,9.996743],[-1.666667,9.996743],[0.0,9.996743],[0.0,11.442413],[0.0,12.895313],[-1.666667,12.895313],[-3.333333,12.895313],[-3.333333,11.442413]]]}},{"type":"Feature","properties":{"resolution":3},"geometry":{"type":"Polygon","coordinates":[[[-10.0,8.557312],[-10.0,7.123161],[-8.333333,7.123161],[-6.666667,7.123161],[-6.666667,8.557312],[-6.666667,9.996743],[-8.333333,9.996743],[-10.0,9.996743],[-10.0,8.557312]]]}},{"type":"Feature","properties":{"resolution":3},"geometry":{"type":"Polygon","coordinates":[[[-6.666667,8.557312],[-6.666667,7.123161],[-5.0,7.123161],[-3.333333,7.123161],[-3.333333,8.557312],[-3.333333,9.996743],[-5.0,9.996743],[-6.666667,9.996743],[-6.666667,8.557312]]]}},{"type":"Feature","properties":{"resolution":3},"geometry":{"type":"Polygon","coordinates":[[[-3.333333,8.557312],[-3.333333,7.123161],[-1.666667,7.123161],[0.0,7.123161],[0.0,8.557312],[0.0,9.996743],[-1.666667,9.996743],[-3.333333,9.996743],[-3.333333,8.557312]]]}},{"type":"Feature","properties":{"resolution":3},"geometry":{"type":"Polygon","coordinates":[[[-10.0,5.693366],[-10.0,4.267026],[-8.333333,4.267026],[-6.666667,4.267026],[-6.666667,5.693366],[-6.666667,7.123161],[-8.333333,7.123161],[-10.0,7.123161],[-10.0,5.693366]]]}},{"type":"Feature","properties":{"resolution":3},"geometry":{"type":"Polygon","coordinates":[[[-6.666667,5.693366],[-6.666667,4.267026],[-5.0,4.267026],[-3.333333,4.267026],[-3.333333,5.693366],[-3.333333,7.123161],[-5.0,7.123161],[-6.666667,7.123161],[-6.666667,5.693366]]]}},{"type":"Feature","properties":{"resolution":3},"geometry":{"type":"Polygon","coordinates":[[[-3.333333,5.693366],[-3.333333,4.267026],[-1.666667,4.267026],[0.0,4.267026],[0.0,5.693366],[0.0,7.123161],[-1.666667,7.123161],[-3.333333,7.123161],[-3.333333,5.693366]]]}},{"type":"Feature","properties":{"resolution":3},"geometry":{"type":"Polygon","coordinates":[[[-80.0,-14.356483],[-80.0,-15.827012],[-78.333333,-15.827012],[-76.666667,-15.827012],[-76.666667,-14.356483],[-76.666667,-12.895313],[-78.333333,-12.895313],[-80.0,-12.895313],[-80.0,-14.356483]]]}},{"type":"Feature","properties":{"resolution":3},"geometry":{"type":"Polygon","coordinates":[[[-76.666667,-14.356483],[-76.666667,-15.827012],[-75.0,-15.827012],[-73.333333,-15.827012],[-73.333333,-14.356483],[-73.333333,-12.895313],[-75.0,-12.895313],[-76.666667,-12.895313],[-76.666667,-14.356483]]]}},{"type":"Feature","properties":{"resolution":3},"geometry":{"type":"Polygon","coordinates":[[[-73.333333,-14.356483],[-73.333333,-15.827012],[-71.666667,-15.827012],[-70.0,-15.827012],[-70.0,-14.356483],[-70.0,-12.895313],[-71.666667,-12.895313],[-73.333333,-12.895313],[-73.333333,-14.356483]]]}},{"type":"Feature","properties":{"resolution":3},"geometry":{"type":"Polygon","coordinates":[[[-76.666667,-17.308054],[-76.666667,-18.80083],[-75.0,-18.80083],[-73.333333,-18.80083],[-73.333333,-17.308054],[-73.333333,-15.827012],[-75.0,-15.827012],[-76.666667,-15.827012],[-76.666667,-17.308054]]]}},{"type":"Feature","properties":{"resolution":3},"geometry":{"type":"Polygon","coordinates":[[[-73.333333,-17.308054],[-73.333333,-18.80083],[-71.666667,-18.80083],[-70.0,-18.80083],[-70.0,-17.308054],[-70.0,-15.827012],[-71.666667,-15.827012],[-73.333333,-15.827012],[-73.333333,-17.308054]]]}},{"type":"Feature","properties":{"resolution":3},"geometry":{"type":"Polygon","coordinates":[[[-73.333333,-20.306645],[-73.333333,-21.826902],[-71.666667,-21.826902],[-70.0,-21.826902],[-70.0,-20.306645],[-70.0,-18.80083],[-71.666667,-18.80083],[-73.333333,-18.80083],[-73.333333,-20.306645]]]}},{"type":"Feature","properties":{"resolution":2},"geometry":{"type":"Polygon","coordinates":[[[-70.0,-15.090507],[-70.0,-17.308054],[-70.0,-19.552022],[-70.0,-21.826902],[-67.5,-21.826902],[-65.0,-21.826902],[-62.5,-21.826902],[-60.0,-21.826902],[-60.0,-19.552022],[-60.0,-17.308054],[-60.0,-15.090507],[-60.0,-12.895313],[-62.5,-12.895313],[-65.0,-12.895313],[-67.5,-12.895313],[-70.0,-12.895313],[-70.0,-15.090507]]]}},{"type":"Feature","properties":{"resolution":3},"geometry":{"type":"Polygon","coordinates":[[[-73.333333,-23.363114],[-73.333333,-24.916921],[-71.666667,-24.916921],[-70.0,-24.916921],[-70.0,-23.363114],[-70.0,-21.826902],[-71.666667,-21.826902],[-73.333333,-21.826902],[-73.333333,-23.363114]]]}},{"type":"Feature","properties":{"resolution":3},"geometry":{"type":"Polygon","coordinates":[[[-73.333333,-26.490119],[-73.333333,-28.084676],[-71.666667,-28.084676],[-70.0,-28.084676],[-70.0,-26.490119],[-70.0,-24.916921],[-71.666667,-24.916921],[-73.333333,-24.916921],[-73.333333,-26.490119]]]}},{"type":"Feature","properties":{"resolution":3},"geometry":{"type":"Polygon","coordinates":[[[-73.333333,-29.702772],[-73.333333,-31.34683],[-71.666667,-31.34683],[-70.0,-31.34683],[-70.0,-29.702772],[-70.0,-28.084676],[-71.666667,-28.084676],[-73.333333,-28.084676],[-73.333333,-29.702772]]]}},{"type":"Feature","properties":{"resolution":2},"geometry":{"type":"Polygon","coordinates":[[[-70.0,-24.13771],[-70.0,-26.490119],[-70.0,-28.890636],[-70.0,-31.34683],[-67.5,-31.34683],[-65.0,-31.34683],[-62.5,-31.34683],[-60.0,-31.34683],[-60.0,-28.890636],[-60.0,-26.490119],[-60.0,-24.13771],[-60.0,-21.826902],[-62.5,-21.826902],[-65.0,-21.826902],[-67.5,-21.826902],[-70.0,-21.826902],[-70.0,-24.13771]]]}},{"type":"Feature","properties":{"resolution":3},"geometry":{"type":"Polygon","coordinates":[[[-73.333333,-33.019568],[-73.333333,-34.724053],[-71.666667,-34.724053],[-70.0,-34.724053],[-70.0,-33.019568],[-70.0,-31.34683],[-71.666667,-31.34683],[-73.333333,-31.34683],[-73.333333,-33.019568]]]}},{"type":"Feature","properties":{"resolution":3},"geometry":{"type":"Polygon","coordinates":[[[-76.666667,-36.463778],[-76.666667,-38.242754],[-75.0,-38.242754],[-73.333333,-38.242754],[-73.333333,-36.463778],[-73.333333,-34.724053],[-75.0,-34.724053],[-76.666667,-34.724053],[-76.666667,-36.463778]]]}},{"type":"Feature","properties":{"resolution":3},"geometry":{"type":"Polygon","coordinates":[[[-73.333333,-36.463778],[-73.333333,-38.242754],[-71.666667,-38.242754],[-70.0,-38.242754],[-70.0,-36.463778],[-70.0,-34.724053],[-71.666667,-34.724053],[-73.333333,-34.724053],[-73.333333,-36.463778]]]}},{"type":"Feature","properties":{"resolution":3},"geometry":{"type":"Polygon","coordinates":[[[-76.666667,-40.065629],[-76.666667,-41.937854],[-75.0,-41.937854],[-73.333333,-41.937854],[-73.333333,-40.065629],[-73.333333,-38.242754],[-75.0,-38.242754],[-76.666667,-38.242754],[-76.666667,-40.065629]]]}},{"type":"Feature","properties":{"resolution":3},"geometry":{"type":"Polygon","coordinates":[[[-73.333333,-40.065629],[-73.333333,-41.937854],[-71.666667,-41.937854],[-70.0,-41.937854],[-70.0,-40.065629],[-70.0,-38.242754],[-71.666667,-38.242754],[-73.333333,-38.242754],[-73.333333,-40.065629]]]}},{"type":"Feature","properties":{"resolution":3},"geometry":{"type":"Polygon","coordinates":[[[-70.0,-33.019568],[-70.0,-34.724053],[-68.333333,-34.724053],[-66.666667,-34.724053],[-66.666667,-33.019568],[-66.666667,-31.34683],[-68.333333,-31.34683],[-70.0,-31.34683],[-70.0,-33.019568]]]}},{"type":"Feature","properties":{"resolution":3},"geometry":{"type":"Polygon","coordinates":[[[-66.666667,-33.019568],[-66.666667,-34.724053],[-65.0,-34.724053],[-63.333333,-34.724053],[-63.333333,-33.019568],[-63.333333,-31.34683],[-65.0,-31.34683],[-66.666667,-31.34683],[-66.666667,-33.019568]]]}},{"type":"Feature","properties":{"resolution":3},"geometry":{"type":"Polygon","coordinates":[[[-63.333333,-33.019568],[-63.333333,-34.724053],[-61.666667,-34.724053],[-60.0,-34.724053],[-60.0,-33.019568],[-60.0,-31.34683],[-61.666667,-31.34683],[-63.333333,-31.34683],[-63.333333,-33.019568]]]}},{"type":"Feature","properties":{"resolution":3},"geometry":{"type":"Polygon","coordinates":[[[-70.0,-36.463778],[-70.0,-38.242754],[-68.333333,-38.242754],[-66.666667,-38.242754],[-66.666667,-36.463778],[-66.666667,-34.724053],[-68.333333,-34.724053],[-70.0,-34.724053],[-70.0,-36.463778]]]}},{"type":"Feature","properties":{"resolution":3},"geometry":{"type":"Polygon","coordinates":[[[-66.666667,-36.463778],[-66.666667,-38.242754],[-65.0,-38.242754],[-63.333333,-38.242754],[-63.333333,-36.463778],[-63.333333,-34.724053],[-65.0,-34.724053],[-66.666667,-34.724053],[-66.666667,-36.463778]]]}},{"type":"Feature","properties":{"resolution":3},"geometry":{"type":"Polygon","coordinates":[[[-63.333333,-36.463778],[-63.333333,-38.242754],[-61.666667,-38.242754],[-60.0,-38.242754],[-60.0,-36.463778],[-60.0,-34.724053],[-61.666667,-34.724053],[-63.333333,-34.724053],[-63.333333,-36.463778]]]}},{"type":"Feature","properties":{"resolution":3},"geometry":{"type":"Polygon","coordinates":[[[-70.0,-40.065629],[-70.0,-41.937854],[-68.333333,-41.937854],[-66.666667,-41.937854],[-66.666667,-40.065629],[-66.666667,-38.242754],[-68.333333,-38.242754],[-70.0,-38.242754],[-70.0,-40.065629]]]}},{"type":"Feature","properties":{"resolution":3},"geometry":{"type":"Polygon","coordinates":[[[-66.666667,-40.065629],[-66.666667,-41.937854],[-65.0,-41.937854],[-63.333333,-41.937854],[-63.333333,-40.065629],[-63.333333,-38.242754],[-65.0,-38.242754],[-66.666667,-38.242754],[-66.666667,-40.065629]]]}},{"type":"Feature","properties":{"resolution":3},"geometry":{"type":"Polygon","coordinates":[[[-63.333333,-40.065629],[-63.333333,-41.937854],[-61.666667,-41.937854],[-60.0,-41.937854],[-60.0,-40.065629],[-60.0,-38.242754],[-61.666667,-38.242754],[-63.333333,-38.242754],[-63.333333,-40.065629]]]}},{"type":"Feature","properties":{"resolution":2},"geometry":{"type":"Polygon","coordinates":[[[-60.0,-15.090507],[-60.0,-17.308054],[-60.0,-19.552022],[-60.0,-21.826902],[-57.5,-21.826902],[-55.0,-21.826902],[-52.5,-21.826902],[-50.0,-21.826902],[-50.0,-19.552022],[-50.0,-17.308054],[-50.0,-15.090507],[-50.0,-12.895313],[-52.5,-12.895313],[-55.0,-12.895313],[-57.5,-12.895313],[-60.0,-12.895313],[-60.0,-15.090507]]]}},{"type":"Feature","properties":{"resolution":3},"geometry":{"type":"Polygon","coordinates":[[[-50.0,-14.356483],[-50.0,-15.827012],[-48.333333,-15.827012],[-46.666667,-15.827012],[-46.666667,-14.356483],[-46.666667,-12.895313],[-48.333333,-12.895313],[-50.0,-12.895313],[-50.0,-14.356483]]]}},{"type":"Feature","properties":{"resolution":3},"geometry":{"type":"Polygon","coordinates":[[[-46.666667,-14.356483],[-46.666667,-15.827012],[-45.0,-15.827012],[-43.333333,-15.827012],[-43.333333,-14.356483],[-43.333333,-12.895313],[-45.0,-12.895313],[-46.666667,-12.895313],[-46.666667,-14.356483]]]}},{"type":"Feature","properties":{"resolution":3},"geometry":{"type":"Polygon","coordinates":[[[-43.333333,-14.356483],[-43.333333,-15.827012],[-41.666667,-15.827012],[-40.0,-15.827012],[-40.0,-14.356483],[-40.0,-12.895313],[-41.666667,-12.895313],[-43.333333,-12.895313],[-43.333333,-14.356483]]]}},{"type":"Feature","properties":{"resolution":3},"geometry":{"type":"Polygon","coordinates":[[[-50.0,-17.308054],[-50.0,-18.80083],[-48.333333,-18.80083],[-46.666667,-18.80083],[-46.666667,-17.308054],[-46.666667,-15.827012],[-48.333333,-15.827012],[-50.0,-15.827012],[-50.0,-17.308054]]]}},{"type":"Feature","properties":{"resolution":3},"geometry":{"type":"Polygon","coordinates":[[[-46.666667,-17.308054],[-46.666667,-18.80083],[-45.0,-18.80083],[-43.333333,-18.80083],[-43.333333,-17.308054],[-43.333333,-15.827012],[-45.0,-15.827012],[-46.666667,-15.827012],[-46.666667,-17.308054]]]}},{"type":"Feature","properties":{"resolution":3},"geometry":{"type":"Polygon","coordinates":[[[-43.333333,-17.308054],[-43.333333,-18.80083],[-41.666667,-18.80083],[-40.0,-18.80083],[-40.0,-17.308054],[-40.0,-15.827012],[-41.666667,-15.827012],[-43.333333,-15.827012],[-43.333333,-17.308054]]]}},{"type":"Feature","properties":{"resolution":3},"geometry":{"type":"Polygon","coordinates":[[[-50.0,-20.306645],[-50.0,-21.826902],[-48.333333,-21.826902],[-46.666667,-21.826902],[-46.666667,-20.306645],[-46.666667,-18.80083],[-48.333333,-18.80083],[-50.0,-18.80083],[-50.0,-20.306645]]]}},{"type":"Feature","properties":{"resolution":3},"geometry":{"type":"Polygon","coordinates":[[[-46.666667,-20.306645],[-46.666667,-21.826902],[-45.0,-21.826902],[-43.333333,-21.826902],[-43.333333,-20.306645],[-43.333333,-18.80083],[-45.0,-18.80083],[-46.666667,-18.80083],[-46.666667,-20.306645]]]}},{"type":"Feature","properties":{"resolution":3},"geometry":{"type":"Polygon","coordinates":[[[-43.333333,-20.306645],[-43.333333,-21.826902],[-41.666667,-21.826902],[-40.0,-21.826902],[-40.0,-20.306645],[-40.0,-18.80083],[-41.666667,-18.80083],[-43.333333,-18.80083],[-43.333333,-20.306645]]]}},{"type":"Feature","properties":{"resolution":3},"geometry":{"type":"Polygon","coordinates":[[[-40.0,-14.356483],[-40.0,-15.827012],[-38.333333,-15.827012],[-36.666667,-15.827012],[-36.666667,-14.356483],[-36.666667,-12.895313],[-38.333333,-12.895313],[-40.0,-12.895313],[-40.0,-14.356483]]]}},{"type":"Feature","properties":{"resolution":3},"geometry":{"type":"Polygon","coordinates":[[[-40.0,-17.308054],[-40.0,-18.80083],[-38.333333,-18.80083],[-36.666667,-18.80083],[-36.666667,-17.308054],[-36.666667,-15.827012],[-38.333333,-15.827012],[-40.0,-15.827012],[-40.0,-17.308054]]]}},{"type":"Feature","properties":{"resolution":3},"geometry":{"type":"Polygon","coordinates":[[[-40.0,-20.306645],[-40.0,-21.826902],[-38.333333,-21.826902],[-36.666667,-21.826902],[-36.666667,-20.306645],[-36.666667,-18.80083],[-38.333333,-18.80083],[-40.0,-18.80083],[-40.0,-20.306645]]]}},{"type":"Feature","properties":{"resolution":3},"geometry":{"type":"Polygon","coordinates":[[[-60.0,-23.363114],[-60.0,-24.916921],[-58.333333,-24.916921],[-56.666667,-24.916921],[-56.666667,-23.363114],[-56.666667,-21.826902],[-58.333333,-21.826902],[-60.0,-21.826902],[-60.0,-23.363114]]]}},{"type":"Feature","properties":{"resolution":3},"geometry":{"type":"Polygon","coordinates":[[[-56.666667,-23.363114],[-56.666667,-24.916921],[-55.0,-24.916921],[-53.333333,-24.916921],[-53.333333,-23.363114],[-53.333333,-21.826902],[-55.0,-21.826902],[-56.666667,-21.826902],[-56.666667,-23.363114]]]}},{"type":"Feature","properties":{"resolution":3},"geometry":{"type":"Polygon","coordinates":[[[-53.333333,-23.363114],[-53.333333,-24.916921],[-51.666667,-24.916921],[-50.0,-24.916921],[-50.0,-23.363114],[-50.0,-21.826902],[-51.666667,-21.826902],[-53.333333,-21.826902],[-53.333333,-23.363114]]]}},{"type":"Feature","properties":{"resolution":3},"geometry":{"type":"Polygon","coordinates":[[[-60.0,-26.490119],[-60.0,-28.084676],[-58.333333,-28.084676],[-56.666667,-28.084676],[-56.666667,-26.490119],[-56.666667,-24.916921],[-58.333333,-24.916921],[-60.0,-24.916921],[-60.0,-26.490119]]]}},{"type":"Feature","properties":{"resolution":3},"geometry":{"type":"Polygon","coordinates":[[[-56.666667,-26.490119],[-56.666667,-28.084676],[-55.0,-28.084676],[-53.333333,-28.084676],[-53.333333,-26.490119],[-53.333333,-24.916921],[-55.0,-24.916921],[-56.666667,-24.916921],[-56.666667,-26.490119]]]}},{"type":"Feature","properties":{"resolution":3},"geometry":{"type":"Polygon","coordinates":[[[-53.333333,-26.490119],[-53.333333,-28.084676],[-51.666667,-28.084676],[-50.0,-28.084676],[-50.0,-26.490119],[-50.0,-24.916921],[-51.666667,-24.916921],[-53.333333,-24.916921],[-53.333333,-26.490119]]]}},{"type":"Feature","properties":{"resolution":3},"geometry":{"type":"Polygon","coordinates":[[[-60.0,-29.702772],[-60.0,-31.34683],[-58.333333,-31.34683],[-56.666667,-31.34683],[-56.666667,-29.702772],[-56.666667,-28.084676],[-58.333333,-28.084676],[-60.0,-28.084676],[-60.0,-29.702772]]]}},{"type":"Feature","properties":{"resolution":3},"geometry":{"type":"Polygon","coordinates":[[[-56.666667,-29.702772],[-56.666667,-31.34683],[-55.0,-31.34683],[-53.333333,-31.34683],[-53.333333,-29.702772],[-53.333333,-28.084676],[-55.0,-28.084676],[-56.666667,-28.084676],[-56.666667,-29.702772]]]}},{"type":"Feature","properties":{"resolution":3},"geometry":{"type":"Polygon","coordinates":[[[-53.333333,-29.702772],[-53.333333,-31.34683],[-51.666667,-31.34683],[-50.0,-31.34683],[-50.0,-29.702772],[-50.0,-28.084676],[-51.666667,-28.084676],[-53.333333,-28.084676],[-53.333333,-29.702772]]]}},{"type":"Feature","properties":{"resolution":3},"geometry":{"type":"Polygon","coordinates":[[[-50.0,-23.363114],[-50.0,-24.916921],[-48.333333,-24.916921],[-46.666667,-24.916921],[-46.666667,-23.363114],[-46.666667,-21.826902],[-48.333333,-21.826902],[-50.0,-21.826902],[-50.0,-23.363114]]]}},{"type":"Feature","properties":{"resolution":3},"geometry":{"type":"Polygon","coordinates":[[[-46.666667,-23.363114],[-46.666667,-24.916921],[-45.0,-24.916921],[-43.333333,-24.916921],[-43.333333,-23.363114],[-43.333333,-21.826902],[-45.0,-21.826902],[-46.666667,-21.826902],[-46.666667,-23.363114]]]}},{"type":"Feature","properties":{"resolution":3},"geometry":{"type":"Polygon","coordinates":[[[-43.333333,-23.363114],[-43.333333,-24.916921],[-41.666667,-24.916921],[-40.0,-24.916921],[-40.0,-23.363114],[-40.0,-21.826902],[-41.666667,-21.826902],[-43.333333,-21.826902],[-43.333333,-23.363114]]]}},{"type":"Feature","properties":{"resolution":3},"geometry":{"type":"Polygon","coordinates":[[[-50.0,-26.490119],[-50.0,-28.084676],[-48.333333,-28.084676],[-46.666667,-28.084676],[-46.666667,-26.490119],[-46.666667,-24.916921],[-48.333333,-24.916921],[-50.0,-24.916921],[-50.0,-26.490119]]]}},{"type":"Feature","properties":{"resolution":3},"geometry":{"type":"Polygon","coordinates":[[[-50.0,-29.702772],[-50.0,-31.34683],[-48.333333,-31.34683],[-46.666667,-31.34683],[-46.666667,-29.702772],[-46.666667,-28.084676],[-48.333333,-28.084676],[-50.0,-28.084676],[-50.0,-29.702772]]]}},{"type":"Feature","properties":{"resolution":3},"geometry":{"type":"Polygon","coordinates":[[[-60.0,-33.019568],[-60.0,-34.724053],[-58.333333,-34.724053],[-56.666667,-34.724053],[-56.666667,-33.019568],[-56.666667,-31.34683],[-58.333333,-31.34683],[-60.0,-31.34683],[-60.0,-33.019568]]]}},{"type":"Feature","properties":{"resolution":3},"geometry":{"type":"Polygon","coordinates":[[[-56.666667,-33.019568],[-56.666667,-34.724053],[-55.0,-34.724053],[-53.333333,-34.724053],[-53.333333,-33.019568],[-53.333333,-31.34683],[-55.0,-31.34683],[-56.666667,-31.34683],[-56.666667,-33.019568]]]}},{"type":"Feature","properties":{"resolution":3},"geometry":{"type":"Polygon","coordinates":[[[-53.333333,-33.019568],[-53.333333,-34.724053],[-51.666667,-34.724053],[-50.0,-34.724053],[-50.0,-33.019568],[-50.0,-31.34683],[-51.666667,-31.34683],[-53.333333,-31.34683],[-53.333333,-33.019568]]]}},{"type":"Feature","properties":{"resolution":3},"geometry":{"type":"Polygon","coordinates":[[[-60.0,-36.463778],[-60.0,-38.242754],[-58.333333,-38.242754],[-56.666667,-38.242754],[-56.666667,-36.463778],[-56.666667,-34.724053],[-58.333333,-34.724053],[-60.0,-34.724053],[-60.0,-36.463778]]]}},{"type":"Feature","properties":{"resolution":3},"geometry":{"type":"Polygon","coordinates":[[[-56.666667,-36.463778],[-56.666667,-38.242754],[-55.0,-38.242754],[-53.333333,-38.242754],[-53.333333,-36.463778],[-53.333333,-34.724053],[-55.0,-34.724053],[-56.666667,-34.724053],[-56.666667,-36.463778]]]}},{"type":"Feature","properties":{"resolution":3},"geometry":{"type":"Polygon","coordinates":[[[-60.0,-40.065629],[-60.0,-41.937854],[-58.333333,-41.937854],[-56.666667,-41.937854],[-56.666667,-40.065629],[-56.666667,-38.242754],[-58.333333,-38.242754],[-60.0,-38.242754],[-60.0,-40.065629]]]}},{"type":"Feature","properties":{"resolution":3},"geometry":{"type":"Polygon","coordinates":[[[0.0,40.065629],[0.0,38.242754],[1.666667,38.242754],[3.333333,38.242754],[3.333333,40.065629],[3.333333,41.937854],[1.666667,41.937854],[0.0,41.937854],[0.0,40.065629]]]}},{"type":"Feature","properties":{"resolution":3},"geometry":{"type":"Polygon","coordinates":[[[6.666667,40.065629],[6.666667,38.242754],[8.333333,38.242754],[10.0,38.242754],[10.0,40.065629],[10.0,41.937854],[8.333333,41.937854],[6.666667,41.937854],[6.666667,40.065629]]]}},{"type":"Feature","properties":{"resolution":3},"geometry":{"type":"Polygon","coordinates":[[[0.0,36.463778],[0.0,34.724053],[1.666667,34.724053],[3.333333,34.724053],[3.333333,36.463778],[3.333333,38.242754],[1.666667,38.242754],[0.0,38.242754],[0.0,36.463778]]]}},{"type":"Feature","properties":{"resolution":3},"geometry":{"type":"Polygon","coordinates":[[[3.333333,36.463778],[3.333333,34.724053],[5.0,34.724053],[6.666667,34.724053],[6.666667,36.463778],[6.666667,38.242754],[5.0,38.242754],[3.333333,38.242754],[3.333333,36.463778]]]}},{"type":"Feature","properties":{"resolution":3},"geometry":{"type":"Polygon","coordinates":[[[6.666667,36.463778],[6.666667,34.724053],[8.333333,34.724053],[10.0,34.724053],[10.0,36.463778],[10.0,38.242754],[8.333333,38.242754],[6.666667,38.242754],[6.666667,36.463778]]]}},{"type":"Feature","properties":{"resolution":3},"geometry":{"type":"Polygon","coordinates":[[[0.0,33.019568],[0.0,31.34683],[1.666667,31.34683],[3.333333,31.34683],[3.333333,33.019568],[3.333333,34.724053],[1.666667,34.724053],[0.0,34.724053],[0.0,33.019568]]]}},{"type":"Feature","properties":{"resolution":3},"geometry":{"type":"Polygon","coordinates":[[[3.333333,33.019568],[3.333333,31.34683],[5.0,31.34683],[6.666667,31.34683],[6.666667,33.019568],[6.666667,34.724053],[5.0,34.724053],[3.333333,34.724053],[3.333333,33.019568]]]}},{"type":"Feature","properties":{"resolution":3},"geometry":{"type":"Polygon","coordinates":[[[6.666667,33.019568],[6.666667,31.34683],[8.333333,31.34683],[10.0,31.34683],[10.0,33.019568],[10.0,34.724053],[8.333333,34.724053],[6.666667,34.724053],[6.666667,33.019568]]]}},{"type":"Feature","properties":{"resolution":3},"geometry":{"type":"Polygon","coordinates":[[[10.0,40.065629],[10.0,38.242754],[11.666667,38.242754],[13.333333,38.242754],[13.333333,40.065629],[13.333333,41.937854],[11.666667,41.937854],[10.0,41.937854],[10.0,40.065629]]]}},{"type":"Feature","properties":{"resolution":3},"geometry":{"type":"Polygon","coordinates":[[[13.333333,40.065629],[13.333333,38.242754],[15.0,38.242754],[16.666667,38.242754],[16.666667,40.065629],[16.666667,41.937854],[15.0,41.937854],[13.333333,41.937854],[13.333333,40.065629]]]}},{"type":"Feature","properties":{"resolution":3},"geometry":{"type":"Polygon","coordinates":[[[16.666667,40.065629],[16.666667,38.242754],[18.333333,38.242754],[20.0,38.242754],[20.0,40.065629],[20.0,41.937854],[18.333333,41.937854],[16.666667,41.937854],[16.666667,40.065629]]]}},{"type":"Feature","properties":{"resolution":3},"geometry":{"type":"Polygon","coordinates":[[[10.0,36.463778],[10.0,34.724053],[11.666667,34.724053],[13.333333,34.724053],[13.333333,36.463778],[13.333333,38.242754],[11.666667,38.242754],[10.0,38.242754],[10.0,36.463778]]]}},{"type":"Feature","properties":{"resolution":3},"geometry":{"type":"Polygon","coordinates":[[[13.333333,36.463778],[13.333333,34.724053],[15.0,34.724053],[16.666667,34.724053],[16.666667,36.463778],[16.666667,38.242754],[15.0,38.242754],[13.333333,38.242754],[13.333333,36.463778]]]}},{"type":"Feature","properties":{"resolution":3},"geometry":{"type":"Polygon","coordinates":[[[10.0,33.019568],[10.0,31.34683],[11.666667,31.34683],[13.333333,31.34683],[13.333333,33.019568],[13.333333,34.724053],[11.666667,34.724053],[10.0,34.724053],[10.0,33.019568]]]}},{"type":"Feature","properties":{"resolution":3},"geometry":{"type":"Polygon","coordinates":[[[13.333333,33.019568],[13.333333,31.34683],[15.0,31.34683],[16.666667,31.34683],[16.666667,33.019568],[16.666667,34.724053],[15.0,34.724053],[13.333333,34.724053],[13.333333,33.019568]]]}},{"type":"Feature","properties":{"resolution":3},"geometry":{"type":"Polygon","coordinates":[[[16.666667,33.019568],[16.666667,31.34683],[18.333333,31.34683],[20.0,31.34683],[20.0,33.019568],[20.0,34.724053],[18.333333,34.724053],[16.666667,34.724053],[16.666667,33.019568]]]}},{"type":"Feature","properties":{"resolution":3},"geometry":{"type":"Polygon","coordinates":[[[20.0,40.065629],[20.0,38.242754],[21.666667,38.242754],[23.333333,38.242754],[23.333333,40.065629],[23.333333,41.937854],[21.666667,41.937854],[20.0,41.937854],[20.0,40.065629]]]}},{"type":"Feature","properties":{"resolution":3},"geometry":{"type":"Polygon","coordinates":[[[23.333333,40.065629],[23.333333,38.242754],[25.0,38.242754],[26.666667,38.242754],[26.666667,40.065629],[26.666667,41.937854],[25.0,41.937854],[23.333333,41.937854],[23.333333,40.065629]]]}},{"type":"Feature","properties":{"resolution":3},"geometry":{"type":"Polygon","coordinates":[[[26.666667,40.065629],[26.666667,38.242754],[28.333333,38.242754],[30.0,38.242754],[30.0,40.065629],[30.0,41.937854],[28.333333,41.937854],[26.666667,41.937854],[26.666667,40.065629]]]}},{"type":"Feature","properties":{"resolution":3},"geometry":{"type":"Polygon","coordinates":[[[20.0,36.463778],[20.0,34.724053],[21.666667,34.724053],[23.333333,34.724053],[23.333333,36.463778],[23.333333,38.242754],[21.666667,38.242754],[20.0,38.242754],[20.0,36.463778]]]}},{"type":"Feature","properties":{"resolution":3},"geometry":{"type":"Polygon","coordinates":[[[23.333333,36.463778],[23.333333,34.724053],[25.0,34.724053],[26.666667,34.724053],[26.666667,36.463778],[26.666667,38.242754],[25.0,38.242754],[23.333333,38.242754],[23.333333,36.463778]]]}},{"type":"Feature","properties":{"resolution":3},"geometry":{"type":"Polygon","coordinates":[[[26.666667,36.463778],[26.666667,34.724053],[28.333333,34.724053],[30.0,34.724053],[30.0,36.463778],[30.0,38.242754],[28.333333,38.242754],[26.666667,38.242754],[26.666667,36.463778]]]}},{"type":"Feature","properties":{"resolution":3},"geometry":{"type":"Polygon","coordinates":[[[20.0,33.019568],[20.0,31.34683],[21.666667,31.34683],[23.333333,31.34683],[23.333333,33.019568],[23.333333,34.724053],[21.666667,34.724053],[20.0,34.724053],[20.0,33.019568]]]}},{"type":"Feature","properties":{"resolution":3},"geometry":{"type":"Polygon","coordinates":[[[23.333333,33.019568],[23.333333,31.34683],[25.0,31.34683],[26.666667,31.34683],[26.666667,33.019568],[26.666667,34.724053],[25.0,34.724053],[23.333333,34.724053],[23.333333,33.019568]]]}},{"type":"Feature","properties":{"resolution":3},"geometry":{"type":"Polygon","coordinates":[[[26.666667,33.019568],[26.666667,31.34683],[28.333333,31.34683],[30.0,31.34683],[30.0,33.019568],[30.0,34.724053],[28.333333,34.724053],[26.666667,34.724053],[26.666667,33.019568]]]}},{"type":"Feature","properties":{"resolution":2},"geometry":{"type":"Polygon","coordinates":[[[0.0,28.890636],[0.0,26.490119],[0.0,24.13771],[0.0,21.826902],[2.5,21.826902],[5.0,21.826902],[7.5,21.826902],[10.0,21.826902],[10.0,24.13771],[10.0,26.490119],[10.0,28.890636],[10.0,31.34683],[7.5,31.34683],[5.0,31.34683],[2.5,31.34683],[0.0,31.34683],[0.0,28.890636]]]}},{"type":"Feature","properties":{"resolution":3},"geometry":{"type":"Polygon","coordinates":[[[10.0,29.702772],[10.0,28.084676],[11.666667,28.084676],[13.333333,28.084676],[13.333333,29.702772],[13.333333,31.34683],[11.666667,31.34683],[10.0,31.34683],[10.0,29.702772]]]}},{"type":"Feature","properties":{"resolution":3},"geometry":{"type":"Polygon","coordinates":[[[13.333333,29.702772],[13.333333,28.084676],[15.0,28.084676],[16.666667,28.084676],[16.666667,29.702772],[16.666667,31.34683],[15.0,31.34683],[13.333333,31.34683],[13.333333,29.702772]]]}},{"type":"Feature","properties":{"resolution":3},"geometry":{"type":"Polygon","coordinates":[[[16.666667,29.702772],[16.666667,28.084676],[18.333333,28.084676],[20.0,28.084676],[20.0,29.702772],[20.0,31.34683],[18.333333,31.34683],[16.666667,31.34683],[16.666667,29.702772]]]}},{"type":"Feature","properties":{"resolution":3},"geometry":{"type":"Polygon","coordinates":[[[10.0,26.490119],[10.0,24.916921],[11.666667,24.916921],[13.333333,24.916921],[13.333333,26.490119],[13.333333,28.084676],[11.666667,28.084676],[10.0,28.084676],[10.0,26.490119]]]}},{"type":"Feature","properties":{"resolution":3},"geometry":{"type":"Polygon","coordinates":[[[13.333333,26.490119],[13.333333,24.916921],[15.0,24.916921],[16.666667,24.916921],[16.666667,26.490119],[16.666667,28.084676],[15.0,28.084676],[13.333333,28.084676],[13.333333,26.490119]]]}},{"type":"Feature","properties":{"resolution":3},"geometry":{"type":"Polygon","coordinates":[[[16.666667,26.490119],[16.666667,24.916921],[18.333333,24.916921],[20.0,24.916921],[20.0,26.490119],[20.0,28.084676],[18.333333,28.084676],[16.666667,28.084676],[16.666667,26.490119]]]}},{"type":"Feature","properties":{"resolution":3},"geometry":{"type":"Polygon","coordinates":[[[10.0,23.363114],[10.0,21.826902],[11.666667,21.826902],[13.333333,21.826902],[13.333333,23.363114],[13.333333,24.916921],[11.666667,24.916921],[10.0,24.916921],[10.0,23.363114]]]}},{"type":"Feature","properties":{"resolution":3},"geometry":{"type":"Polygon","coordinates":[[[13.333333,23.363114],[13.333333,21.826902],[15.0,21.826902],[16.666667,21.826902],[16.666667,23.363114],[16.666667,24.916921],[15.0,24.916921],[13.333333,24.916921],[13.333333,23.363114]]]}},{"type":"Feature","properties":{"resolution":3},"geometry":{"type":"Polygon","coordinates":[[[16.666667,23.363114],[16.666667,21.826902],[18.333333,21.826902],[20.0,21.826902],[20.0,23.363114],[20.0,24.916921],[18.333333,24.916921],[16.666667,24.916921],[16.666667,23.363114]]]}},{"type":"Feature","properties":{"resolution":3},"geometry":{"type":"Polygon","coordinates":[[[20.0,29.702772],[20.0,28.084676],[21.666667,28.084676],[23.333333,28.084676],[23.333333,29.702772],[23.333333,31.34683],[21.666667,31.34683],[20.0,31.34683],[20.0,29.702772]]]}},{"type":"Feature","properties":{"resolution":3},"geometry":{"type":"Polygon","coordinates":[[[23.333333,29.702772],[23.333333,28.084676],[25.0,28.084676],[26.666667,28.084676],[26.666667,29.702772],[26.666667,31.34683],[25.0,31.34683],[23.333333,31.34683],[23.333333,29.702772]]]}},{"type":"Feature","properties":{"resolution":3},"geometry":{"type":"Polygon","coordinates":[[[26.666667,29.702772],[26.666667,28.084676],[28.333333,28.084676],[30.0,28.084676],[30.0,29.702772],[30.0,31.34683],[28.333333,31.34683],[26.666667,31.34683],[26.666667,29.702772]]]}},{"type":"Feature","properties":{"resolution":3},"geometry":{"type":"Polygon","coordinates":[[[20.0,26.490119],[20.0,24.916921],[21.666667,24.916921],[23.333333,24.916921],[23.333333,26.490119],[23.333333,28.084676],[21.666667,28.084676],[20.0,28.084676],[20.0,26.490119]]]}},{"type":"Feature","properties":{"resolution":3},"geometry":{"type":"Polygon","coordinates":[[[23.333333,26.490119],[23.333333,24.916921],[25.0,24.916921],[26.666667,24.916921],[26.666667,26.490119],[26.666667,28.084676],[25.0,28.084676],[23.333333,28.084676],[23.333333,26.490119]]]}},{"type":"Feature","properties":{"resolution":3},"geometry":{"type":"Polygon","coordinates":[[[26.666667,26.490119],[26.666667,24.916921],[28.333333,24.916921],[30.0,24.916921],[30.0,26.490119],[30.0,28.084676],[28.333333,28.084676],[26.666667,28.084676],[26.666667,26.490119]]]}},{"type":"Feature","properties":{"resolution":3},"geometry":{"type":"Polygon","coordinates":[[[20.0,23.363114],[20.0,21.826902],[21.666667,21.826902],[23.333333,21.826902],[23.333333,23.363114],[23.333333,24.916921],[21.666667,24.916921],[20.0,24.916921],[20.0,23.363114]]]}},{"type":"Feature","properties":{"resolution":3},"geometry":{"type":"Polygon","coordinates":[[[23.333333,23.363114],[23.333333,21.826902],[25.0,21.826902],[26.666667,21.826902],[26.666667,23.363114],[26.666667,24.916921],[25.0,24.916921],[23.333333,24.916921],[23.333333,23.363114]]]}},{"type":"Feature","properties":{"resolution":3},"geometry":{"type":"Polygon","coordinates":[[[26.666667,23.363114],[26.666667,21.826902],[28.333333,21.826902],[30.0,21.826902],[30.0,23.363114],[30.0,24.916921],[28.333333,24.916921],[26.666667,24.916921],[26.666667,23.363114]]]}},{"type":"Feature","properties":{"resolution":2},"geometry":{"type":"Polygon","coordinates":[[[0.0,19.552022],[0.0,17.308054],[0.0,15.090507],[0.0,12.895313],[2.5,12.895313],[5.0,12.895313],[7.5,12.895313],[10.0,12.895313],[10.0,15.090507],[10.0,17.308054],[10.0,19.552022],[10.0,21.826902],[7.5,21.826902],[5.0,21.826902],[2.5,21.826902],[0.0,21.826902],[0.0,19.552022]]]}},{"type":"Feature","properties":{"resolution":2},"geometry":{"type":"Polygon","coordinates":[[[10.0,19.552022],[10.0,17.308054],[10.0,15.090507],[10.0,12.895313],[12.5,12.895313],[15.0,12.895313],[17.5,12.895313],[20.0,12.895313],[20.0,15.090507],[20.0,17.308054],[20.0,19.552022],[20.0,21.826902],[17.5,21.826902],[15.0,21.826902],[12.5,21.826902],[10.0,21.826902],[10.0,19.552022]]]}},{"type":"Feature","properties":{"resolution":2},"geometry":{"type":"Polygon","coordinates":[[[20.0,19.552022],[20.0,17.308054],[20.0,15.090507],[20.0,12.895313],[22.5,12.895313],[25.0,12.895313],[27.5,12.895313],[30.0,12.895313],[30.0,15.090507],[30.0,17.308054],[30.0,19.552022],[30.0,21.826902],[27.5,21.826902],[25.0,21.826902],[22.5,21.826902],[20.0,21.826902],[20.0,19.552022]]]}},{"type":"Feature","properties":{"resolution":3},"geometry":{"type":"Polygon","coordinates":[[[30.0,40.065629],[30.0,38.242754],[31.666667,38.242754],[33.333333,38.242754],[33.333333,40.065629],[33.333333,41.937854],[31.666667,41.937854],[30.0,41.937854],[30.0,40.065629]]]}},{"type":"Feature","properties":{"resolution":3},"geometry":{"type":"Polygon","coordinates":[[[33.333333,40.065629],[33.333333,38.242754],[35.0,38.242754],[36.666667,38.242754],[36.666667,40.065629],[36.666667,41.937854],[35.0,41.937854],[33.333333,41.937854],[33.333333,40.065629]]]}},{"type":"Feature","properties":{"resolution":3},"geometry":{"type":"Polygon","coordinates":[[[36.666667,40.065629],[36.666667,38.242754],[38.333333,38.242754],[40.0,38.242754],[40.0,40.065629],[40.0,41.937854],[38.333333,41.937854],[36.666667,41.937854],[36.666667,40.065629]]]}},{"type":"Feature","properties":{"resolution":3},"geometry":{"type":"Polygon","coordinates":[[[30.0,36.463778],[30.0,34.724053],[31.666667,34.724053],[33.333333,34.724053],[33.333333,36.463778],[33.333333,38.242754],[31.666667,38.242754],[30.0,38.242754],[30.0,36.463778]]]}},{"type":"Feature","properties":{"resolution":3},"geometry":{"type":"Polygon","coordinates":[[[33.333333,36.463778],[33.333333,34.724053],[35.0,34.724053],[36.666667,34.724053],[36.666667,36.463778],[36.666667,38.242754],[35.0,38.242754],[33.333333,38.242754],[33.333333,36.463778]]]}},{"type":"Feature","properties":{"resolution":3},"geometry":{"type":"Polygon","coordinates":[[[36.666667,36.463778],[36.666667,34.724053],[38.333333,34.724053],[40.0,34.724053],[40.0,36.463778],[40.0,38.242754],[38.333333,38.242754],[36.666667,38.242754],[36.666667,36.463778]]]}},{"type":"Feature","properties":{"resolution":3},"geometry":{"type":"Polygon","coordinates":[[[30.0,33.019568],[30.0,31.34683],[31.666667,31.34683],[33.333333,31.34683],[33.333333,33.019568],[33.333333,34.724053],[31.666667,34.724053],[30.0,34.724053],[30.0,33.019568]]]}},{"type":"Feature","properties":{"resolution":3},"geometry":{"type":"Polygon","coordinates":[[[33.333333,33.019568],[33.333333,31.34683],[35.0,31.34683],[36.666667,31.34683],[36.666667,33.019568],[36.666667,34.724053],[35.0,34.724053],[33.333333,34.724053],[33.333333,33.019568]]]}},{"type":"Feature","properties":{"resolution":3},"geometry":{"type":"Polygon","coordinates":[[[36.666667,33.019568],[36.666667,31.34683],[38.333333,31.34683],[40.0,31.34683],[40.0,33.019568],[40.0,34.724053],[38.333333,34.724053],[36.666667,34.724053],[36.666667,33.019568]]]}},{"type":"Feature","properties":{"resolution":3},"geometry":{"type":"Polygon","coordinates":[[[40.0,40.065629],[40.0,38.242754],[41.666667,38.242754],[43.333333,38.242754],[43.333333,40.065629],[43.333333,41.937854],[41.666667,41.937854],[40.0,41.937854],[40.0,40.065629]]]}},{"type":"Feature","properties":{"resolution":3},"geometry":{"type":"Polygon","coordinates":[[[43.333333,40.065629],[43.333333,38.242754],[45.0,38.242754],[46.666667,38.242754],[46.666667,40.065629],[46.666667,41.937854],[45.0,41.937854],[43.333333,41.937854],[43.333333,40.065629]]]}},{"type":"Feature","properties":{"resolution":3},"geometry":{"type":"Polygon","coordinates":[[[46.666667,40.065629],[46.666667,38.242754],[48.333333,38.242754],[50.0,38.242754],[50.0,40.065629],[50.0,41.937854],[48.333333,41.937854],[46.666667,41.937854],[46.666667,40.065629]]]}},{"type":"Feature","properties":{"resolution":3},"geometry":{"type":"Polygon","coordinates":[[[40.0,36.463778],[40.0,34.724053],[41.666667,34.724053],[43.333333,34.724053],[43.333333,36.463778],[43.333333,38.242754],[41.666667,38.242754],[40.0,38.242754],[40.0,36.463778]]]}},{"type":"Feature","properties":{"resolution":3},"geometry":{"type":"Polygon","coordinates":[[[43.333333,36.463778],[43.333333,34.724053],[45.0,34.724053],[46.666667,34.724053],[46.666667,36.463778],[46.666667,38.242754],[45.0,38.242754],[43.333333,38.242754],[43.333333,36.463778]]]}},{"type":"Feature","properties":{"resolution":3},"geometry":{"type":"Polygon","coordinates":[[[46.666667,36.463778],[46.666667,34.724053],[48.333333,34.724053],[50.0,34.724053],[50.0,36.463778],[50.0,38.242754],[48.333333,38.242754],[46.666667,38.242754],[46.666667,36.463778]]]}},{"type":"Feature","properties":{"resolution":3},"geometry":{"type":"Polygon","coordinates":[[[40.0,33.019568],[40.0,31.34683],[41.666667,31.34683],[43.333333,31.34683],[43.333333,33.019568],[43.333333,34.724053],[41.666667,34.724053],[40.0,34.724053],[40.0,33.019568]]]}},{"type":"Feature","properties":{"resolution":3},"geometry":{"type":"Polygon","coordinates":[[[43.333333,33.019568],[43.333333,31.34683],[45.0,31.34683],[46.666667,31.34683],[46.666667,33.019568],[46.666667,34.724053],[45.0,34.724053],[43.333333,34.724053],[43.333333,33.019568]]]}},{"type":"Feature","properties":{"resolution":3},"geometry":{"type":"Polygon","coordinates":[[[46.666667,33.019568],[46.666667,31.34683],[48.333333,31.34683],[50.0,31.34683],[50.0,33.019568],[50.0,34.724053],[48.333333,34.724053],[46.666667,34.724053],[46.666667,33.019568]]]}},{"type":"Feature","properties":{"resolution":3},"geometry":{"type":"Polygon","coordinates":[[[50.0,40.065629],[50.0,38.242754],[51.666667,38.242754],[53.333333,38.242754],[53.333333,40.065629],[53.333333,41.937854],[51.666667,41.937854],[50.0,41.937854],[50.0,40.065629]]]}},{"type":"Feature","properties":{"resolution":3},"geometry":{"type":"Polygon","coordinates":[[[53.333333,40.065629],[53.333333,38.242754],[55.0,38.242754],[56.666667,38.242754],[56.666667,40.065629],[56.666667,41.937854],[55.0,41.937854],[53.333333,41.937854],[53.333333,40.065629]]]}},{"type":"Feature","properties":{"resolution":3},"geometry":{"type":"Polygon","coordinates":[[[56.666667,40.065629],[56.666667,38.242754],[58.333333,38.242754],[60.0,38.242754],[60.0,40.065629],[60.0,41.937854],[58.333333,41.937854],[56.666667,41.937854],[56.666667,40.065629]]]}},{"type":"Feature","properties":{"resolution":3},"geometry":{"type":"Polygon","coordinates":[[[50.0,36.463778],[50.0,34.724053],[51.666667,34.724053],[53.333333,34.724053],[53.333333,36.463778],[53.333333,38.242754],[51.666667,38.242754],[50.0,38.242754],[50.0,36.463778]]]}},{"type":"Feature","properties":{"resolution":3},"geometry":{"type":"Polygon","coordinates":[[[53.333333,36.463778],[53.333333,34.724053],[55.0,34.724053],[56.666667,34.724053],[56.666667,36.463778],[56.666667,38.242754],[55.0,38.242754],[53.333333,38.242754],[53.333333,36.463778]]]}},{"type":"Feature","properties":{"resolution":3},"geometry":{"type":"Polygon","coordinates":[[[56.666667,36.463778],[56.666667,34.724053],[58.333333,34.724053],[60.0,34.724053],[60.0,36.463778],[60.0,38.242754],[58.333333,38.242754],[56.666667,38.242754],[56.666667,36.463778]]]}},{"type":"Feature","properties":{"resolution":3},"geometry":{"type":"Polygon","coordinates":[[[50.0,33.019568],[50.0,31.34683],[51.666667,31.34683],[53.333333,31.34683],[53.333333,33.019568],[53.333333,34.724053],[51.666667,34.724053],[50.0,34.724053],[50.0,33.019568]]]}},{"type":"Feature","properties":{"resolution":3},"geometry":{"type":"Polygon","coordinates":[[[53.333333,33.019568],[53.333333,31.34683],[55.0,31.34683],[56.666667,31.34683],[56.666667,33.019568],[56.666667,34.724053],[55.0,34.724053],[53.333333,34.724053],[53.333333,33.019568]]]}},{"type":"Feature","properties":{"resolution":3},"geometry":{"type":"Polygon","coordinates":[[[56.666667,33.019568],[56.666667,31.34683],[58.333333,31.34683],[60.0,31.34683],[60.0,33.019568],[60.0,34.724053],[58.333333,34.724053],[56.666667,34.724053],[56.666667,33.019568]]]}},{"type":"Feature","properties":{"resolution":3},"geometry":{"type":"Polygon","coordinates":[[[30.0,29.702772],[30.0,28.084676],[31.666667,28.084676],[33.333333,28.084676],[33.333333,29.702772],[33.333333,31.34683],[31.666667,31.34683],[30.0,31.34683],[30.0,29.702772]]]}},{"type":"Feature","properties":{"resolution":3},"geometry":{"type":"Polygon","coordinates":[[[33.333333,29.702772],[33.333333,28.084676],[35.0,28.084676],[36.666667,28.084676],[36.666667,29.702772],[36.666667,31.34683],[35.0,31.34683],[33.333333,31.34683],[33.333333,29.702772]]]}},{"type":"Feature","properties":{"resolution":3},"geometry":{"type":"Polygon","coordinates":[[[36.666667,29.702772],[36.666667,28.084676],[38.333333,28.084676],[40.0,28.084676],[40.0,29.702772],[40.0,31.34683],[38.333333,31.34683],[36.666667,31.34683],[36.666667,29.702772]]]}},{"type":"Feature","properties":{"resolution":3},"geometry":{"type":"Polygon","coordinates":[[[30.0,26.490119],[30.0,24.916921],[31.666667,24.916921],[33.333333,24.916921],[33.333333,26.490119],[33.333333,28.084676],[31.666667,28.084676],[30.0,28.084676],[30.0,26.490119]]]}},{"type":"Feature","properties":{"resolution":3},"geometry":{"type":"Polygon","coordinates":[[[33.333333,26.490119],[33.333333,24.916921],[35.0,24.916921],[36.666667,24.916921],[36.666667,26.490119],[36.666667,28.084676],[35.0,28.084676],[33.333333,28.084676],[33.333333,26.490119]]]}},{"type":"Feature","properties":{"resolution":3},"geometry":{"type":"Polygon","coordinates":[[[36.666667,26.490119],[36.666667,24.916921],[38.333333,24.916921],[40.0,24.916921],[40.0,26.490119],[40.0,28.084676],[38.333333,28.084676],[36.666667,28.084676],[36.666667,26.490119]]]}},{"type":"Feature","properties":{"resolution":3},"geometry":{"type":"Polygon","coordinates":[[[30.0,23.363114],[30.0,21.826902],[31.666667,21.826902],[33.333333,21.826902],[33.333333,23.363114],[33.333333,24.916921],[31.666667,24.916921],[30.0,24.916921],[30.0,23.363114]]]}},{"type":"Feature","properties":{"resolution":3},"geometry":{"type":"Polygon","coordinates":[[[33.333333,23.363114],[33.333333,21.826902],[35.0,21.826902],[36.666667,21.826902],[36.666667,23.363114],[36.666667,24.916921],[35.0,24.916921],[33.333333,24.916921],[33.333333,23.363114]]]}},{"type":"Feature","properties":{"resolution":3},"geometry":{"type":"Polygon","coordinates":[[[36.666667,23.363114],[36.666667,21.826902],[38.333333,21.826902],[40.0,21.826902],[40.0,23.363114],[40.0,24.916921],[38.333333,24.916921],[36.666667,24.916921],[36.666667,23.363114]]]}},{"type":"Feature","properties":{"resolution":3},"geometry":{"type":"Polygon","coordinates":[[[40.0,29.702772],[40.0,28.084676],[41.666667,28.084676],[43.333333,28.084676],[43.333333,29.702772],[43.333333,31.34683],[41.666667,31.34683],[40.0,31.34683],[40.0,29.702772]]]}},{"type":"Feature","properties":{"resolution":3},"geometry":{"type":"Polygon","coordinates":[[[43.333333,29.702772],[43.333333,28.084676],[45.0,28.084676],[46.666667,28.084676],[46.666667,29.702772],[46.666667,31.34683],[45.0,31.34683],[43.333333,31.34683],[43.333333,29.702772]]]}},{"type":"Feature","properties":{"resolution":3},"geometry":{"type":"Polygon","coordinates":[[[46.666667,29.702772],[46.666667,28.084676],[48.333333,28.084676],[50.0,28.084676],[50.0,29.702772],[50.0,31.34683],[48.333333,31.34683],[46.666667,31.34683],[46.666667,29.702772]]]}},{"type":"Feature","properties":{"resolution":3},"geometry":{"type":"Polygon","coordinates":[[[40.0,26.490119],[40.0,24.916921],[41.666667,24.916921],[43.333333,24.916921],[43.333333,26.490119],[43.333333,28.084676],[41.666667,28.084676],[40.0,28.084676],[40.0,26.490119]]]}},{"type":"Feature","properties":{"resolution":3},"geometry":{"type":"Polygon","coordinates":[[[43.333333,26.490119],[43.333333,24.916921],[45.0,24.916921],[46.666667,24.916921],[46.666667,26.490119],[46.666667,28.084676],[45.0,28.084676],[43.333333,28.084676],[43.333333,26.490119]]]}},{"type":"Feature","properties":{"resolution":3},"geometry":{"type":"Polygon","coordinates":[[[46.666667,26.490119],[46.666667,24.916921],[48.333333,24.916921],[50.0,24.916921],[50.0,26.490119],[50.0,28.084676],[48.333333,28.084676],[46.666667,28.084676],[46.666667,26.490119]]]}},{"type":"Feature","properties":{"resolution":3},"geometry":{"type":"Polygon","coordinates":[[[40.0,23.363114],[40.0,21.826902],[41.666667,21.826902],[43.333333,21.826902],[43.333333,23.363114],[43.333333,24.916921],[41.666667,24.916921],[40.0,24.916921],[40.0,23.363114]]]}},{"type":"Feature","properties":{"resolution":3},"geometry":{"type":"Polygon","coordinates":[[[43.333333,23.363114],[43.333333,21.826902],[45.0,21.826902],[46.666667,21.826902],[46.666667,23.363114],[46.666667,24.916921],[45.0,24.916921],[43.333333,24.916921],[43.333333,23.363114]]]}},{"type":"Feature","properties":{"resolution":3},"geometry":{"type":"Polygon","coordinates":[[[46.666667,23.363114],[46.666667,21.826902],[48.333333,21.826902],[50.0,21.826902],[50.0,23.363114],[50.0,24.916921],[48.333333,24.916921],[46.666667,24.916921],[46.666667,23.363114]]]}},{"type":"Feature","properties":{"resolution":3},"geometry":{"type":"Polygon","coordinates":[[[50.0,29.702772],[50.0,28.084676],[51.666667,28.084676],[53.333333,28.084676],[53.333333,29.702772],[53.333333,31.34683],[51.666667,31.34683],[50.0,31.34683],[50.0,29.702772]]]}},{"type":"Feature","properties":{"resolution":3},"geometry":{"type":"Polygon","coordinates":[[[53.333333,29.702772],[53.333333,28.084676],[55.0,28.084676],[56.666667,28.084676],[56.666667,29.702772],[56.666667,31.34683],[55.0,31.34683],[53.333333,31.34683],[53.333333,29.702772]]]}},{"type":"Feature","properties":{"resolution":3},"geometry":{"type":"Polygon","coordinates":[[[56.666667,29.702772],[56.666667,28.084676],[58.333333,28.084676],[60.0,28.084676],[60.0,29.702772],[60.0,31.34683],[58.333333,31.34683],[56.666667,31.34683],[56.666667,29.702772]]]}},{"type":"Feature","properties":{"resolution":3},"geometry":{"type":"Polygon","coordinates":[[[50.0,26.490119],[50.0,24.916921],[51.666667,24.916921],[53.333333,24.916921],[53.333333,26.490119],[53.333333,28.084676],[51.666667,28.084676],[50.0,28.084676],[50.0,26.490119]]]}},{"type":"Feature","properties":{"resolution":3},"geometry":{"type":"Polygon","coordinates":[[[53.333333,26.490119],[53.333333,24.916921],[55.0,24.916921],[56.666667,24.916921],[56.666667,26.490119],[56.666667,28.084676],[55.0,28.084676],[53.333333,28.084676],[53.333333,26.490119]]]}},{"type":"Feature","properties":{"resolution":3},"geometry":{"type":"Polygon","coordinates":[[[56.666667,26.490119],[56.666667,24.916921],[58.333333,24.916921],[60.0,24.916921],[60.0,26.490119],[60.0,28.084676],[58.333333,28.084676],[56.666667,28.084676],[56.666667,26.490119]]]}},{"type":"Feature","properties":{"resolution":3},"geometry":{"type":"Polygon","coordinates":[[[50.0,23.363114],[50.0,21.826902],[51.666667,21.826902],[53.333333,21.826902],[53.333333,23.363114],[53.333333,24.916921],[51.666667,24.916921],[50.0,24.916921],[50.0,23.363114]]]}},{"type":"Feature","properties":{"resolution":3},"geometry":{"type":"Polygon","coordinates":[[[53.333333,23.363114],[53.333333,21.826902],[55.0,21.826902],[56.666667,21.826902],[56.666667,23.363114],[56.666667,24.916921],[55.0,24.916921],[53.333333,24.916921],[53.333333,23.363114]]]}},{"type":"Feature","properties":{"resolution":3},"geometry":{"type":"Polygon","coordinates":[[[56.666667,23.363114],[56.666667,21.826902],[58.333333,21.826902],[60.0,21.826902],[60.0,23.363114],[60.0,24.916921],[58.333333,24.916921],[56.666667,24.916921],[56.666667,23.363114]]]}},{"type":"Feature","properties":{"resolution":3},"geometry":{"type":"Polygon","coordinates":[[[30.0,20.306645],[30.0,18.80083],[31.666667,18.80083],[33.333333,18.80083],[33.333333,20.306645],[33.333333,21.826902],[31.666667,21.826902],[30.0,21.826902],[30.0,20.306645]]]}},{"type":"Feature","properties":{"resolution":3},"geometry":{"type":"Polygon","coordinates":[[[33.333333,20.306645],[33.333333,18.80083],[35.0,18.80083],[36.666667,18.80083],[36.666667,20.306645],[36.666667,21.826902],[35.0,21.826902],[33.333333,21.826902],[33.333333,20.306645]]]}},{"type":"Feature","properties":{"resolution":3},"geometry":{"type":"Polygon","coordinates":[[[36.666667,20.306645],[36.666667,18.80083],[38.333333,18.80083],[40.0,18.80083],[40.0,20.306645],[40.0,21.826902],[38.333333,21.826902],[36.666667,21.826902],[36.666667,20.306645]]]}},{"type":"Feature","properties":{"resolution":3},"geometry":{"type":"Polygon","coordinates":[[[30.0,17.308054],[30.0,15.827012],[31.666667,15.827012],[33.333333,15.827012],[33.333333,17.308054],[33.333333,18.80083],[31.666667,18.80083],[30.0,18.80083],[30.0,17.308054]]]}},{"type":"Feature","properties":{"resolution":3},"geometry":{"type":"Polygon","coordinates":[[[33.333333,17.308054],[33.333333,15.827012],[35.0,15.827012],[36.666667,15.827012],[36.666667,17.308054],[36.666667,18.80083],[35.0,18.80083],[33.333333,18.80083],[33.333333,17.308054]]]}},{"type":"Feature","properties":{"resolution":3},"geometry":{"type":"Polygon","coordinates":[[[36.666667,17.308054],[36.666667,15.827012],[38.333333,15.827012],[40.0,15.827012],[40.0,17.308054],[40.0,18.80083],[38.333333,18.80083],[36.666667,18.80083],[36.666667,17.308054]]]}},{"type":"Feature","properties":{"resolution":3},"geometry":{"type":"Polygon","coordinates":[[[30.0,14.356483],[30.0,12.895313],[31.666667,12.895313],[33.333333,12.895313],[33.333333,14.356483],[33.333333,15.827012],[31.666667,15.827012],[30.0,15.827012],[30.0,14.356483]]]}},{"type":"Feature","properties":{"resolution":3},"geometry":{"type":"Polygon","coordinates":[[[33.333333,14.356483],[33.333333,12.895313],[35.0,12.895313],[36.666667,12.895313],[36.666667,14.356483],[36.666667,15.827012],[35.0,15.827012],[33.333333,15.827012],[33.333333,14.356483]]]}},{"type":"Feature","properties":{"resolution":3},"geometry":{"type":"Polygon","coordinates":[[[36.666667,14.356483],[36.666667,12.895313],[38.333333,12.895313],[40.0,12.895313],[40.0,14.356483],[40.0,15.827012],[38.333333,15.827012],[36.666667,15.827012],[36.666667,14.356483]]]}},{"type":"Feature","properties":{"resolution":3},"geometry":{"type":"Polygon","coordinates":[[[40.0,20.306645],[40.0,18.80083],[41.666667,18.80083],[43.333333,18.80083],[43.333333,20.306645],[43.333333,21.826902],[41.666667,21.826902],[40.0,21.826902],[40.0,20.306645]]]}},{"type":"Feature","properties":{"resolution":3},"geometry":{"type":"Polygon","coordinates":[[[43.333333,20.306645],[43.333333,18.80083],[45.0,18.80083],[46.666667,18.80083],[46.666667,20.306645],[46.666667,21.826902],[45.0,21.826902],[43.333333,21.826902],[43.333333,20.306645]]]}},{"type":"Feature","properties":{"resolution":3},"geometry":{"type":"Polygon","coordinates":[[[46.666667,20.306645],[46.666667,18.80083],[48.333333,18.80083],[50.0,18.80083],[50.0,20.306645],[50.0,21.826902],[48.333333,21.826902],[46.666667,21.826902],[46.666667,20.306645]]]}},{"type":"Feature","properties":{"resolution":3},"geometry":{"type":"Polygon","coordinates":[[[40.0,17.308054],[40.0,15.827012],[41.666667,15.827012],[43.333333,15.827012],[43.333333,17.308054],[43.333333,18.80083],[41.666667,18.80083],[40.0,18.80083],[40.0,17.308054]]]}},{"type":"Feature","properties":{"resolution":3},"geometry":{"type":"Polygon","coordinates":[[[43.333333,17.308054],[43.333333,15.827012],[45.0,15.827012],[46.666667,15.827012],[46.666667,17.308054],[46.666667,18.80083],[45.0,18.80083],[43.333333,18.80083],[43.333333,17.308054]]]}},{"type":"Feature","properties":{"resolution":3},"geometry":{"type":"Polygon","coordinates":[[[46.666667,17.308054],[46.666667,15.827012],[48.333333,15.827012],[50.0,15.827012],[50.0,17.308054],[50.0,18.80083],[48.333333,18.80083],[46.666667,18.80083],[46.666667,17.308054]]]}},{"type":"Feature","properties":{"resolution":3},"geometry":{"type":"Polygon","coordinates":[[[40.0,14.356483],[40.0,12.895313],[41.666667,12.895313],[43.333333,12.895313],[43.333333,14.356483],[43.333333,15.827012],[41.666667,15.827012],[40.0,15.827012],[40.0,14.356483]]]}},{"type":"Feature","properties":{"resolution":3},"geometry":{"type":"Polygon","coordinates":[[[43.333333,14.356483],[43.333333,12.895313],[45.0,12.895313],[46.666667,12.895313],[46.666667,14.356483],[46.666667,15.827012],[45.0,15.827012],[43.333333,15.827012],[43.333333,14.356483]]]}},{"type":"Feature","properties":{"resolution":3},"geometry":{"type":"Polygon","coordinates":[[[46.666667,14.356483],[46.666667,12.895313],[48.333333,12.895313],[50.0,12.895313],[50.0,14.356483],[50.0,15.827012],[48.333333,15.827012],[46.666667,15.827012],[46.666667,14.356483]]]}},{"type":"Feature","properties":{"resolution":3},"geometry":{"type":"Polygon","coordinates":[[[50.0,20.306645],[50.0,18.80083],[51.666667,18.80083],[53.333333,18.80083],[53.333333,20.306645],[53.333333,21.826902],[51.666667,21.826902],[50.0,21.826902],[50.0,20.306645]]]}},{"type":"Feature","properties":{"resolution":3},"geometry":{"type":"Polygon","coordinates":[[[53.333333,20.306645],[53.333333,18.80083],[55.0,18.80083],[56.666667,18.80083],[56.666667,20.306645],[56.666667,21.826902],[55.0,21.826902],[53.333333,21.826902],[53.333333,20.306645]]]}},{"type":"Feature","properties":{"resolution":3},"geometry":{"type":"Polygon","coordinates":[[[56.666667,20.306645],[56.666667,18.80083],[58.333333,18.80083],[60.0,18.80083],[60.0,20.306645],[60.0,21.826902],[58.333333,21.826902],[56.666667,21.826902],[56.666667,20.306645]]]}},{"type":"Feature","properties":{"resolution":3},"geometry":{"type":"Polygon","coordinates":[[[50.0,17.308054],[50.0,15.827012],[51.666667,15.827012],[53.333333,15.827012],[53.333333,17.308054],[53.333333,18.80083],[51.666667,18.80083],[50.0,18.80083],[50.0,17.308054]]]}},{"type":"Feature","properties":{"resolution":3},"geometry":{"type":"Polygon","coordinates":[[[53.333333,17.308054],[53.333333,15.827012],[55.0,15.827012],[56.666667,15.827012],[56.666667,17.308054],[56.666667,18.80083],[55.0,18.80083],[53.333333,18.80083],[53.333333,17.308054]]]}},{"type":"Feature","properties":{"resolution":3},"geometry":{"type":"Polygon","coordinates":[[[56.666667,17.308054],[56.666667,15.827012],[58.333333,15.827012],[60.0,15.827012],[60.0,17.308054],[60.0,18.80083],[58.333333,18.80083],[56.666667,18.80083],[56.666667,17.308054]]]}},{"type":"Feature","properties":{"resolution":3},"geometry":{"type":"Polygon","coordinates":[[[50.0,14.356483],[50.0,12.895313],[51.666667,12.895313],[53.333333,12.895313],[53.333333,14.356483],[53.333333,15.827012],[51.666667,15.827012],[50.0,15.827012],[50.0,14.356483]]]}},{"type":"Feature","properties":{"resolution":2},"geometry":{"type":"Polygon","coordinates":[[[60.0,39.148384],[60.0,36.463778],[60.0,33.867635],[60.0,31.34683],[62.5,31.34683],[65.0,31.34683],[67.5,31.34683],[70.0,31.34683],[70.0,33.867635],[70.0,36.463778],[70.0,39.148384],[70.0,41.937854],[67.5,41.937854],[65.0,41.937854],[62.5,41.937854],[60.0,41.937854],[60.0,39.148384]]]}},{"type":"Feature","properties":{"resolution":2},"geometry":{"type":"Polygon","coordinates":[[[70.0,39.148384],[70.0,36.463778],[70.0,33.867635],[70.0,31.34683],[72.5,31.34683],[75.0,31.34683],[77.5,31.34683],[80.0,31.34683],[80.0,33.867635],[80.0,36.463778],[80.0,39.148384],[80.0,41.937854],[77.5,41.937854],[75.0,41.937854],[72.5,41.937854],[70.0,41.937854],[70.0,39.148384]]]}},{"type":"Feature","properties":{"resolution":2},"geometry":{"type":"Polygon","coordinates":[[[80.0,39.148384],[80.0,36.463778],[80.0,33.867635],[80.0,31.34683],[82.5,31.34683],[85.0,31.34683],[87.5,31.34683],[90.0,31.34683],[90.0,33.867635],[90.0,36.463778],[90.0,39.148384],[90.0,41.937854],[87.5,41.937854],[85.0,41.937854],[82.5,41.937854],[80.0,41.937854],[80.0,39.148384]]]}},{"type":"Feature","properties":{"resolution":3},"geometry":{"type":"Polygon","coordinates":[[[60.0,29.702772],[60.0,28.084676],[61.666667,28.084676],[63.333333,28.084676],[63.333333,29.702772],[63.333333,31.34683],[61.666667,31.34683],[60.0,31.34683],[60.0,29.702772]]]}},{"type":"Feature","properties":{"resolution":3},"geometry":{"type":"Polygon","coordinates":[[[63.333333,29.702772],[63.333333,28.084676],[65.0,28.084676],[66.666667,28.084676],[66.666667,29.702772],[66.666667,31.34683],[65.0,31.34683],[63.333333,31.34683],[63.333333,29.702772]]]}},{"type":"Feature","properties":{"resolution":3},"geometry":{"type":"Polygon","coordinates":[[[66.666667,29.702772],[66.666667,28.084676],[68.333333,28.084676],[70.0,28.084676],[70.0,29.702772],[70.0,31.34683],[68.333333,31.34683],[66.666667,31.34683],[66.666667,29.702772]]]}},{"type":"Feature","properties":{"resolution":3},"geometry":{"type":"Polygon","coordinates":[[[60.0,26.490119],[60.0,24.916921],[61.666667,24.916921],[63.333333,24.916921],[63.333333,26.490119],[63.333333,28.084676],[61.666667,28.084676],[60.0,28.084676],[60.0,26.490119]]]}},{"type":"Feature","properties":{"resolution":3},"geometry":{"type":"Polygon","coordinates":[[[63.333333,26.490119],[63.333333,24.916921],[65.0,24.916921],[66.666667,24.916921],[66.666667,26.490119],[66.666667,28.084676],[65.0,28.084676],[63.333333,28.084676],[63.333333,26.490119]]]}},{"type":"Feature","properties":{"resolution":3},"geometry":{"type":"Polygon","coordinates":[[[66.666667,26.490119],[66.666667,24.916921],[68.333333,24.916921],[70.0,24.916921],[70.0,26.490119],[70.0,28.084676],[68.333333,28.084676],[66.666667,28.084676],[66.666667,26.490119]]]}},{"type":"Feature","properties":{"resolution":3},"geometry":{"type":"Polygon","coordinates":[[[66.666667,23.363114],[66.666667,21.826902],[68.333333,21.826902],[70.0,21.826902],[70.0,23.363114],[70.0,24.916921],[68.333333,24.916921],[66.666667,24.916921],[66.666667,23.363114]]]}},{"type":"Feature","properties":{"resolution":2},"geometry":{"type":"Polygon","coordinates":[[[70.0,28.890636],[70.0,26.490119],[70.0,24.13771],[70.0,21.826902],[72.5,21.826902],[75.0,21.826902],[77.5,21.826902],[80.0,21.826902],[80.0,24.13771],[80.0,26.490119],[80.0,28.890636],[80.0,31.34683],[77.5,31.34683],[75.0,31.34683],[72.5,31.34683],[70.0,31.34683],[70.0,28.890636]]]}},{"type":"Feature","properties":{"resolution":3},"geometry":{"type":"Polygon","coordinates":[[[80.0,29.702772],[80.0,28.084676],[81.666667,28.084676],[83.333333,28.084676],[83.333333,29.702772],[83.333333,31.34683],[81.666667,31.34683],[80.0,31.34683],[80.0,29.702772]]]}},{"type":"Feature","properties":{"resolution":3},"geometry":{"type":"Polygon","coordinates":[[[83.333333,29.702772],[83.333333,28.084676],[85.0,28.084676],[86.666667,28.084676],[86.666667,29.702772],[86.666667,31.34683],[85.0,31.34683],[83.333333,31.34683],[83.333333,29.702772]]]}},{"type":"Feature","properties":{"resolution":3},"geometry":{"type":"Polygon","coordinates":[[[86.666667,29.702772],[86.666667,28.084676],[88.333333,28.084676],[90.0,28.084676],[90.0,29.702772],[90.0,31.34683],[88.333333,31.34683],[86.666667,31.34683],[86.666667,29.702772]]]}},{"type":"Feature","properties":{"resolution":3},"geometry":{"type":"Polygon","coordinates":[[[80.0,26.490119],[80.0,24.916921],[81.666667,24.916921],[83.333333,24.916921],[83.333333,26.490119],[83.333333,28.084676],[81.666667,28.084676],[80.0,28.084676],[80.0,26.490119]]]}},{"type":"Feature","properties":{"resolution":3},"geometry":{"type":"Polygon","coordinates":[[[83.333333,26.490119],[83.333333,24.916921],[85.0,24.916921],[86.666667,24.916921],[86.666667,26.490119],[86.666667,28.084676],[85.0,28.084676],[83.333333,28.084676],[83.333333,26.490119]]]}},{"type":"Feature","properties":{"resolution":3},"geometry":{"type":"Polygon","coordinates":[[[86.666667,26.490119],[86.666667,24.916921],[88.333333,24.916921],[90.0,24.916921],[90.0,26.490119],[90.0,28.084676],[88.333333,28.084676],[86.666667,28.084676],[86.666667,26.490119]]]}},{"type":"Feature","properties":{"resolution":3},"geometry":{"type":"Polygon","coordinates":[[[80.0,23.363114],[80.0,21.826902],[81.666667,21.826902],[83.333333,21.826902],[83.333333,23.363114],[83.333333,24.916921],[81.666667,24.916921],[80.0,24.916921],[80.0,23.363114]]]}},{"type":"Feature","properties":{"resolution":3},"geometry":{"type":"Polygon","coordinates":[[[83.333333,23.363114],[83.333333,21.826902],[85.0,21.826902],[86.666667,21.826902],[86.666667,23.363114],[86.666667,24.916921],[85.0,24.916921],[83.333333,24.916921],[83.333333,23.363114]]]}},{"type":"Feature","properties":{"resolution":3},"geometry":{"type":"Polygon","coordinates":[[[86.666667,23.363114],[86.666667,21.826902],[88.333333,21.826902],[90.0,21.826902],[90.0,23.363114],[90.0,24.916921],[88.333333,24.916921],[86.666667,24.916921],[86.666667,23.363114]]]}},{"type":"Feature","properties":{"resolution":3},"geometry":{"type":"Polygon","coordinates":[[[66.666667,20.306645],[66.666667,18.80083],[68.333333,18.80083],[70.0,18.80083],[70.0,20.306645],[70.0,21.826902],[68.333333,21.826902],[66.666667,21.826902],[66.666667,20.306645]]]}},{"type":"Feature","properties":{"resolution":3},"geometry":{"type":"Polygon","coordinates":[[[70.0,20.306645],[70.0,18.80083],[71.666667,18.80083],[73.333333,18.80083],[73.333333,20.306645],[73.333333,21.826902],[71.666667,21.826902],[70.0,21.826902],[70.0,20.306645]]]}},{"type":"Feature","properties":{"resolution":3},"geometry":{"type":"Polygon","coordinates":[[[73.333333,20.306645],[73.333333,18.80083],[75.0,18.80083],[76.666667,18.80083],[76.666667,20.306645],[76.666667,21.826902],[75.0,21.826902],[73.333333,21.826902],[73.333333,20.306645]]]}},{"type":"Feature","properties":{"resolution":3},"geometry":{"type":"Polygon","coordinates":[[[76.666667,20.306645],[76.666667,18.80083],[78.333333,18.80083],[80.0,18.80083],[80.0,20.306645],[80.0,21.826902],[78.333333,21.826902],[76.666667,21.826902],[76.666667,20.306645]]]}},{"type":"Feature","properties":{"resolution":3},"geometry":{"type":"Polygon","coordinates":[[[70.0,17.308054],[70.0,15.827012],[71.666667,15.827012],[73.333333,15.827012],[73.333333,17.308054],[73.333333,18.80083],[71.666667,18.80083],[70.0,18.80083],[70.0,17.308054]]]}},{"type":"Feature","properties":{"resolution":3},"geometry":{"type":"Polygon","coordinates":[[[73.333333,17.308054],[73.333333,15.827012],[75.0,15.827012],[76.666667,15.827012],[76.666667,17.308054],[76.666667,18.80083],[75.0,18.80083],[73.333333,18.80083],[73.333333,17.308054]]]}},{"type":"Feature","properties":{"resolution":3},"geometry":{"type":"Polygon","coordinates":[[[76.666667,17.308054],[76.666667,15.827012],[78.333333,15.827012],[80.0,15.827012],[80.0,17.308054],[80.0,18.80083],[78.333333,18.80083],[76.666667,18.80083],[76.666667,17.308054]]]}},{"type":"Feature","properties":{"resolution":3},"geometry":{"type":"Polygon","coordinates":[[[73.333333,14.356483],[73.333333,12.895313],[75.0,12.895313],[76.666667,12.895313],[76.666667,14.356483],[76.666667,15.827012],[75.0,15.827012],[73.333333,15.827012],[73.333333,14.356483]]]}},{"type":"Feature","properties":{"resolution":3},"geometry":{"type":"Polygon","coordinates":[[[76.666667,14.356483],[76.666667,12.895313],[78.333333,12.895313],[80.0,12.895313],[80.0,14.356483],[80.0,15.827012],[78.333333,15.827012],[76.666667,15.827012],[76.666667,14.356483]]]}},{"type":"Feature","properties":{"resolution":3},"geometry":{"type":"Polygon","coordinates":[[[80.0,20.306645],[80.0,18.80083],[81.666667,18.80083],[83.333333,18.80083],[83.333333,20.306645],[83.333333,21.826902],[81.666667,21.826902],[80.0,21.826902],[80.0,20.306645]]]}},{"type":"Feature","properties":{"resolution":3},"geometry":{"type":"Polygon","coordinates":[[[83.333333,20.306645],[83.333333,18.80083],[85.0,18.80083],[86.666667,18.80083],[86.666667,20.306645],[86.666667,21.826902],[85.0,21.826902],[83.333333,21.826902],[83.333333,20.306645]]]}},{"type":"Feature","properties":{"resolution":3},"geometry":{"type":"Polygon","coordinates":[[[86.666667,20.306645],[86.666667,18.80083],[88.333333,18.80083],[90.0,18.80083],[90.0,20.306645],[90.0,21.826902],[88.333333,21.826902],[86.666667,21.826902],[86.666667,20.306645]]]}},{"type":"Feature","properties":{"resolution":3},"geometry":{"type":"Polygon","coordinates":[[[80.0,17.308054],[80.0,15.827012],[81.666667,15.827012],[83.333333,15.827012],[83.333333,17.308054],[83.333333,18.80083],[81.666667,18.80083],[80.0,18.80083],[80.0,17.308054]]]}},{"type":"Feature","properties":{"resolution":3},"geometry":{"type":"Polygon","coordinates":[[[83.333333,17.308054],[83.333333,15.827012],[85.0,15.827012],[86.666667,15.827012],[86.666667,17.308054],[86.666667,18.80083],[85.0,18.80083],[83.333333,18.80083],[83.333333,17.308054]]]}},{"type":"Feature","properties":{"resolution":3},"geometry":{"type":"Polygon","coordinates":[[[80.0,14.356483],[80.0,12.895313],[81.666667,12.895313],[83.333333,12.895313],[83.333333,14.356483],[83.333333,15.827012],[81.666667,15.827012],[80.0,15.827012],[80.0,14.356483]]]}},{"type":"Feature","properties":{"resolution":3},"geometry":{"type":"Polygon","coordinates":[[[0.0,11.442413],[0.0,9.996743],[1.666667,9.996743],[3.333333,9.996743],[3.333333,11.442413],[3.333333,12.895313],[1.666667,12.895313],[0.0,12.895313],[0.0,11.442413]]]}},{"type":"Feature","properties":{"resolution":3},"geometry":{"type":"Polygon","coordinates":[[[3.333333,11.442413],[3.333333,9.996743],[5.0,9.996743],[6.666667,9.996743],[6.666667,11.442413],[6.666667,12.895313],[5.0,12.895313],[3.333333,12.895313],[3.333333,11.442413]]]}},{"type":"Feature","properties":{"resolution":3},"geometry":{"type":"Polygon","coordinates":[[[6.666667,11.442413],[6.666667,9.996743],[8.333333,9.996743],[10.0,9.996743],[10.0,11.442413],[10.0,12.895313],[8.333333,12.895313],[6.666667,12.895313],[6.666667,11.442413]]]}},{"type":"Feature","properties":{"resolution":3},"geometry":{"type":"Polygon","coordinates":[[[0.0,8.557312],[0.0,7.123161],[1.666667,7.123161],[3.333333,7.123161],[3.333333,8.557312],[3.333333,9.996743],[1.666667,9.996743],[0.0,9.996743],[0.0,8.557312]]]}},{"type":"Feature","properties":{"resolution":3},"geometry":{"type":"Polygon","coordinates":[[[3.333333,8.557312],[3.333333,7.123161],[5.0,7.123161],[6.666667,7.123161],[6.666667,8.557312],[6.666667,9.996743],[5.0,9.996743],[3.333333,9.996743],[3.333333,8.557312]]]}},{"type":"Feature","properties":{"resolution":3},"geometry":{"type":"Polygon","coordinates":[[[6.666667,8.557312],[6.666667,7.123161],[8.333333,7.123161],[10.0,7.123161],[10.0,8.557312],[10.0,9.996743],[8.333333,9.996743],[6.666667,9.996743],[6.666667,8.557312]]]}},{"type":"Feature","properties":{"resolution":3},"geometry":{"type":"Polygon","coordinates":[[[0.0,5.693366],[0.0,4.267026],[1.666667,4.267026],[3.333333,4.267026],[3.333333,5.693366],[3.333333,7.123161],[1.666667,7.123161],[0.0,7.123161],[0.0,5.693366]]]}},{"type":"Feature","properties":{"resolution":3},"geometry":{"type":"Polygon","coordinates":[[[3.333333,5.693366],[3.333333,4.267026],[5.0,4.267026],[6.666667,4.267026],[6.666667,5.693366],[6.666667,7.123161],[5.0,7.123161],[3.333333,7.123161],[3.333333,5.693366]]]}},{"type":"Feature","properties":{"resolution":3},"geometry":{"type":"Polygon","coordinates":[[[6.666667,5.693366],[6.666667,4.267026],[8.333333,4.267026],[10.0,4.267026],[10.0,5.693366],[10.0,7.123161],[8.333333,7.123161],[6.666667,7.123161],[6.666667,5.693366]]]}},{"type":"Feature","properties":{"resolution":2},"geometry":{"type":"Polygon","coordinates":[[[10.0,10.718737],[10.0,8.557312],[10.0,6.407776],[10.0,4.267026],[12.5,4.267026],[15.0,4.267026],[17.5,4.267026],[20.0,4.267026],[20.0,6.407776],[20.0,8.557312],[20.0,10.718737],[20.0,12.895313],[17.5,12.895313],[15.0,12.895313],[12.5,12.895313],[10.0,12.895313],[10.0,10.718737]]]}},{"type":"Feature","properties":{"resolution":2},"geometry":{"type":"Polygon","coordinates":[[[20.0,10.718737],[20.0,8.557312],[20.0,6.407776],[20.0,4.267026],[22.5,4.267026],[25.0,4.267026],[27.5,4.267026],[30.0,4.267026],[30.0,6.407776],[30.0,8.557312],[30.0,10.718737],[30.0,12.895313],[27.5,12.895313],[25.0,12.895313],[22.5,12.895313],[20.0,12.895313],[20.0,10.718737]]]}},{"type":"Feature","properties":{"resolution":3},"geometry":{"type":"Polygon","coordinates":[[[3.333333,2.843261],[3.333333,1.421204],[5.0,1.421204],[6.666667,1.421204],[6.666667,2.843261],[6.666667,4.267026],[5.0,4.267026],[3.333333,4.267026],[3.333333,2.843261]]]}},{"type":"Feature","properties":{"resolution":3},"geometry":{"type":"Polygon","coordinates":[[[6.666667,2.843261],[6.666667,1.421204],[8.333333,1.421204],[10.0,1.421204],[10.0,2.843261],[10.0,4.267026],[8.333333,4.267026],[6.666667,4.267026],[6.666667,2.843261]]]}},{"type":"Feature","properties":{"resolution":3},"geometry":{"type":"Polygon","coordinates":[[[6.666667,0.0],[6.666667,-1.421204],[8.333333,-1.421204],[10.0,-1.421204],[10.0,0.0],[10.0,1.421204],[8.333333,1.421204],[6.666667,1.421204],[6.666667,0.0]]]}},{"type":"Feature","properties":{"resolution":3},"geometry":{"type":"Polygon","coordinates":[[[6.666667,-2.843261],[6.666667,-4.267026],[8.333333,-4.267026],[10.0,-4.267026],[10.0,-2.843261],[10.0,-1.421204],[8.333333,-1.421204],[6.666667,-1.421204],[6.666667,-2.843261]]]}},{"type":"Feature","properties":{"resolution":3},"geometry":{"type":"Polygon","coordinates":[[[10.0,2.843261],[10.0,1.421204],[11.666667,1.421204],[13.333333,1.421204],[13.333333,2.843261],[13.333333,4.267026],[11.666667,4.267026],[10.0,4.267026],[10.0,2.843261]]]}},{"type":"Feature","properties":{"resolution":3},"geometry":{"type":"Polygon","coordinates":[[[13.333333,2.843261],[13.333333,1.421204],[15.0,1.421204],[16.666667,1.421204],[16.666667,2.843261],[16.666667,4.267026],[15.0,4.267026],[13.333333,4.267026],[13.333333,2.843261]]]}},{"type":"Feature","properties":{"resolution":3},"geometry":{"type":"Polygon","coordinates":[[[16.666667,2.843261],[16.666667,1.421204],[18.333333,1.421204],[20.0,1.421204],[20.0,2.843261],[20.0,4.267026],[18.333333,4.267026],[16.666667,4.267026],[16.666667,2.843261]]]}},{"type":"Feature","properties":{"resolution":3},"geometry":{"type":"Polygon","coordinates":[[[10.0,0.0],[10.0,-1.421204],[11.666667,-1.421204],[13.333333,-1.421204],[13.333333,0.0],[13.333333,1.421204],[11.666667,1.421204],[10.0,1.421204],[10.0,0.0]]]}},{"type":"Feature","properties":{"resolution":3},"geometry":{"type":"Polygon","coordinates":[[[13.333333,0.0],[13.333333,-1.421204],[15.0,-1.421204],[16.666667,-1.421204],[16.666667,0.0],[16.666667,1.421204],[15.0,1.421204],[13.333333,1.421204],[13.333333,0.0]]]}},{"type":"Feature","properties":{"resolution":3},"geometry":{"type":"Polygon","coordinates":[[[16.666667,0.0],[16.666667,-1.421204],[18.333333,-1.421204],[20.0,-1.421204],[20.0,0.0],[20.0,1.421204],[18.333333,1.421204],[16.666667,1.421204],[16.666667,0.0]]]}},{"type":"Feature","properties":{"resolution":3},"geometry":{"type":"Polygon","coordinates":[[[10.0,-2.843261],[10.0,-4.267026],[11.666667,-4.267026],[13.333333,-4.267026],[13.333333,-2.843261],[13.333333,-1.421204],[11.666667,-1.421204],[10.0,-1.421204],[10.0,-2.843261]]]}},{"type":"Feature","properties":{"resolution":3},"geometry":{"type":"Polygon","coordinates":[[[13.333333,-2.843261],[13.333333,-4.267026],[15.0,-4.267026],[16.666667,-4.267026],[16.666667,-2.843261],[16.666667,-1.421204],[15.0,-1.421204],[13.333333,-1.421204],[13.333333,-2.843261]]]}},{"type":"Feature","properties":{"resolution":3},"geometry":{"type":"Polygon","coordinates":[[[16.666667,-2.843261],[16.666667,-4.267026],[18.333333,-4.267026],[20.0,-4.267026],[20.0,-2.843261],[20.0,-1.421204],[18.333333,-1.421204],[16.666667,-1.421204],[16.666667,-2.843261]]]}},{"type":"Feature","properties":{"resolution":2},"geometry":{"type":"Polygon","coordinates":[[[20.0,2.132073],[20.0,0.0],[20.0,-2.132073],[20.0,-4.267026],[22.5,-4.267026],[25.0,-4.267026],[27.5,-4.267026],[30.0,-4.267026],[30.0,-2.132073],[30.0,0.0],[30.0,2.132073],[30.0,4.267026],[27.5,4.267026],[25.0,4.267026],[22.5,4.267026],[20.0,4.267026],[20.0,2.132073]]]}},{"type":"Feature","properties":{"resolution":3},"geometry":{"type":"Polygon","coordinates":[[[10.0,-5.693366],[10.0,-7.123161],[11.666667,-7.123161],[13.333333,-7.123161],[13.333333,-5.693366],[13.333333,-4.267026],[11.666667,-4.267026],[10.0,-4.267026],[10.0,-5.693366]]]}},{"type":"Feature","properties":{"resolution":3},"geometry":{"type":"Polygon","coordinates":[[[13.333333,-5.693366],[13.333333,-7.123161],[15.0,-7.123161],[16.666667,-7.123161],[16.666667,-5.693366],[16.666667,-4.267026],[15.0,-4.267026],[13.333333,-4.267026],[13.333333,-5.693366]]]}},{"type":"Feature","properties":{"resolution":3},"geometry":{"type":"Polygon","coordinates":[[[16.666667,-5.693366],[16.666667,-7.123161],[18.333333,-7.123161],[20.0,-7.123161],[20.0,-5.693366],[20.0,-4.267026],[18.333333,-4.267026],[16.666667,-4.267026],[16.666667,-5.693366]]]}},{"type":"Feature","properties":{"resolution":3},"geometry":{"type":"Polygon","coordinates":[[[10.0,-8.557312],[10.0,-9.996743],[11.666667,-9.996743],[13.333333,-9.996743],[13.333333,-8.557312],[13.333333,-7.123161],[11.666667,-7.123161],[10.0,-7.123161],[10.0,-8.557312]]]}},{"type":"Feature","properties":{"resolution":3},"geometry":{"type":"Polygon","coordinates":[[[13.333333,-8.557312],[13.333333,-9.996743],[15.0,-9.996743],[16.666667,-9.996743],[16.666667,-8.557312],[16.666667,-7.123161],[15.0,-7.123161],[13.333333,-7.123161],[13.333333,-8.557312]]]}},{"type":"Feature","properties":{"resolution":3},"geometry":{"type":"Polygon","coordinates":[[[16.666667,-8.557312],[16.666667,-9.996743],[18.333333,-9.996743],[20.0,-9.996743],[20.0,-8.557312],[20.0,-7.123161],[18.333333,-7.123161],[16.666667,-7.123161],[16.666667,-8.557312]]]}},{"type":"Feature","properties":{"resolution":3},"geometry":{"type":"Polygon","coordinates":[[[10.0,-11.442413],[10.0,-12.895313],[11.666667,-12.895313],[13.333333,-12.895313],[13.333333,-11.442413],[13.333333,-9.996743],[11.666667,-9.996743],[10.0,-9.996743],[10.0,-11.442413]]]}},{"type":"Feature","properties":{"resolution":3},"geometry":{"type":"Polygon","coordinates":[[[13.333333,-11.442413],[13.333333,-12.895313],[15.0,-12.895313],[16.666667,-12.895313],[16.666667,-11.442413],[16.666667,-9.996743],[15.0,-9.996743],[13.333333,-9.996743],[13.333333,-11.442413]]]}},{"type":"Feature","properties":{"resolution":3},"geometry":{"type":"Polygon","coordinates":[[[16.666667,-11.442413],[16.666667,-12.895313],[18.333333,-12.895313],[20.0,-12.895313],[20.0,-11.442413],[20.0,-9.996743],[18.333333,-9.996743],[16.666667,-9.996743],[16.666667,-11.442413]]]}},{"type":"Feature","properties":{"resolution":2},"geometry":{"type":"Polygon","coordinates":[[[20.0,-6.407776],[20.0,-8.557312],[20.0,-10.718737],[20.0,-12.895313],[22.5,-12.895313],[25.0,-12.895313],[27.5,-12.895313],[30.0,-12.895313],[30.0,-10.718737],[30.0,-8.557312],[30.0,-6.407776],[30.0,-4.267026],[27.5,-4.267026],[25.0,-4.267026],[22.5,-4.267026],[20.0,-4.267026],[20.0,-6.407776]]]}},{"type":"Feature","properties":{"resolution":2},"geometry":{"type":"Polygon","coordinates":[[[30.0,10.718737],[30.0,8.557312],[30.0,6.407776],[30.0,4.267026],[32.5,4.267026],[35.0,4.267026],[37.5,4.267026],[40.0,4.267026],[40.0,6.407776],[40.0,8.557312],[40.0,10.718737],[40.0,12.895313],[37.5,12.895313],[35.0,12.895313],[32.5,12.895313],[30.0,12.895313],[30.0,10.718737]]]}},{"type":"Feature","properties":{"resolution":3},"geometry":{"type":"Polygon","coordinates":[[[40.0,11.442413],[40.0,9.996743],[41.666667,9.996743],[43.333333,9.996743],[43.333333,11.442413],[43.333333,12.895313],[41.666667,12.895313],[40.0,12.895313],[40.0,11.442413]]]}},{"type":"Feature","properties":{"resolution":3},"geometry":{"type":"Polygon","coordinates":[[[43.333333,11.442413],[43.333333,9.996743],[45.0,9.996743],[46.666667,9.996743],[46.666667,11.442413],[46.666667,12.895313],[45.0,12.895313],[43.333333,12.895313],[43.333333,11.442413]]]}},{"type":"Feature","properties":{"resolution":3},"geometry":{"type":"Polygon","coordinates":[[[46.666667,11.442413],[46.666667,9.996743],[48.333333,9.996743],[50.0,9.996743],[50.0,11.442413],[50.0,12.895313],[48.333333,12.895313],[46.666667,12.895313],[46.666667,11.442413]]]}},{"type":"Feature","properties":{"resolution":3},"geometry":{"type":"Polygon","coordinates":[[[40.0,8.557312],[40.0,7.123161],[41.666667,7.123161],[43.333333,7.123161],[43.333333,8.557312],[43.333333,9.996743],[41.666667,9.996743],[40.0,9.996743],[40.0,8.557312]]]}},{"type":"Feature","properties":{"resolution":3},"geometry":{"type":"Polygon","coordinates":[[[43.333333,8.557312],[43.333333,7.123161],[45.0,7.123161],[46.666667,7.123161],[46.666667,8.557312],[46.666667,9.996743],[45.0,9.996743],[43.333333,9.996743],[43.333333,8.557312]]]}},{"type":"Feature","properties":{"resolution":3},"geometry":{"type":"Polygon","coordinates":[[[46.666667,8.557312],[46.666667,7.123161],[48.333333,7.123161],[50.0,7.123161],[50.0,8.557312],[50.0,9.996743],[48.333333,9.996743],[46.666667,9.996743],[46.666667,8.557312]]]}},{"type":"Feature","properties":{"resolution":3},"geometry":{"type":"Polygon","coordinates":[[[40.0,5.693366],[40.0,4.267026],[41.666667,4.267026],[43.333333,4.267026],[43.333333,5.693366],[43.333333,7.123161],[41.666667,7.123161],[40.0,7.123161],[40.0,5.693366]]]}},{"type":"Feature","properties":{"resolution":3},"geometry":{"type":"Polygon","coordinates":[[[43.333333,5.693366],[43.333333,4.267026],[45.0,4.267026],[46.666667,4.267026],[46.666667,5.693366],[46.666667,7.123161],[45.0,7.123161],[43.333333,7.123161],[43.333333,5.693366]]]}},{"type":"Feature","properties":{"resolution":3},"geometry":{"type":"Polygon","coordinates":[[[46.666667,5.693366],[46.666667,4.267026],[48.333333,4.267026],[50.0,4.267026],[50.0,5.693366],[50.0,7.123161],[48.333333,7.123161],[46.666667,7.123161],[46.666667,5.693366]]]}},{"type":"Feature","properties":{"resolution":3},"geometry":{"type":"Polygon","coordinates":[[[50.0,11.442413],[50.0,9.996743],[51.666667,9.996743],[53.333333,9.996743],[53.333333,11.442413],[53.333333,12.895313],[51.666667,12.895313],[50.0,12.895313],[50.0,11.442413]]]}},{"type":"Feature","properties":{"resolution":3},"geometry":{"type":"Polygon","coordinates":[[[50.0,8.557312],[50.0,7.123161],[51.666667,7.123161],[53.333333,7.123161],[53.333333,8.557312],[53.333333,9.996743],[51.666667,9.996743],[50.0,9.996743],[50.0,8.557312]]]}},{"type":"Feature","properties":{"resolution":3},"geometry":{"type":"Polygon","coordinates":[[[30.0,2.843261],[30.0,1.421204],[31.666667,1.421204],[33.333333,1.421204],[33.333333,2.843261],[33.333333,4.267026],[31.666667,4.267026],[30.0,4.267026],[30.0,2.843261]]]}},{"type":"Feature","properties":{"resolution":3},"geometry":{"type":"Polygon","coordinates":[[[33.333333,2.843261],[33.333333,1.421204],[35.0,1.421204],[36.666667,1.421204],[36.666667,2.843261],[36.666667,4.267026],[35.0,4.267026],[33.333333,4.267026],[33.333333,2.843261]]]}},{"type":"Feature","properties":{"resolution":3},"geometry":{"type":"Polygon","coordinates":[[[36.666667,2.843261],[36.666667,1.421204],[38.333333,1.421204],[40.0,1.421204],[40.0,2.843261],[40.0,4.267026],[38.333333,4.267026],[36.666667,4.267026],[36.666667,2.843261]]]}},{"type":"Feature","properties":{"resolution":3},"geometry":{"type":"Polygon","coordinates":[[[30.0,0.0],[30.0,-1.421204],[31.666667,-1.421204],[33.333333,-1.421204],[33.333333,0.0],[33.333333,1.421204],[31.666667,1.421204],[30.0,1.421204],[30.0,0.0]]]}},{"type":"Feature","properties":{"resolution":3},"geometry":{"type":"Polygon","coordinates":[[[33.333333,0.0],[33.333333,-1.421204],[35.0,-1.421204],[36.666667,-1.421204],[36.666667,0.0],[36.666667,1.421204],[35.0,1.421204],[33.333333,1.421204],[33.333333,0.0]]]}},{"type":"Feature","properties":{"resolution":3},"geometry":{"type":"Polygon","coordinates":[[[36.666667,0.0],[36.666667,-1.421204],[38.333333,-1.421204],[40.0,-1.421204],[40.0,0.0],[40.0,1.421204],[38.333333,1.421204],[36.666667,1.421204],[36.666667,0.0]]]}},{"type":"Feature","properties":{"resolution":3},"geometry":{"type":"Polygon","coordinates":[[[30.0,-2.843261],[30.0,-4.267026],[31.666667,-4.267026],[33.333333,-4.267026],[33.333333,-2.843261],[33.333333,-1.421204],[31.666667,-1.421204],[30.0,-1.421204],[30.0,-2.843261]]]}},{"type":"Feature","properties":{"resolution":3},"geometry":{"type":"Polygon","coordinates":[[[33.333333,-2.843261],[33.333333,-4.267026],[35.0,-4.267026],[36.666667,-4.267026],[36.666667,-2.843261],[36.666667,-1.421204],[35.0,-1.421204],[33.333333,-1.421204],[33.333333,-2.843261]]]}},{"type":"Feature","properties":{"resolution":3},"geometry":{"type":"Polygon","coordinates":[[[36.666667,-2.843261],[36.666667,-4.267026],[38.333333,-4.267026],[40.0,-4.267026],[40.0,-2.843261],[40.0,-1.421204],[38.333333,-1.421204],[36.666667,-1.421204],[36.666667,-2.843261]]]}},{"type":"Feature","properties":{"resolution":3},"geometry":{"type":"Polygon","coordinates":[[[40.0,2.843261],[40.0,1.421204],[41.666667,1.421204],[43.333333,1.421204],[43.333333,2.843261],[43.333333,4.267026],[41.666667,4.267026],[40.0,4.267026],[40.0,2.843261]]]}},{"type":"Feature","properties":{"resolution":3},"geometry":{"type":"Polygon","coordinates":[[[43.333333,2.843261],[43.333333,1.421204],[45.0,1.421204],[46.666667,1.421204],[46.666667,2.843261],[46.666667,4.267026],[45.0,4.267026],[43.333333,4.267026],[43.333333,2.843261]]]}},{"type":"Feature","properties":{"resolution":3},"geometry":{"type":"Polygon","coordinates":[[[46.666667,2.843261],[46.666667,1.421204],[48.333333,1.421204],[50.0,1.421204],[50.0,2.843261],[50.0,4.267026],[48.333333,4.267026],[46.666667,4.267026],[46.666667,2.843261]]]}},{"type":"Feature","properties":{"resolution":3},"geometry":{"type":"Polygon","coordinates":[[[40.0,0.0],[40.0,-1.421204],[41.666667,-1.421204],[43.333333,-1.421204],[43.333333,0.0],[43.333333,1.421204],[41.666667,1.421204],[40.0,1.421204],[40.0,0.0]]]}},{"type":"Feature","properties":{"resolution":3},"geometry":{"type":"Polygon","coordinates":[[[43.333333,0.0],[43.333333,-1.421204],[45.0,-1.421204],[46.666667,-1.421204],[46.666667,0.0],[46.666667,1.421204],[45.0,1.421204],[43.333333,1.421204],[43.333333,0.0]]]}},{"type":"Feature","properties":{"resolution":3},"geometry":{"type":"Polygon","coordinates":[[[40.0,-2.843261],[40.0,-4.267026],[41.666667,-4.267026],[43.333333,-4.267026],[43.333333,-2.843261],[43.333333,-1.421204],[41.666667,-1.421204],[40.0,-1.421204],[40.0,-2.843261]]]}},{"type":"Feature","properties":{"resolution":3},"geometry":{"type":"Polygon","coordinates":[[[30.0,-5.693366],[30.0,-7.123161],[31.666667,-7.123161],[33.333333,-7.123161],[33.333333,-5.693366],[33.333333,-4.267026],[31.666667,-4.267026],[30.0,-4.267026],[30.0,-5.693366]]]}},{"type":"Feature","properties":{"resolution":3},"geometry":{"type":"Polygon","coordinates":[[[33.333333,-5.693366],[33.333333,-7.123161],[35.0,-7.123161],[36.666667,-7.123161],[36.666667,-5.693366],[36.666667,-4.267026],[35.0,-4.267026],[33.333333,-4.267026],[33.333333,-5.693366]]]}},{"type":"Feature","properties":{"resolution":3},"geometry":{"type":"Polygon","coordinates":[[[36.666667,-5.693366],[36.666667,-7.123161],[38.333333,-7.123161],[40.0,-7.123161],[40.0,-5.693366],[40.0,-4.267026],[38.333333,-4.267026],[36.666667,-4.267026],[36.666667,-5.693366]]]}},{"type":"Feature","properties":{"resolution":3},"geometry":{"type":"Polygon","coordinates":[[[30.0,-8.557312],[30.0,-9.996743],[31.666667,-9.996743],[33.333333,-9.996743],[33.333333,-8.557312],[33.333333,-7.123161],[31.666667,-7.123161],[30.0,-7.123161],[30.0,-8.557312]]]}},{"type":"Feature","properties":{"resolution":3},"geometry":{"type":"Polygon","coordinates":[[[33.333333,-8.557312],[33.333333,-9.996743],[35.0,-9.996743],[36.666667,-9.996743],[36.666667,-8.557312],[36.666667,-7.123161],[35.0,-7.123161],[33.333333,-7.123161],[33.333333,-8.557312]]]}},{"type":"Feature","properties":{"resolution":3},"geometry":{"type":"Polygon","coordinates":[[[36.666667,-8.557312],[36.666667,-9.996743],[38.333333,-9.996743],[40.0,-9.996743],[40.0,-8.557312],[40.0,-7.123161],[38.333333,-7.123161],[36.666667,-7.123161],[36.666667,-8.557312]]]}},{"type":"Feature","properties":{"resolution":3},"geometry":{"type":"Polygon","coordinates":[[[30.0,-11.442413],[30.0,-12.895313],[31.666667,-12.895313],[33.333333,-12.895313],[33.333333,-11.442413],[33.333333,-9.996743],[31.666667,-9.996743],[30.0,-9.996743],[30.0,-11.442413]]]}},{"type":"Feature","properties":{"resolution":3},"geometry":{"type":"Polygon","coordinates":[[[33.333333,-11.442413],[33.333333,-12.895313],[35.0,-12.895313],[36.666667,-12.895313],[36.666667,-11.442413],[36.666667,-9.996743],[35.0,-9.996743],[33.333333,-9.996743],[33.333333,-11.442413]]]}},{"type":"Feature","properties":{"resolution":3},"geometry":{"type":"Polygon","coordinates":[[[36.666667,-11.442413],[36.666667,-12.895313],[38.333333,-12.895313],[40.0,-12.895313],[40.0,-11.442413],[40.0,-9.996743],[38.333333,-9.996743],[36.666667,-9.996743],[36.666667,-11.442413]]]}},{"type":"Feature","properties":{"resolution":3},"geometry":{"type":"Polygon","coordinates":[[[40.0,-11.442413],[40.0,-12.895313],[41.666667,-12.895313],[43.333333,-12.895313],[43.333333,-11.442413],[43.333333,-9.996743],[41.666667,-9.996743],[40.0,-9.996743],[40.0,-11.442413]]]}},{"type":"Feature","properties":{"resolution":3},"geometry":{"type":"Polygon","coordinates":[[[46.666667,-11.442413],[46.666667,-12.895313],[48.333333,-12.895313],[50.0,-12.895313],[50.0,-11.442413],[50.0,-9.996743],[48.333333,-9.996743],[46.666667,-9.996743],[46.666667,-11.442413]]]}},{"type":"Feature","properties":{"resolution":3},"geometry":{"type":"Polygon","coordinates":[[[73.333333,11.442413],[73.333333,9.996743],[75.0,9.996743],[76.666667,9.996743],[76.666667,11.442413],[76.666667,12.895313],[75.0,12.895313],[73.333333,12.895313],[73.333333,11.442413]]]}},{"type":"Feature","properties":{"resolution":3},"geometry":{"type":"Polygon","coordinates":[[[76.666667,11.442413],[76.666667,9.996743],[78.333333,9.996743],[80.0,9.996743],[80.0,11.442413],[80.0,12.895313],[78.333333,12.895313],[76.666667,12.895313],[76.666667,11.442413]]]}},{"type":"Feature","properties":{"resolution":3},"geometry":{"type":"Polygon","coordinates":[[[73.333333,8.557312],[73.333333,7.123161],[75.0,7.123161],[76.666667,7.123161],[76.666667,8.557312],[76.666667,9.996743],[75.0,9.996743],[73.333333,9.996743],[73.333333,8.557312]]]}},{"type":"Feature","properties":{"resolution":3},"geometry":{"type":"Polygon","coordinates":[[[76.666667,8.557312],[76.666667,7.123161],[78.333333,7.123161],[80.0,7.123161],[80.0,8.557312],[80.0,9.996743],[78.333333,9.996743],[76.666667,9.996743],[76.666667,8.557312]]]}},{"type":"Feature","properties":{"resolution":3},"geometry":{"type":"Polygon","coordinates":[[[76.666667,5.693366],[76.666667,4.267026],[78.333333,4.267026],[80.0,4.267026],[80.0,5.693366],[80.0,7.123161],[78.333333,7.123161],[76.666667,7.123161],[76.666667,5.693366]]]}},{"type":"Feature","properties":{"resolution":3},"geometry":{"type":"Polygon","coordinates":[[[80.0,11.442413],[80.0,9.996743],[81.666667,9.996743],[83.333333,9.996743],[83.333333,11.442413],[83.333333,12.895313],[81.666667,12.895313],[80.0,12.895313],[80.0,11.442413]]]}},{"type":"Feature","properties":{"resolution":3},"geometry":{"type":"Polygon","coordinates":[[[80.0,8.557312],[80.0,7.123161],[81.666667,7.123161],[83.333333,7.123161],[83.333333,8.557312],[83.333333,9.996743],[81.666667,9.996743],[80.0,9.996743],[80.0,8.557312]]]}},{"type":"Feature","properties":{"resolution":3},"geometry":{"type":"Polygon","coordinates":[[[80.0,5.693366],[80.0,4.267026],[81.666667,4.267026],[83.333333,4.267026],[83.333333,5.693366],[83.333333,7.123161],[81.666667,7.123161],[80.0,7.123161],[80.0,5.693366]]]}},{"type":"Feature","properties":{"resolution":3},"geometry":{"type":"Polygon","coordinates":[[[10.0,-14.356483],[10.0,-15.827012],[11.666667,-15.827012],[13.333333,-15.827012],[13.333333,-14.356483],[13.333333,-12.895313],[11.666667,-12.895313],[10.0,-12.895313],[10.0,-14.356483]]]}},{"type":"Feature","properties":{"resolution":3},"geometry":{"type":"Polygon","coordinates":[[[13.333333,-14.356483],[13.333333,-15.827012],[15.0,-15.827012],[16.666667,-15.827012],[16.666667,-14.356483],[16.666667,-12.895313],[15.0,-12.895313],[13.333333,-12.895313],[13.333333,-14.356483]]]}},{"type":"Feature","properties":{"resolution":3},"geometry":{"type":"Polygon","coordinates":[[[16.666667,-14.356483],[16.666667,-15.827012],[18.333333,-15.827012],[20.0,-15.827012],[20.0,-14.356483],[20.0,-12.895313],[18.333333,-12.895313],[16.666667,-12.895313],[16.666667,-14.356483]]]}},{"type":"Feature","properties":{"resolution":3},"geometry":{"type":"Polygon","coordinates":[[[10.0,-17.308054],[10.0,-18.80083],[11.666667,-18.80083],[13.333333,-18.80083],[13.333333,-17.308054],[13.333333,-15.827012],[11.666667,-15.827012],[10.0,-15.827012],[10.0,-17.308054]]]}},{"type":"Feature","properties":{"resolution":3},"geometry":{"type":"Polygon","coordinates":[[[13.333333,-17.308054],[13.333333,-18.80083],[15.0,-18.80083],[16.666667,-18.80083],[16.666667,-17.308054],[16.666667,-15.827012],[15.0,-15.827012],[13.333333,-15.827012],[13.333333,-17.308054]]]}},{"type":"Feature","properties":{"resolution":3},"geometry":{"type":"Polygon","coordinates":[[[16.666667,-17.308054],[16.666667,-18.80083],[18.333333,-18.80083],[20.0,-18.80083],[20.0,-17.308054],[20.0,-15.827012],[18.333333,-15.827012],[16.666667,-15.827012],[16.666667,-17.308054]]]}},{"type":"Feature","properties":{"resolution":3},"geometry":{"type":"Polygon","coordinates":[[[10.0,-20.306645],[10.0,-21.826902],[11.666667,-21.826902],[13.333333,-21.826902],[13.333333,-20.306645],[13.333333,-18.80083],[11.666667,-18.80083],[10.0,-18.80083],[10.0,-20.306645]]]}},{"type":"Feature","properties":{"resolution":3},"geometry":{"type":"Polygon","coordinates":[[[13.333333,-20.306645],[13.333333,-21.826902],[15.0,-21.826902],[16.666667,-21.826902],[16.666667,-20.306645],[16.666667,-18.80083],[15.0,-18.80083],[13.333333,-18.80083],[13.333333,-20.306645]]]}},{"type":"Feature","properties":{"resolution":3},"geometry":{"type":"Polygon","coordinates":[[[16.666667,-20.306645],[16.666667,-21.826902],[18.333333,-21.826902],[20.0,-21.826902],[20.0,-20.306645],[20.0,-18.80083],[18.333333,-18.80083],[16.666667,-18.80083],[16.666667,-20.306645]]]}},{"type":"Feature","properties":{"resolution":2},"geometry":{"type":"Polygon","coordinates":[[[20.0,-15.090507],[20.0,-17.308054],[20.0,-19.552022],[20.0,-21.826902],[22.5,-21.826902],[25.0,-21.826902],[27.5,-21.826902],[30.0,-21.826902],[30.0,-19.552022],[30.0,-17.308054],[30.0,-15.090507],[30.0,-12.895313],[27.5,-12.895313],[25.0,-12.895313],[22.5,-12.895313],[20.0,-12.895313],[20.0,-15.090507]]]}},{"type":"Feature","properties":{"resolution":3},"geometry":{"type":"Polygon","coordinates":[[[13.333333,-23.363114],[13.333333,-24.916921],[15.0,-24.916921],[16.666667,-24.916921],[16.666667,-23.363114],[16.666667,-21.826902],[15.0,-21.826902],[13.333333,-21.826902],[13.333333,-23.363114]]]}},{"type":"Feature","properties":{"resolution":3},"geometry":{"type":"Polygon","coordinates":[[[16.666667,-23.363114],[16.666667,-24.916921],[18.333333,-24.916921],[20.0,-24.916921],[20.0,-23.363114],[20.0,-21.826902],[18.333333,-21.826902],[16.666667,-21.826902],[16.666667,-23.363114]]]}},{"type":"Feature","properties":{"resolution":3},"geometry":{"type":"Polygon","coordinates":[[[13.333333,-26.490119],[13.333333,-28.084676],[15.0,-28.084676],[16.666667,-28.084676],[16.666667,-26.490119],[16.666667,-24.916921],[15.0,-24.916921],[13.333333,-24.916921],[13.333333,-26.490119]]]}},{"type":"Feature","properties":{"resolution":3},"geometry":{"type":"Polygon","coordinates":[[[16.666667,-26.490119],[16.666667,-28.084676],[18.333333,-28.084676],[20.0,-28.084676],[20.0,-26.490119],[20.0,-24.916921],[18.333333,-24.916921],[16.666667,-24.916921],[16.666667,-26.490119]]]}},{"type":"Feature","properties":{"resolution":3},"geometry":{"type":"Polygon","coordinates":[[[13.333333,-29.702772],[13.333333,-31.34683],[15.0,-31.34683],[16.666667,-31.34683],[16.666667,-29.702772],[16.666667,-28.084676],[15.0,-28.084676],[13.333333,-28.084676],[13.333333,-29.702772]]]}},{"type":"Feature","properties":{"resolution":3},"geometry":{"type":"Polygon","coordinates":[[[16.666667,-29.702772],[16.666667,-31.34683],[18.333333,-31.34683],[20.0,-31.34683],[20.0,-29.702772],[20.0,-28.084676],[18.333333,-28.084676],[16.666667,-28.084676],[16.666667,-29.702772]]]}},{"type":"Feature","properties":{"resolution":2},"geometry":{"type":"Polygon","coordinates":[[[20.0,-24.13771],[20.0,-26.490119],[20.0,-28.890636],[20.0,-31.34683],[22.5,-31.34683],[25.0,-31.34683],[27.5,-31.34683],[30.0,-31.34683],[30.0,-28.890636],[30.0,-26.490119],[30.0,-24.13771],[30.0,-21.826902],[27.5,-21.826902],[25.0,-21.826902],[22.5,-21.826902],[20.0,-21.826902],[20.0,-24.13771]]]}},{"type":"Feature","properties":{"resolution":3},"geometry":{"type":"Polygon","coordinates":[[[16.666667,-33.019568],[16.666667,-34.724053],[18.333333,-34.724053],[20.0,-34.724053],[20.0,-33.019568],[20.0,-31.34683],[18.333333,-31.34683],[16.666667,-31.34683],[16.666667,-33.019568]]]}},{"type":"Feature","properties":{"resolution":3},"geometry":{"type":"Polygon","coordinates":[[[16.666667,-36.463778],[16.666667,-38.242754],[18.333333,-38.242754],[20.0,-38.242754],[20.0,-36.463778],[20.0,-34.724053],[18.333333,-34.724053],[16.666667,-34.724053],[16.666667,-36.463778]]]}},{"type":"Feature","properties":{"resolution":3},"geometry":{"type":"Polygon","coordinates":[[[20.0,-33.019568],[20.0,-34.724053],[21.666667,-34.724053],[23.333333,-34.724053],[23.333333,-33.019568],[23.333333,-31.34683],[21.666667,-31.34683],[20.0,-31.34683],[20.0,-33.019568]]]}},{"type":"Feature","properties":{"resolution":3},"geometry":{"type":"Polygon","coordinates":[[[23.333333,-33.019568],[23.333333,-34.724053],[25.0,-34.724053],[26.666667,-34.724053],[26.666667,-33.019568],[26.666667,-31.34683],[25.0,-31.34683],[23.333333,-31.34683],[23.333333,-33.019568]]]}},{"type":"Feature","properties":{"resolution":3},"geometry":{"type":"Polygon","coordinates":[[[26.666667,-33.019568],[26.666667,-34.724053],[28.333333,-34.724053],[30.0,-34.724053],[30.0,-33.019568],[30.0,-31.34683],[28.333333,-31.34683],[26.666667,-31.34683],[26.666667,-33.019568]]]}},{"type":"Feature","properties":{"resolution":3},"geometry":{"type":"Polygon","coordinates":[[[20.0,-36.463778],[20.0,-38.242754],[21.666667,-38.242754],[23.333333,-38.242754],[23.333333,-36.463778],[23.333333,-34.724053],[21.666667,-34.724053],[20.0,-34.724053],[20.0,-36.463778]]]}},{"type":"Feature","properties":{"resolution":3},"geometry":{"type":"Polygon","coordinates":[[[30.0,-14.356483],[30.0,-15.827012],[31.666667,-15.827012],[33.333333,-15.827012],[33.333333,-14.356483],[33.333333,-12.895313],[31.666667,-12.895313],[30.0,-12.895313],[30.0,-14.356483]]]}},{"type":"Feature","properties":{"resolution":3},"geometry":{"type":"Polygon","coordinates":[[[33.333333,-14.356483],[33.333333,-15.827012],[35.0,-15.827012],[36.666667,-15.827012],[36.666667,-14.356483],[36.666667,-12.895313],[35.0,-12.895313],[33.333333,-12.895313],[33.333333,-14.356483]]]}},{"type":"Feature","properties":{"resolution":3},"geometry":{"type":"Polygon","coordinates":[[[36.666667,-14.356483],[36.666667,-15.827012],[38.333333,-15.827012],[40.0,-15.827012],[40.0,-14.356483],[40.0,-12.895313],[38.333333,-12.895313],[36.666667,-12.895313],[36.666667,-14.356483]]]}},{"type":"Feature","properties":{"resolution":3},"geometry":{"type":"Polygon","coordinates":[[[30.0,-17.308054],[30.0,-18.80083],[31.666667,-18.80083],[33.333333,-18.80083],[33.333333,-17.308054],[33.333333,-15.827012],[31.666667,-15.827012],[30.0,-15.827012],[30.0,-17.308054]]]}},{"type":"Feature","properties":{"resolution":3},"geometry":{"type":"Polygon","coordinates":[[[33.333333,-17.308054],[33.333333,-18.80083],[35.0,-18.80083],[36.666667,-18.80083],[36.666667,-17.308054],[36.666667,-15.827012],[35.0,-15.827012],[33.333333,-15.827012],[33.333333,-17.308054]]]}},{"type":"Feature","properties":{"resolution":3},"geometry":{"type":"Polygon","coordinates":[[[36.666667,-17.308054],[36.666667,-18.80083],[38.333333,-18.80083],[40.0,-18.80083],[40.0,-17.308054],[40.0,-15.827012],[38.333333,-15.827012],[36.666667,-15.827012],[36.666667,-17.308054]]]}},{"type":"Feature","properties":{"resolution":3},"geometry":{"type":"Polygon","coordinates":[[[30.0,-20.306645],[30.0,-21.826902],[31.666667,-21.826902],[33.333333,-21.826902],[33.333333,-20.306645],[33.333333,-18.80083],[31.666667,-18.80083],[30.0,-18.80083],[30.0,-20.306645]]]}},{"type":"Feature","properties":{"resolution":3},"geometry":{"type":"Polygon","coordinates":[[[33.333333,-20.306645],[33.333333,-21.826902],[35.0,-21.826902],[36.666667,-21.826902],[36.666667,-20.306645],[36.666667,-18.80083],[35.0,-18.80083],[33.333333,-18.80083],[33.333333,-20.306645]]]}},{"type":"Feature","properties":{"resolution":3},"geometry":{"type":"Polygon","coordinates":[[[40.0,-14.356483],[40.0,-15.827012],[41.666667,-15.827012],[43.333333,-15.827012],[43.333333,-14.356483],[43.333333,-12.895313],[41.666667,-12.895313],[40.0,-12.895313],[40.0,-14.356483]]]}},{"type":"Feature","properties":{"resolution":3},"geometry":{"type":"Polygon","coordinates":[[[43.333333,-14.356483],[43.333333,-15.827012],[45.0,-15.827012],[46.666667,-15.827012],[46.666667,-14.356483],[46.666667,-12.895313],[45.0,-12.895313],[43.333333,-12.895313],[43.333333,-14.356483]]]}},{"type":"Feature","properties":{"resolution":3},"geometry":{"type":"Polygon","coordinates":[[[46.666667,-14.356483],[46.666667,-15.827012],[48.333333,-15.827012],[50.0,-15.827012],[50.0,-14.356483],[50.0,-12.895313],[48.333333,-12.895313],[46.666667,-12.895313],[46.666667,-14.356483]]]}},{"type":"Feature","properties":{"resolution":3},"geometry":{"type":"Polygon","coordinates":[[[40.0,-17.308054],[40.0,-18.80083],[41.666667,-18.80083],[43.333333,-18.80083],[43.333333,-17.308054],[43.333333,-15.827012],[41.666667,-15.827012],[40.0,-15.827012],[40.0,-17.308054]]]}},{"type":"Feature","properties":{"resolution":3},"geometry":{"type":"Polygon","coordinates":[[[43.333333,-17.308054],[43.333333,-18.80083],[45.0,-18.80083],[46.666667,-18.80083],[46.666667,-17.308054],[46.666667,-15.827012],[45.0,-15.827012],[43.333333,-15.827012],[43.333333,-17.308054]]]}},{"type":"Feature","properties":{"resolution":3},"geometry":{"type":"Polygon","coordinates":[[[46.666667,-17.308054],[46.666667,-18.80083],[48.333333,-18.80083],[50.0,-18.80083],[50.0,-17.308054],[50.0,-15.827012],[48.333333,-15.827012],[46.666667,-15.827012],[46.666667,-17.308054]]]}},{"type":"Feature","properties":{"resolution":3},"geometry":{"type":"Polygon","coordinates":[[[40.0,-20.306645],[40.0,-21.826902],[41.666667,-21.826902],[43.333333,-21.826902],[43.333333,-20.306645],[43.333333,-18.80083],[41.666667,-18.80083],[40.0,-18.80083],[40.0,-20.306645]]]}},{"type":"Feature","properties":{"resolution":3},"geometry":{"type":"Polygon","coordinates":[[[43.333333,-20.306645],[43.333333,-21.826902],[45.0,-21.826902],[46.666667,-21.826902],[46.666667,-20.306645],[46.666667,-18.80083],[45.0,-18.80083],[43.333333,-18.80083],[43.333333,-20.306645]]]}},{"type":"Feature","properties":{"resolution":3},"geometry":{"type":"Polygon","coordinates":[[[46.666667,-20.306645],[46.666667,-21.826902],[48.333333,-21.826902],[50.0,-21.826902],[50.0,-20.306645],[50.0,-18.80083],[48.333333,-18.80083],[46.666667,-18.80083],[46.666667,-20.306645]]]}},{"type":"Feature","properties":{"resolution":3},"geometry":{"type":"Polygon","coordinates":[[[50.0,-14.356483],[50.0,-15.827012],[51.666667,-15.827012],[53.333333,-15.827012],[53.333333,-14.356483],[53.333333,-12.895313],[51.666667,-12.895313],[50.0,-12.895313],[50.0,-14.356483]]]}},{"type":"Feature","properties":{"resolution":3},"geometry":{"type":"Polygon","coordinates":[[[50.0,-17.308054],[50.0,-18.80083],[51.666667,-18.80083],[53.333333,-18.80083],[53.333333,-17.308054],[53.333333,-15.827012],[51.666667,-15.827012],[50.0,-15.827012],[50.0,-17.308054]]]}},{"type":"Feature","properties":{"resolution":3},"geometry":{"type":"Polygon","coordinates":[[[30.0,-23.363114],[30.0,-24.916921],[31.666667,-24.916921],[33.333333,-24.916921],[33.333333,-23.363114],[33.333333,-21.826902],[31.666667,-21.826902],[30.0,-21.826902],[30.0,-23.363114]]]}},{"type":"Feature","properties":{"resolution":3},"geometry":{"type":"Polygon","coordinates":[[[33.333333,-23.363114],[33.333333,-24.916921],[35.0,-24.916921],[36.666667,-24.916921],[36.666667,-23.363114],[36.666667,-21.826902],[35.0,-21.826902],[33.333333,-21.826902],[33.333333,-23.363114]]]}},{"type":"Feature","properties":{"resolution":3},"geometry":{"type":"Polygon","coordinates":[[[30.0,-26.490119],[30.0,-28.084676],[31.666667,-28.084676],[33.333333,-28.084676],[33.333333,-26.490119],[33.333333,-24.916921],[31.666667,-24.916921],[30.0,-24.916921],[30.0,-26.490119]]]}},{"type":"Feature","properties":{"resolution":3},"geometry":{"type":"Polygon","coordinates":[[[33.333333,-26.490119],[33.333333,-28.084676],[35.0,-28.084676],[36.666667,-28.084676],[36.666667,-26.490119],[36.666667,-24.916921],[35.0,-24.916921],[33.333333,-24.916921],[33.333333,-26.490119]]]}},{"type":"Feature","properties":{"resolution":3},"geometry":{"type":"Polygon","coordinates":[[[30.0,-29.702772],[30.0,-31.34683],[31.666667,-31.34683],[33.333333,-31.34683],[33.333333,-29.702772],[33.333333,-28.084676],[31.666667,-28.084676],[30.0,-28.084676],[30.0,-29.702772]]]}},{"type":"Feature","properties":{"resolution":3},"geometry":{"type":"Polygon","coordinates":[[[40.0,-23.363114],[40.0,-24.916921],[41.666667,-24.916921],[43.333333,-24.916921],[43.333333,-23.363114],[43.333333,-21.826902],[41.666667,-21.826902],[40.0,-21.826902],[40.0,-23.363114]]]}},{"type":"Feature","properties":{"resolution":3},"geometry":{"type":"Polygon","coordinates":[[[43.333333,-23.363114],[43.333333,-24.916921],[45.0,-24.916921],[46.666667,-24.916921],[46.666667,-23.363114],[46.666667,-21.826902],[45.0,-21.826902],[43.333333,-21.826902],[43.333333,-23.363114]]]}},{"type":"Feature","properties":{"resolution":3},"geometry":{"type":"Polygon","coordinates":[[[46.666667,-23.363114],[46.666667,-24.916921],[48.333333,-24.916921],[50.0,-24.916921],[50.0,-23.363114],[50.0,-21.826902],[48.333333,-21.826902],[46.666667,-21.826902],[46.666667,-23.363114]]]}},{"type":"Feature","properties":{"resolution":3},"geometry":{"type":"Polygon","coordinates":[[[43.333333,-26.490119],[43.333333,-28.084676],[45.0,-28.084676],[46.666667,-28.084676],[46.666667,-26.490119],[46.666667,-24.916921],[45.0,-24.916921],[43.333333,-24.916921],[43.333333,-26.490119]]]}},{"type":"Feature","properties":{"resolution":3},"geometry":{"type":"Polygon","coordinates":[[[46.666667,-26.490119],[46.666667,-28.084676],[48.333333,-28.084676],[50.0,-28.084676],[50.0,-26.490119],[50.0,-24.916921],[48.333333,-24.916921],[46.666667,-24.916921],[46.666667,-26.490119]]]}},{"type":"Feature","properties":{"resolution":2},"geometry":{"type":"Polygon","coordinates":[[[90.0,39.148384],[90.0,36.463778],[90.0,33.867635],[90.0,31.34683],[92.5,31.34683],[95.0,31.34683],[97.5,31.34683],[100.0,31.34683],[100.0,33.867635],[100.0,36.463778],[100.0,39.148384],[100.0,41.937854],[97.5,41.937854],[95.0,41.937854],[92.5,41.937854],[90.0,41.937854],[90.0,39.148384]]]}},{"type":"Feature","properties":{"resolution":2},"geometry":{"type":"Polygon","coordinates":[[[100.0,39.148384],[100.0,36.463778],[100.0,33.867635],[100.0,31.34683],[102.5,31.34683],[105.0,31.34683],[107.5,31.34683],[110.0,31.34683],[110.0,33.867635],[110.0,36.463778],[110.0,39.148384],[110.0,41.937854],[107.5,41.937854],[105.0,41.937854],[102.5,41.937854],[100.0,41.937854],[100.0,39.148384]]]}},{"type":"Feature","properties":{"resolution":3},"geometry":{"type":"Polygon","coordinates":[[[110.0,40.065629],[110.0,38.242754],[111.666667,38.242754],[113.333333,38.242754],[113.333333,40.065629],[113.333333,41.937854],[111.666667,41.937854],[110.0,41.937854],[110.0,40.065629]]]}},{"type":"Feature","properties":{"resolution":3},"geometry":{"type":"Polygon","coordinates":[[[113.333333,40.065629],[113.333333,38.242754],[115.0,38.242754],[116.666667,38.242754],[116.666667,40.065629],[116.666667,41.937854],[115.0,41.937854],[113.333333,41.937854],[113.333333,40.065629]]]}},{"type":"Feature","properties":{"resolution":3},"geometry":{"type":"Polygon","coordinates":[[[116.666667,40.065629],[116.666667,38.242754],[118.333333,38.242754],[120.0,38.242754],[120.0,40.065629],[120.0,41.937854],[118.333333,41.937854],[116.666667,41.937854],[116.666667,40.065629]]]}},{"type":"Feature","properties":{"resolution":3},"geometry":{"type":"Polygon","coordinates":[[[110.0,36.463778],[110.0,34.724053],[111.666667,34.724053],[113.333333,34.724053],[113.333333,36.463778],[113.333333,38.242754],[111.666667,38.242754],[110.0,38.242754],[110.0,36.463778]]]}},{"type":"Feature","properties":{"resolution":3},"geometry":{"type":"Polygon","coordinates":[[[113.333333,36.463778],[113.333333,34.724053],[115.0,34.724053],[116.666667,34.724053],[116.666667,36.463778],[116.666667,38.242754],[115.0,38.242754],[113.333333,38.242754],[113.333333,36.463778]]]}},{"type":"Feature","properties":{"resolution":3},"geometry":{"type":"Polygon","coordinates":[[[116.666667,36.463778],[116.666667,34.724053],[118.333333,34.724053],[120.0,34.724053],[120.0,36.463778],[120.0,38.242754],[118.333333,38.242754],[116.666667,38.242754],[116.666667,36.463778]]]}},{"type":"Feature","properties":{"resolution":3},"geometry":{"type":"Polygon","coordinates":[[[110.0,33.019568],[110.0,31.34683],[111.666667,31.34683],[113.333333,31.34683],[113.333333,33.019568],[113.333333,34.724053],[111.666667,34.724053],[110.0,34.724053],[110.0,33.019568]]]}},{"type":"Feature","properties":{"resolution":3},"geometry":{"type":"Polygon","coordinates":[[[113.333333,33.019568],[113.333333,31.34683],[115.0,31.34683],[116.666667,31.34683],[116.666667,33.019568],[116.666667,34.724053],[115.0,34.724053],[113.333333,34.724053],[113.333333,33.019568]]]}},{"type":"Feature","properties":{"resolution":3},"geometry":{"type":"Polygon","coordinates":[[[116.666667,33.019568],[116.666667,31.34683],[118.333333,31.34683],[120.0,31.34683],[120.0,33.019568],[120.0,34.724053],[118.333333,34.724053],[116.666667,34.724053],[116.666667,33.019568]]]}},{"type":"Feature","properties":{"resolution":3},"geometry":{"type":"Polygon","coordinates":[[[90.0,29.702772],[90.0,28.084676],[91.666667,28.084676],[93.333333,28.084676],[93.333333,29.702772],[93.333333,31.34683],[91.666667,31.34683],[90.0,31.34683],[90.0,29.702772]]]}},{"type":"Feature","properties":{"resolution":3},"geometry":{"type":"Polygon","coordinates":[[[93.333333,29.702772],[93.333333,28.084676],[95.0,28.084676],[96.666667,28.084676],[96.666667,29.702772],[96.666667,31.34683],[95.0,31.34683],[93.333333,31.34683],[93.333333,29.702772]]]}},{"type":"Feature","properties":{"resolution":3},"geometry":{"type":"Polygon","coordinates":[[[96.666667,29.702772],[96.666667,28.084676],[98.333333,28.084676],[100.0,28.084676],[100.0,29.702772],[100.0,31.34683],[98.333333,31.34683],[96.666667,31.34683],[96.666667,29.702772]]]}},{"type":"Feature","properties":{"resolution":3},"geometry":{"type":"Polygon","coordinates":[[[90.0,26.490119],[90.0,24.916921],[91.666667,24.916921],[93.333333,24.916921],[93.333333,26.490119],[93.333333,28.084676],[91.666667,28.084676],[90.0,28.084676],[90.0,26.490119]]]}},{"type":"Feature","properties":{"resolution":3},"geometry":{"type":"Polygon","coordinates":[[[93.333333,26.490119],[93.333333,24.916921],[95.0,24.916921],[96.666667,24.916921],[96.666667,26.490119],[96.666667,28.084676],[95.0,28.084676],[93.333333,28.084676],[93.333333,26.490119]]]}},{"type":"Feature","properties":{"resolution":3},"geometry":{"type":"Polygon","coordinates":[[[96.666667,26.490119],[96.666667,24.916921],[98.333333,24.916921],[100.0,24.916921],[100.0,26.490119],[100.0,28.084676],[98.333333,28.084676],[96.666667,28.084676],[96.666667,26.490119]]]}},{"type":"Feature","properties":{"resolution":3},"geometry":{"type":"Polygon","coordinates":[[[90.0,23.363114],[90.0,21.826902],[91.666667,21.826902],[93.333333,21.826902],[93.333333,23.363114],[93.333333,24.916921],[91.666667,24.916921],[90.0,24.916921],[90.0,23.363114]]]}},{"type":"Feature","properties":{"resolution":3},"geometry":{"type":"Polygon","coordinates":[[[93.333333,23.363114],[93.333333,21.826902],[95.0,21.826902],[96.666667,21.826902],[96.666667,23.363114],[96.666667,24.916921],[95.0,24.916921],[93.333333,24.916921],[93.333333,23.363114]]]}},{"type":"Feature","properties":{"resolution":3},"geometry":{"type":"Polygon","coordinates":[[[96.666667,23.363114],[96.666667,21.826902],[98.333333,21.826902],[100.0,21.826902],[100.0,23.363114],[100.0,24.916921],[98.333333,24.916921],[96.666667,24.916921],[96.666667,23.363114]]]}},{"type":"Feature","properties":{"resolution":2},"geometry":{"type":"Polygon","coordinates":[[[100.0,28.890636],[100.0,26.490119],[100.0,24.13771],[100.0,21.826902],[102.5,21.826902],[105.0,21.826902],[107.5,21.826902],[110.0,21.826902],[110.0,24.13771],[110.0,26.490119],[110.0,28.890636],[110.0,31.34683],[107.5,31.34683],[105.0,31.34683],[102.5,31.34683],[100.0,31.34683],[100.0,28.890636]]]}},{"type":"Feature","properties":{"resolution":3},"geometry":{"type":"Polygon","coordinates":[[[110.0,29.702772],[110.0,28.084676],[111.666667,28.084676],[113.333333,28.084676],[113.333333,29.702772],[113.333333,31.34683],[111.666667,31.34683],[110.0,31.34683],[110.0,29.702772]]]}},{"type":"Feature","properties":{"resolution":3},"geometry":{"type":"Polygon","coordinates":[[[113.333333,29.702772],[113.333333,28.084676],[115.0,28.084676],[116.666667,28.084676],[116.666667,29.702772],[116.666667,31.34683],[115.0,31.34683],[113.333333,31.34683],[113.333333,29.702772]]]}},{"type":"Feature","properties":{"resolution":3},"geometry":{"type":"Polygon","coordinates":[[[116.666667,29.702772],[116.666667,28.084676],[118.333333,28.084676],[120.0,28.084676],[120.0,29.702772],[120.0,31.34683],[118.333333,31.34683],[116.666667,31.34683],[116.666667,29.702772]]]}},{"type":"Feature","properties":{"resolution":3},"geometry":{"type":"Polygon","coordinates":[[[110.0,26.490119],[110.0,24.916921],[111.666667,24.916921],[113.333333,24.916921],[113.333333,26.490119],[113.333333,28.084676],[111.666667,28.084676],[110.0,28.084676],[110.0,26.490119]]]}},{"type":"Feature","properties":{"resolution":3},"geometry":{"type":"Polygon","coordinates":[[[113.333333,26.490119],[113.333333,24.916921],[115.0,24.916921],[116.666667,24.916921],[116.666667,26.490119],[116.666667,28.084676],[115.0,28.084676],[113.333333,28.084676],[113.333333,26.490119]]]}},{"type":"Feature","properties":{"resolution":3},"geometry":{"type":"Polygon","coordinates":[[[116.666667,26.490119],[116.666667,24.916921],[118.333333,24.916921],[120.0,24.916921],[120.0,26.490119],[120.0,28.084676],[118.333333,28.084676],[116.666667,28.084676],[116.666667,26.490119]]]}},{"type":"Feature","properties":{"resolution":3},"geometry":{"type":"Polygon","coordinates":[[[110.0,23.363114],[110.0,21.826902],[111.666667,21.826902],[113.333333,21.826902],[113.333333,23.363114],[113.333333,24.916921],[111.666667,24.916921],[110.0,24.916921],[110.0,23.363114]]]}},{"type":"Feature","properties":{"resolution":3},"geometry":{"type":"Polygon","coordinates":[[[113.333333,23.363114],[113.333333,21.826902],[115.0,21.826902],[116.666667,21.826902],[116.666667,23.363114],[116.666667,24.916921],[115.0,24.916921],[113.333333,24.916921],[113.333333,23.363114]]]}},{"type":"Feature","properties":{"resolution":3},"geometry":{"type":"Polygon","coordinates":[[[116.666667,23.363114],[116.666667,21.826902],[118.333333,21.826902],[120.0,21.826902],[120.0,23.363114],[120.0,24.916921],[118.333333,24.916921],[116.666667,24.916921],[116.666667,23.363114]]]}},{"type":"Feature","properties":{"resolution":3},"geometry":{"type":"Polygon","coordinates":[[[90.0,20.306645],[90.0,18.80083],[91.666667,18.80083],[93.333333,18.80083],[93.333333,20.306645],[93.333333,21.826902],[91.666667,21.826902],[90.0,21.826902],[90.0,20.306645]]]}},{"type":"Feature","properties":{"resolution":3},"geometry":{"type":"Polygon","coordinates":[[[93.333333,20.306645],[93.333333,18.80083],[95.0,18.80083],[96.666667,18.80083],[96.666667,20.306645],[96.666667,21.826902],[95.0,21.826902],[93.333333,21.826902],[93.333333,20.306645]]]}},{"type":"Feature","properties":{"resolution":3},"geometry":{"type":"Polygon","coordinates":[[[96.666667,20.306645],[96.666667,18.80083],[98.333333,18.80083],[100.0,18.80083],[100.0,20.306645],[100.0,21.826902],[98.333333,21.826902],[96.666667,21.826902],[96.666667,20.306645]]]}},{"type":"Feature","properties":{"resolution":3},"geometry":{"type":"Polygon","coordinates":[[[93.333333,17.308054],[93.333333,15.827012],[95.0,15.827012],[96.666667,15.827012],[96.666667,17.308054],[96.666667,18.80083],[95.0,18.80083],[93.333333,18.80083],[93.333333,17.308054]]]}},{"type":"Feature","properties":{"resolution":3},"geometry":{"type":"Polygon","coordinates":[[[96.666667,17.308054],[96.666667,15.827012],[98.333333,15.827012],[100.0,15.827012],[100.0,17.308054],[100.0,18.80083],[98.333333,18.80083],[96.666667,18.80083],[96.666667,17.308054]]]}},{"type":"Feature","properties":{"resolution":3},"geometry":{"type":"Polygon","coordinates":[[[93.333333,14.356483],[93.333333,12.895313],[95.0,12.895313],[96.666667,12.895313],[96.666667,14.356483],[96.666667,15.827012],[95.0,15.827012],[93.333333,15.827012],[93.333333,14.356483]]]}},{"type":"Feature","properties":{"resolution":3},"geometry":{"type":"Polygon","coordinates":[[[96.666667,14.356483],[96.666667,12.895313],[98.333333,12.895313],[100.0,12.895313],[100.0,14.356483],[100.0,15.827012],[98.333333,15.827012],[96.666667,15.827012],[96.666667,14.356483]]]}},{"type":"Feature","properties":{"resolution":3},"geometry":{"type":"Polygon","coordinates":[[[100.0,20.306645],[100.0,18.80083],[101.666667,18.80083],[103.333333,18.80083],[103.333333,20.306645],[103.333333,21.826902],[101.666667,21.826902],[100.0,21.826902],[100.0,20.306645]]]}},{"type":"Feature","properties":{"resolution":3},"geometry":{"type":"Polygon","coordinates":[[[103.333333,20.306645],[103.333333,18.80083],[105.0,18.80083],[106.666667,18.80083],[106.666667,20.306645],[106.666667,21.826902],[105.0,21.826902],[103.333333,21.826902],[103.333333,20.306645]]]}},{"type":"Feature","properties":{"resolution":3},"geometry":{"type":"Polygon","coordinates":[[[106.666667,20.306645],[106.666667,18.80083],[108.333333,18.80083],[110.0,18.80083],[110.0,20.306645],[110.0,21.826902],[108.333333,21.826902],[106.666667,21.826902],[106.666667,20.306645]]]}},{"type":"Feature","properties":{"resolution":3},"geometry":{"type":"Polygon","coordinates":[[[100.0,17.308054],[100.0,15.827012],[101.666667,15.827012],[103.333333,15.827012],[103.333333,17.308054],[103.333333,18.80083],[101.666667,18.80083],[100.0,18.80083],[100.0,17.308054]]]}},{"type":"Feature","properties":{"resolution":3},"geometry":{"type":"Polygon","coordinates":[[[103.333333,17.308054],[103.333333,15.827012],[105.0,15.827012],[106.666667,15.827012],[106.666667,17.308054],[106.666667,18.80083],[105.0,18.80083],[103.333333,18.80083],[103.333333,17.308054]]]}},{"type":"Feature","properties":{"resolution":3},"geometry":{"type":"Polygon","coordinates":[[[106.666667,17.308054],[106.666667,15.827012],[108.333333,15.827012],[110.0,15.827012],[110.0,17.308054],[110.0,18.80083],[108.333333,18.80083],[106.666667,18.80083],[106.666667,17.308054]]]}},{"type":"Feature","properties":{"resolution":3},"geometry":{"type":"Polygon","coordinates":[[[100.0,14.356483],[100.0,12.895313],[101.666667,12.895313],[103.333333,12.895313],[103.333333,14.356483],[103.333333,15.827012],[101.666667,15.827012],[100.0,15.827012],[100.0,14.356483]]]}},{"type":"Feature","properties":{"resolution":3},"geometry":{"type":"Polygon","coordinates":[[[103.333333,14.356483],[103.333333,12.895313],[105.0,12.895313],[106.666667,12.895313],[106.666667,14.356483],[106.666667,15.827012],[105.0,15.827012],[103.333333,15.827012],[103.333333,14.356483]]]}},{"type":"Feature","properties":{"resolution":3},"geometry":{"type":"Polygon","coordinates":[[[106.666667,14.356483],[106.666667,12.895313],[108.333333,12.895313],[110.0,12.895313],[110.0,14.356483],[110.0,15.827012],[108.333333,15.827012],[106.666667,15.827012],[106.666667,14.356483]]]}},{"type":"Feature","properties":{"resolution":3},"geometry":{"type":"Polygon","coordinates":[[[110.0,20.306645],[110.0,18.80083],[111.666667,18.80083],[113.333333,18.80083],[113.333333,20.306645],[113.333333,21.826902],[111.666667,21.826902],[110.0,21.826902],[110.0,20.306645]]]}},{"type":"Feature","properties":{"resolution":3},"geometry":{"type":"Polygon","coordinates":[[[110.0,17.308054],[110.0,15.827012],[111.666667,15.827012],[113.333333,15.827012],[113.333333,17.308054],[113.333333,18.80083],[111.666667,18.80083],[110.0,18.80083],[110.0,17.308054]]]}},{"type":"Feature","properties":{"resolution":3},"geometry":{"type":"Polygon","coordinates":[[[116.666667,17.308054],[116.666667,15.827012],[118.333333,15.827012],[120.0,15.827012],[120.0,17.308054],[120.0,18.80083],[118.333333,18.80083],[116.666667,18.80083],[116.666667,17.308054]]]}},{"type":"Feature","properties":{"resolution":3},"geometry":{"type":"Polygon","coordinates":[[[116.666667,14.356483],[116.666667,12.895313],[118.333333,12.895313],[120.0,12.895313],[120.0,14.356483],[120.0,15.827012],[118.333333,15.827012],[116.666667,15.827012],[116.666667,14.356483]]]}},{"type":"Feature","properties":{"resolution":3},"geometry":{"type":"Polygon","coordinates":[[[120.0,40.065629],[120.0,38.242754],[121.666667,38.242754],[123.333333,38.242754],[123.333333,40.065629],[123.333333,41.937854],[121.666667,41.937854],[120.0,41.937854],[120.0,40.065629]]]}},{"type":"Feature","properties":{"resolution":3},"geometry":{"type":"Polygon","coordinates":[[[123.333333,40.065629],[123.333333,38.242754],[125.0,38.242754],[126.666667,38.242754],[126.666667,40.065629],[126.666667,41.937854],[125.0,41.937854],[123.333333,41.937854],[123.333333,40.065629]]]}},{"type":"Feature","properties":{"resolution":3},"geometry":{"type":"Polygon","coordinates":[[[126.666667,40.065629],[126.666667,38.242754],[128.333333,38.242754],[130.0,38.242754],[130.0,40.065629],[130.0,41.937854],[128.333333,41.937854],[126.666667,41.937854],[126.666667,40.065629]]]}},{"type":"Feature","properties":{"resolution":3},"geometry":{"type":"Polygon","coordinates":[[[120.0,36.463778],[120.0,34.724053],[121.666667,34.724053],[123.333333,34.724053],[123.333333,36.463778],[123.333333,38.242754],[121.666667,38.242754],[120.0,38.242754],[120.0,36.463778]]]}},{"type":"Feature","properties":{"resolution":3},"geometry":{"type":"Polygon","coordinates":[[[123.333333,36.463778],[123.333333,34.724053],[125.0,34.724053],[126.666667,34.724053],[126.666667,36.463778],[126.666667,38.242754],[125.0,38.242754],[123.333333,38.242754],[123.333333,36.463778]]]}},{"type":"Feature","properties":{"resolution":3},"geometry":{"type":"Polygon","coordinates":[[[126.666667,36.463778],[126.666667,34.724053],[128.333333,34.724053],[130.0,34.724053],[130.0,36.463778],[130.0,38.242754],[128.333333,38.242754],[126.666667,38.242754],[126.666667,36.463778]]]}},{"type":"Feature","properties":{"resolution":3},"geometry":{"type":"Polygon","coordinates":[[[120.0,33.019568],[120.0,31.34683],[121.666667,31.34683],[123.333333,31.34683],[123.333333,33.019568],[123.333333,34.724053],[121.666667,34.724053],[120.0,34.724053],[120.0,33.019568]]]}},{"type":"Feature","properties":{"resolution":3},"geometry":{"type":"Polygon","coordinates":[[[123.333333,33.019568],[123.333333,31.34683],[125.0,31.34683],[126.666667,31.34683],[126.666667,33.019568],[126.666667,34.724053],[125.0,34.724053],[123.333333,34.724053],[123.333333,33.019568]]]}},{"type":"Feature","properties":{"resolution":3},"geometry":{"type":"Polygon","coordinates":[[[126.666667,33.019568],[126.666667,31.34683],[128.333333,31.34683],[130.0,31.34683],[130.0,33.019568],[130.0,34.724053],[128.333333,34.724053],[126.666667,34.724053],[126.666667,33.019568]]]}},{"type":"Feature","properties":{"resolution":3},"geometry":{"type":"Polygon","coordinates":[[[136.666667,40.065629],[136.666667,38.242754],[138.333333,38.242754],[140.0,38.242754],[140.0,40.065629],[140.0,41.937854],[138.333333,41.937854],[136.666667,41.937854],[136.666667,40.065629]]]}},{"type":"Feature","properties":{"resolution":3},"geometry":{"type":"Polygon","coordinates":[[[130.0,36.463778],[130.0,34.724053],[131.666667,34.724053],[133.333333,34.724053],[133.333333,36.463778],[133.333333,38.242754],[131.666667,38.242754],[130.0,38.242754],[130.0,36.463778]]]}},{"type":"Feature","properties":{"resolution":3},"geometry":{"type":"Polygon","coordinates":[[[133.333333,36.463778],[133.333333,34.724053],[135.0,34.724053],[136.666667,34.724053],[136.666667,36.463778],[136.666667,38.242754],[135.0,38.242754],[133.333333,38.242754],[133.333333,36.463778]]]}},{"type":"Feature","properties":{"resolution":3},"geometry":{"type":"Polygon","coordinates":[[[136.666667,36.463778],[136.666667,34.724053],[138.333333,34.724053],[140.0,34.724053],[140.0,36.463778],[140.0,38.242754],[138.333333,38.242754],[136.666667,38.242754],[136.666667,36.463778]]]}},{"type":"Feature","properties":{"resolution":3},"geometry":{"type":"Polygon","coordinates":[[[130.0,33.019568],[130.0,31.34683],[131.666667,31.34683],[133.333333,31.34683],[133.333333,33.019568],[133.333333,34.724053],[131.666667,34.724053],[130.0,34.724053],[130.0,33.019568]]]}},{"type":"Feature","properties":{"resolution":3},"geometry":{"type":"Polygon","coordinates":[[[133.333333,33.019568],[133.333333,31.34683],[135.0,31.34683],[136.666667,31.34683],[136.666667,33.019568],[136.666667,34.724053],[135.0,34.724053],[133.333333,34.724053],[133.333333,33.019568]]]}},{"type":"Feature","properties":{"resolution":3},"geometry":{"type":"Polygon","coordinates":[[[136.666667,33.019568],[136.666667,31.34683],[138.333333,31.34683],[140.0,31.34683],[140.0,33.019568],[140.0,34.724053],[138.333333,34.724053],[136.666667,34.724053],[136.666667,33.019568]]]}},{"type":"Feature","properties":{"resolution":3},"geometry":{"type":"Polygon","coordinates":[[[140.0,40.065629],[140.0,38.242754],[141.666667,38.242754],[143.333333,38.242754],[143.333333,40.065629],[143.333333,41.937854],[141.666667,41.937854],[140.0,41.937854],[140.0,40.065629]]]}},{"type":"Feature","properties":{"resolution":3},"geometry":{"type":"Polygon","coordinates":[[[140.0,36.463778],[140.0,34.724053],[141.666667,34.724053],[143.333333,34.724053],[143.333333,36.463778],[143.333333,38.242754],[141.666667,38.242754],[140.0,38.242754],[140.0,36.463778]]]}},{"type":"Feature","properties":{"resolution":3},"geometry":{"type":"Polygon","coordinates":[[[120.0,29.702772],[120.0,28.084676],[121.666667,28.084676],[123.333333,28.084676],[123.333333,29.702772],[123.333333,31.34683],[121.666667,31.34683],[120.0,31.34683],[120.0,29.702772]]]}},{"type":"Feature","properties":{"resolution":3},"geometry":{"type":"Polygon","coordinates":[[[120.0,26.490119],[120.0,24.916921],[121.666667,24.916921],[123.333333,24.916921],[123.333333,26.490119],[123.333333,28.084676],[121.666667,28.084676],[120.0,28.084676],[120.0,26.490119]]]}},{"type":"Feature","properties":{"resolution":3},"geometry":{"type":"Polygon","coordinates":[[[120.0,23.363114],[120.0,21.826902],[121.666667,21.826902],[123.333333,21.826902],[123.333333,23.363114],[123.333333,24.916921],[121.666667,24.916921],[120.0,24.916921],[120.0,23.363114]]]}},{"type":"Feature","properties":{"resolution":3},"geometry":{"type":"Polygon","coordinates":[[[130.0,29.702772],[130.0,28.084676],[131.666667,28.084676],[133.333333,28.084676],[133.333333,29.702772],[133.333333,31.34683],[131.666667,31.34683],[130.0,31.34683],[130.0,29.702772]]]}},{"type":"Feature","properties":{"resolution":3},"geometry":{"type":"Polygon","coordinates":[[[120.0,17.308054],[120.0,15.827012],[121.666667,15.827012],[123.333333,15.827012],[123.333333,17.308054],[123.333333,18.80083],[121.666667,18.80083],[120.0,18.80083],[120.0,17.308054]]]}},{"type":"Feature","properties":{"resolution":3},"geometry":{"type":"Polygon","coordinates":[[[120.0,14.356483],[120.0,12.895313],[121.666667,12.895313],[123.333333,12.895313],[123.333333,14.356483],[123.333333,15.827012],[121.666667,15.827012],[120.0,15.827012],[120.0,14.356483]]]}},{"type":"Feature","properties":{"resolution":3},"geometry":{"type":"Polygon","coordinates":[[[123.333333,14.356483],[123.333333,12.895313],[125.0,12.895313],[126.666667,12.895313],[126.666667,14.356483],[126.666667,15.827012],[125.0,15.827012],[123.333333,15.827012],[123.333333,14.356483]]]}},{"type":"Feature","properties":{"resolution":3},"geometry":{"type":"Polygon","coordinates":[[[96.666667,11.442413],[96.666667,9.996743],[98.333333,9.996743],[100.0,9.996743],[100.0,11.442413],[100.0,12.895313],[98.333333,12.895313],[96.666667,12.895313],[96.666667,11.442413]]]}},{"type":"Feature","properties":{"resolution":3},"geometry":{"type":"Polygon","coordinates":[[[96.666667,8.557312],[96.666667,7.123161],[98.333333,7.123161],[100.0,7.123161],[100.0,8.557312],[100.0,9.996743],[98.333333,9.996743],[96.666667,9.996743],[96.666667,8.557312]]]}},{"type":"Feature","properties":{"resolution":3},"geometry":{"type":"Polygon","coordinates":[[[93.333333,5.693366],[93.333333,4.267026],[95.0,4.267026],[96.666667,4.267026],[96.666667,5.693366],[96.666667,7.123161],[95.0,7.123161],[93.333333,7.123161],[93.333333,5.693366]]]}},{"type":"Feature","properties":{"resolution":3},"geometry":{"type":"Polygon","coordinates":[[[96.666667,5.693366],[96.666667,4.267026],[98.333333,4.267026],[100.0,4.267026],[100.0,5.693366],[100.0,7.123161],[98.333333,7.123161],[96.666667,7.123161],[96.666667,5.693366]]]}},{"type":"Feature","properties":{"resolution":3},"geometry":{"type":"Polygon","coordinates":[[[100.0,11.442413],[100.0,9.996743],[101.666667,9.996743],[103.333333,9.996743],[103.333333,11.442413],[103.333333,12.895313],[101.666667,12.895313],[100.0,12.895313],[100.0,11.442413]]]}},{"type":"Feature","properties":{"resolution":3},"geometry":{"type":"Polygon","coordinates":[[[103.333333,11.442413],[103.333333,9.996743],[105.0,9.996743],[106.666667,9.996743],[106.666667,11.442413],[106.666667,12.895313],[105.0,12.895313],[103.333333,12.895313],[103.333333,11.442413]]]}},{"type":"Feature","properties":{"resolution":3},"geometry":{"type":"Polygon","coordinates":[[[106.666667,11.442413],[106.666667,9.996743],[108.333333,9.996743],[110.0,9.996743],[110.0,11.442413],[110.0,12.895313],[108.333333,12.895313],[106.666667,12.895313],[106.666667,11.442413]]]}},{"type":"Feature","properties":{"resolution":3},"geometry":{"type":"Polygon","coordinates":[[[100.0,8.557312],[100.0,7.123161],[101.666667,7.123161],[103.333333,7.123161],[103.333333,8.557312],[103.333333,9.996743],[101.666667,9.996743],[100.0,9.996743],[100.0,8.557312]]]}},{"type":"Feature","properties":{"resolution":3},"geometry":{"type":"Polygon","coordinates":[[[103.333333,8.557312],[103.333333,7.123161],[105.0,7.123161],[106.666667,7.123161],[106.666667,8.557312],[106.666667,9.996743],[105.0,9.996743],[103.333333,9.996743],[103.333333,8.557312]]]}},{"type":"Feature","properties":{"resolution":3},"geometry":{"type":"Polygon","coordinates":[[[106.666667,8.557312],[106.666667,7.123161],[108.333333,7.123161],[110.0,7.123161],[110.0,8.557312],[110.0,9.996743],[108.333333,9.996743],[106.666667,9.996743],[106.666667,8.557312]]]}},{"type":"Feature","properties":{"resolution":3},"geometry":{"type":"Polygon","coordinates":[[[100.0,5.693366],[100.0,4.267026],[101.666667,4.267026],[103.333333,4.267026],[103.333333,5.693366],[103.333333,7.123161],[101.666667,7.123161],[100.0,7.123161],[100.0,5.693366]]]}},{"type":"Feature","properties":{"resolution":3},"geometry":{"type":"Polygon","coordinates":[[[103.333333,5.693366],[103.333333,4.267026],[105.0,4.267026],[106.666667,4.267026],[106.666667,5.693366],[106.666667,7.123161],[105.0,7.123161],[103.333333,7.123161],[103.333333,5.693366]]]}},{"type":"Feature","properties":{"resolution":3},"geometry":{"type":"Polygon","coordinates":[[[116.666667,11.442413],[116.666667,9.996743],[118.333333,9.996743],[120.0,9.996743],[120.0,11.442413],[120.0,12.895313],[118.333333,12.895313],[116.666667,12.895313],[116.666667,11.442413]]]}},{"type":"Feature","properties":{"resolution":3},"geometry":{"type":"Polygon","coordinates":[[[116.666667,8.557312],[116.666667,7.123161],[118.333333,7.123161],[120.0,7.123161],[120.0,8.557312],[120.0,9.996743],[118.333333,9.996743],[116.666667,9.996743],[116.666667,8.557312]]]}},{"type":"Feature","properties":{"resolution":3},"geometry":{"type":"Polygon","coordinates":[[[113.333333,5.693366],[113.333333,4.267026],[115.0,4.267026],[116.666667,4.267026],[116.666667,5.693366],[116.666667,7.123161],[115.0,7.123161],[113.333333,7.123161],[113.333333,5.693366]]]}},{"type":"Feature","properties":{"resolution":3},"geometry":{"type":"Polygon","coordinates":[[[116.666667,5.693366],[116.666667,4.267026],[118.333333,4.267026],[120.0,4.267026],[120.0,5.693366],[120.0,7.123161],[118.333333,7.123161],[116.666667,7.123161],[116.666667,5.693366]]]}},{"type":"Feature","properties":{"resolution":3},"geometry":{"type":"Polygon","coordinates":[[[93.333333,2.843261],[93.333333,1.421204],[95.0,1.421204],[96.666667,1.421204],[96.666667,2.843261],[96.666667,4.267026],[95.0,4.267026],[93.333333,4.267026],[93.333333,2.843261]]]}},{"type":"Feature","properties":{"resolution":3},"geometry":{"type":"Polygon","coordinates":[[[96.666667,2.843261],[96.666667,1.421204],[98.333333,1.421204],[100.0,1.421204],[100.0,2.843261],[100.0,4.267026],[98.333333,4.267026],[96.666667,4.267026],[96.666667,2.843261]]]}},{"type":"Feature","properties":{"resolution":3},"geometry":{"type":"Polygon","coordinates":[[[96.666667,0.0],[96.666667,-1.421204],[98.333333,-1.421204],[100.0,-1.421204],[100.0,0.0],[100.0,1.421204],[98.333333,1.421204],[96.666667,1.421204],[96.666667,0.0]]]}},{"type":"Feature","properties":{"resolution":3},"geometry":{"type":"Polygon","coordinates":[[[100.0,2.843261],[100.0,1.421204],[101.666667,1.421204],[103.333333,1.421204],[103.333333,2.843261],[103.333333,4.267026],[101.666667,4.267026],[100.0,4.267026],[100.0,2.843261]]]}},{"type":"Feature","properties":{"resolution":3},"geometry":{"type":"Polygon","coordinates":[[[103.333333,2.843261],[103.333333,1.421204],[105.0,1.421204],[106.666667,1.421204],[106.666667,2.843261],[106.666667,4.267026],[105.0,4.267026],[103.333333,4.267026],[103.333333,2.843261]]]}},{"type":"Feature","properties":{"resolution":3},"geometry":{"type":"Polygon","coordinates":[[[106.666667,2.843261],[106.666667,1.421204],[108.333333,1.421204],[110.0,1.421204],[110.0,2.843261],[110.0,4.267026],[108.333333,4.267026],[106.666667,4.267026],[106.666667,2.843261]]]}},{"type":"Feature","properties":{"resolution":3},"geometry":{"type":"Polygon","coordinates":[[[100.0,0.0],[100.0,-1.421204],[101.666667,-1.421204],[103.333333,-1.421204],[103.333333,0.0],[103.333333,1.421204],[101.666667,1.421204],[100.0,1.421204],[100.0,0.0]]]}},{"type":"Feature","properties":{"resolution":3},"geometry":{"type":"Polygon","coordinates":[[[103.333333,0.0],[103.333333,-1.421204],[105.0,-1.421204],[106.666667,-1.421204],[106.666667,0.0],[106.666667,1.421204],[105.0,1.421204],[103.333333,1.421204],[103.333333,0.0]]]}},{"type":"Feature","properties":{"resolution":3},"geometry":{"type":"Polygon","coordinates":[[[106.666667,0.0],[106.666667,-1.421204],[108.333333,-1.421204],[110.0,-1.421204],[110.0,0.0],[110.0,1.421204],[108.333333,1.421204],[106.666667,1.421204],[106.666667,0.0]]]}},{"type":"Feature","properties":{"resolution":3},"geometry":{"type":"Polygon","coordinates":[[[100.0,-2.843261],[100.0,-4.267026],[101.666667,-4.267026],[103.333333,-4.267026],[103.333333,-2.843261],[103.333333,-1.421204],[101.666667,-1.421204],[100.0,-1.421204],[100.0,-2.843261]]]}},{"type":"Feature","properties":{"resolution":3},"geometry":{"type":"Polygon","coordinates":[[[103.333333,-2.843261],[103.333333,-4.267026],[105.0,-4.267026],[106.666667,-4.267026],[106.666667,-2.843261],[106.666667,-1.421204],[105.0,-1.421204],[103.333333,-1.421204],[103.333333,-2.843261]]]}},{"type":"Feature","properties":{"resolution":3},"geometry":{"type":"Polygon","coordinates":[[[106.666667,-2.843261],[106.666667,-4.267026],[108.333333,-4.267026],[110.0,-4.267026],[110.0,-2.843261],[110.0,-1.421204],[108.333333,-1.421204],[106.666667,-1.421204],[106.666667,-2.843261]]]}},{"type":"Feature","properties":{"resolution":3},"geometry":{"type":"Polygon","coordinates":[[[110.0,2.843261],[110.0,1.421204],[111.666667,1.421204],[113.333333,1.421204],[113.333333,2.843261],[113.333333,4.267026],[111.666667,4.267026],[110.0,4.267026],[110.0,2.843261]]]}},{"type":"Feature","properties":{"resolution":3},"geometry":{"type":"Polygon","coordinates":[[[113.333333,2.843261],[113.333333,1.421204],[115.0,1.421204],[116.666667,1.421204],[116.666667,2.843261],[116.666667,4.267026],[115.0,4.267026],[113.333333,4.267026],[113.333333,2.843261]]]}},{"type":"Feature","properties":{"resolution":3},"geometry":{"type":"Polygon","coordinates":[[[116.666667,2.843261],[116.666667,1.421204],[118.333333,1.421204],[120.0,1.421204],[120.0,2.843261],[120.0,4.267026],[118.333333,4.267026],[116.666667,4.267026],[116.666667,2.843261]]]}},{"type":"Feature","properties":{"resolution":3},"geometry":{"type":"Polygon","coordinates":[[[110.0,0.0],[110.0,-1.421204],[111.666667,-1.421204],[113.333333,-1.421204],[113.333333,0.0],[113.333333,1.421204],[111.666667,1.421204],[110.0,1.421204],[110.0,0.0]]]}},{"type":"Feature","properties":{"resolution":3},"geometry":{"type":"Polygon","coordinates":[[[113.333333,0.0],[113.333333,-1.421204],[115.0,-1.421204],[116.666667,-1.421204],[116.666667,0.0],[116.666667,1.421204],[115.0,1.421204],[113.333333,1.421204],[113.333333,0.0]]]}},{"type":"Feature","properties":{"resolution":3},"geometry":{"type":"Polygon","coordinates":[[[116.666667,0.0],[116.666667,-1.421204],[118.333333,-1.421204],[120.0,-1.421204],[120.0,0.0],[120.0,1.421204],[118.333333,1.421204],[116.666667,1.421204],[116.666667,0.0]]]}},{"type":"Feature","properties":{"resolution":3},"geometry":{"type":"Polygon","coordinates":[[[110.0,-2.843261],[110.0,-4.267026],[111.666667,-4.267026],[113.333333,-4.267026],[113.333333,-2.843261],[113.333333,-1.421204],[111.666667,-1.421204],[110.0,-1.421204],[110.0,-2.843261]]]}},{"type":"Feature","properties":{"resolution":3},"geometry":{"type":"Polygon","coordinates":[[[113.333333,-2.843261],[113.333333,-4.267026],[115.0,-4.267026],[116.666667,-4.267026],[116.666667,-2.843261],[116.666667,-1.421204],[115.0,-1.421204],[113.333333,-1.421204],[113.333333,-2.843261]]]}},{"type":"Feature","properties":{"resolution":3},"geometry":{"type":"Polygon","coordinates":[[[116.666667,-2.843261],[116.666667,-4.267026],[118.333333,-4.267026],[120.0,-4.267026],[120.0,-2.843261],[120.0,-1.421204],[118.333333,-1.421204],[116.666667,-1.421204],[116.666667,-2.843261]]]}},{"type":"Feature","properties":{"resolution":3},"geometry":{"type":"Polygon","coordinates":[[[100.0,-5.693366],[100.0,-7.123161],[101.666667,-7.123161],[103.333333,-7.123161],[103.333333,-5.693366],[103.333333,-4.267026],[101.666667,-4.267026],[100.0,-4.267026],[100.0,-5.693366]]]}},{"type":"Feature","properties":{"resolution":3},"geometry":{"type":"Polygon","coordinates":[[[103.333333,-5.693366],[103.333333,-7.123161],[105.0,-7.123161],[106.666667,-7.123161],[106.666667,-5.693366],[106.666667,-4.267026],[105.0,-4.267026],[103.333333,-4.267026],[103.333333,-5.693366]]]}},{"type":"Feature","properties":{"resolution":3},"geometry":{"type":"Polygon","coordinates":[[[106.666667,-5.693366],[106.666667,-7.123161],[108.333333,-7.123161],[110.0,-7.123161],[110.0,-5.693366],[110.0,-4.267026],[108.333333,-4.267026],[106.666667,-4.267026],[106.666667,-5.693366]]]}},{"type":"Feature","properties":{"resolution":3},"geometry":{"type":"Polygon","coordinates":[[[103.333333,-8.557312],[103.333333,-9.996743],[105.0,-9.996743],[106.666667,-9.996743],[106.666667,-8.557312],[106.666667,-7.123161],[105.0,-7.123161],[103.333333,-7.123161],[103.333333,-8.557312]]]}},{"type":"Feature","properties":{"resolution":3},"geometry":{"type":"Polygon","coordinates":[[[106.666667,-8.557312],[106.666667,-9.996743],[108.333333,-9.996743],[110.0,-9.996743],[110.0,-8.557312],[110.0,-7.123161],[108.333333,-7.123161],[106.666667,-7.123161],[106.666667,-8.557312]]]}},{"type":"Feature","properties":{"resolution":3},"geometry":{"type":"Polygon","coordinates":[[[110.0,-5.693366],[110.0,-7.123161],[111.666667,-7.123161],[113.333333,-7.123161],[113.333333,-5.693366],[113.333333,-4.267026],[111.666667,-4.267026],[110.0,-4.267026],[110.0,-5.693366]]]}},{"type":"Feature","properties":{"resolution":3},"geometry":{"type":"Polygon","coordinates":[[[116.666667,-5.693366],[116.666667,-7.123161],[118.333333,-7.123161],[120.0,-7.123161],[120.0,-5.693366],[120.0,-4.267026],[118.333333,-4.267026],[116.666667,-4.267026],[116.666667,-5.693366]]]}},{"type":"Feature","properties":{"resolution":3},"geometry":{"type":"Polygon","coordinates":[[[110.0,-8.557312],[110.0,-9.996743],[111.666667,-9.996743],[113.333333,-9.996743],[113.333333,-8.557312],[113.333333,-7.123161],[111.666667,-7.123161],[110.0,-7.123161],[110.0,-8.557312]]]}},{"type":"Feature","properties":{"resolution":3},"geometry":{"type":"Polygon","coordinates":[[[113.333333,-8.557312],[113.333333,-9.996743],[115.0,-9.996743],[116.666667,-9.996743],[116.666667,-8.557312],[116.666667,-7.123161],[115.0,-7.123161],[113.333333,-7.123161],[113.333333,-8.557312]]]}},{"type":"Feature","properties":{"resolution":3},"geometry":{"type":"Polygon","coordinates":[[[116.666667,-8.557312],[116.666667,-9.996743],[118.333333,-9.996743],[120.0,-9.996743],[120.0,-8.557312],[120.0,-7.123161],[118.333333,-7.123161],[116.666667,-7.123161],[116.666667,-8.557312]]]}},{"type":"Feature","properties":{"resolution":3},"geometry":{"type":"Polygon","coordinates":[[[116.666667,-11.442413],[116.666667,-12.895313],[118.333333,-12.895313],[120.0,-12.895313],[120.0,-11.442413],[120.0,-9.996743],[118.333333,-9.996743],[116.666667,-9.996743],[116.666667,-11.442413]]]}},{"type":"Feature","properties":{"resolution":3},"geometry":{"type":"Polygon","coordinates":[[[120.0,11.442413],[120.0,9.996743],[121.666667,9.996743],[123.333333,9.996743],[123.333333,11.442413],[123.333333,12.895313],[121.666667,12.895313],[120.0,12.895313],[120.0,11.442413]]]}},{"type":"Feature","properties":{"resolution":3},"geometry":{"type":"Polygon","coordinates":[[[123.333333,11.442413],[123.333333,9.996743],[125.0,9.996743],[126.666667,9.996743],[126.666667,11.442413],[126.666667,12.895313],[125.0,12.895313],[123.333333,12.895313],[123.333333,11.442413]]]}},{"type":"Feature","properties":{"resolution":3},"geometry":{"type":"Polygon","coordinates":[[[120.0,8.557312],[120.0,7.123161],[121.666667,7.123161],[123.333333,7.123161],[123.333333,8.557312],[123.333333,9.996743],[121.666667,9.996743],[120.0,9.996743],[120.0,8.557312]]]}},{"type":"Feature","properties":{"resolution":3},"geometry":{"type":"Polygon","coordinates":[[[123.333333,8.557312],[123.333333,7.123161],[125.0,7.123161],[126.666667,7.123161],[126.666667,8.557312],[126.666667,9.996743],[125.0,9.996743],[123.333333,9.996743],[123.333333,8.557312]]]}},{"type":"Feature","properties":{"resolution":3},"geometry":{"type":"Polygon","coordinates":[[[120.0,5.693366],[120.0,4.267026],[121.666667,4.267026],[123.333333,4.267026],[123.333333,5.693366],[123.333333,7.123161],[121.666667,7.123161],[120.0,7.123161],[120.0,5.693366]]]}},{"type":"Feature","properties":{"resolution":3},"geometry":{"type":"Polygon","coordinates":[[[123.333333,5.693366],[123.333333,4.267026],[125.0,4.267026],[126.666667,4.267026],[126.666667,5.693366],[126.666667,7.123161],[125.0,7.123161],[123.333333,7.123161],[123.333333,5.693366]]]}},{"type":"Feature","properties":{"resolution":3},"geometry":{"type":"Polygon","coordinates":[[[123.333333,2.843261],[123.333333,1.421204],[125.0,1.421204],[126.666667,1.421204],[126.666667,2.843261],[126.666667,4.267026],[125.0,4.267026],[123.333333,4.267026],[123.333333,2.843261]]]}},{"type":"Feature","properties":{"resolution":3},"geometry":{"type":"Polygon","coordinates":[[[126.666667,2.843261],[126.666667,1.421204],[128.333333,1.421204],[130.0,1.421204],[130.0,2.843261],[130.0,4.267026],[128.333333,4.267026],[126.666667,4.267026],[126.666667,2.843261]]]}},{"type":"Feature","properties":{"resolution":3},"geometry":{"type":"Polygon","coordinates":[[[120.0,0.0],[120.0,-1.421204],[121.666667,-1.421204],[123.333333,-1.421204],[123.333333,0.0],[123.333333,1.421204],[121.666667,1.421204],[120.0,1.421204],[120.0,0.0]]]}},{"type":"Feature","properties":{"resolution":3},"geometry":{"type":"Polygon","coordinates":[[[123.333333,0.0],[123.333333,-1.421204],[125.0,-1.421204],[126.666667,-1.421204],[126.666667,0.0],[126.666667,1.421204],[125.0,1.421204],[123.333333,1.421204],[123.333333,0.0]]]}},{"type":"Feature","properties":{"resolution":3},"geometry":{"type":"Polygon","coordinates":[[[126.666667,0.0],[126.666667,-1.421204],[128.333333,-1.421204],[130.0,-1.421204],[130.0,0.0],[130.0,1.421204],[128.333333,1.421204],[126.666667,1.421204],[126.666667,0.0]]]}},{"type":"Feature","properties":{"resolution":3},"geometry":{"type":"Polygon","coordinates":[[[120.0,-2.843261],[120.0,-4.267026],[121.666667,-4.267026],[123.333333,-4.267026],[123.333333,-2.843261],[123.333333,-1.421204],[121.666667,-1.421204],[120.0,-1.421204],[120.0,-2.843261]]]}},{"type":"Feature","properties":{"resolution":3},"geometry":{"type":"Polygon","coordinates":[[[123.333333,-2.843261],[123.333333,-4.267026],[125.0,-4.267026],[126.666667,-4.267026],[126.666667,-2.843261],[126.666667,-1.421204],[125.0,-1.421204],[123.333333,-1.421204],[123.333333,-2.843261]]]}},{"type":"Feature","properties":{"resolution":3},"geometry":{"type":"Polygon","coordinates":[[[126.666667,-2.843261],[126.666667,-4.267026],[128.333333,-4.267026],[130.0,-4.267026],[130.0,-2.843261],[130.0,-1.421204],[128.333333,-1.421204],[126.666667,-1.421204],[126.666667,-2.843261]]]}},{"type":"Feature","properties":{"resolution":3},"geometry":{"type":"Polygon","coordinates":[[[130.0,0.0],[130.0,-1.421204],[131.666667,-1.421204],[133.333333,-1.421204],[133.333333,0.0],[133.333333,1.421204],[131.666667,1.421204],[130.0,1.421204],[130.0,0.0]]]}},{"type":"Feature","properties":{"resolution":3},"geometry":{"type":"Polygon","coordinates":[[[133.333333,0.0],[133.333333,-1.421204],[135.0,-1.421204],[136.666667,-1.421204],[136.666667,0.0],[136.666667,1.421204],[135.0,1.421204],[133.333333,1.421204],[133.333333,0.0]]]}},{"type":"Feature","properties":{"resolution":3},"geometry":{"type":"Polygon","coordinates":[[[130.0,-2.843261],[130.0,-4.267026],[131.666667,-4.267026],[133.333333,-4.267026],[133.333333,-2.843261],[133.333333,-1.421204],[131.666667,-1.421204],[130.0,-1.421204],[130.0,-2.843261]]]}},{"type":"Feature","properties":{"resolution":3},"geometry":{"type":"Polygon","coordinates":[[[133.333333,-2.843261],[133.333333,-4.267026],[135.0,-4.267026],[136.666667,-4.267026],[136.666667,-2.843261],[136.666667,-1.421204],[135.0,-1.421204],[133.333333,-1.421204],[133.333333,-2.843261]]]}},{"type":"Feature","properties":{"resolution":3},"geometry":{"type":"Polygon","coordinates":[[[136.666667,-2.843261],[136.666667,-4.267026],[138.333333,-4.267026],[140.0,-4.267026],[140.0,-2.843261],[140.0,-1.421204],[138.333333,-1.421204],[136.666667,-1.421204],[136.666667,-2.843261]]]}},{"type":"Feature","properties":{"resolution":3},"geometry":{"type":"Polygon","coordinates":[[[140.0,-2.843261],[140.0,-4.267026],[141.666667,-4.267026],[143.333333,-4.267026],[143.333333,-2.843261],[143.333333,-1.421204],[141.666667,-1.421204],[140.0,-1.421204],[140.0,-2.843261]]]}},{"type":"Feature","properties":{"resolution":3},"geometry":{"type":"Polygon","coordinates":[[[143.333333,-2.843261],[143.333333,-4.267026],[145.0,-4.267026],[146.666667,-4.267026],[146.666667,-2.843261],[146.666667,-1.421204],[145.0,-1.421204],[143.333333,-1.421204],[143.333333,-2.843261]]]}},{"type":"Feature","properties":{"resolution":3},"geometry":{"type":"Polygon","coordinates":[[[120.0,-5.693366],[120.0,-7.123161],[121.666667,-7.123161],[123.333333,-7.123161],[123.333333,-5.693366],[123.333333,-4.267026],[121.666667,-4.267026],[120.0,-4.267026],[120.0,-5.693366]]]}},{"type":"Feature","properties":{"resolution":3},"geometry":{"type":"Polygon","coordinates":[[[120.0,-8.557312],[120.0,-9.996743],[121.666667,-9.996743],[123.333333,-9.996743],[123.333333,-8.557312],[123.333333,-7.123161],[121.666667,-7.123161],[120.0,-7.123161],[120.0,-8.557312]]]}},{"type":"Feature","properties":{"resolution":3},"geometry":{"type":"Polygon","coordinates":[[[123.333333,-8.557312],[123.333333,-9.996743],[125.0,-9.996743],[126.666667,-9.996743],[126.666667,-8.557312],[126.666667,-7.123161],[125.0,-7.123161],[123.333333,-7.123161],[123.333333,-8.557312]]]}},{"type":"Feature","properties":{"resolution":3},"geometry":{"type":"Polygon","coordinates":[[[126.666667,-8.557312],[126.666667,-9.996743],[128.333333,-9.996743],[130.0,-9.996743],[130.0,-8.557312],[130.0,-7.123161],[128.333333,-7.123161],[126.666667,-7.123161],[126.666667,-8.557312]]]}},{"type":"Feature","properties":{"resolution":3},"geometry":{"type":"Polygon","coordinates":[[[120.0,-11.442413],[120.0,-12.895313],[121.666667,-12.895313],[123.333333,-12.895313],[123.333333,-11.442413],[123.333333,-9.996743],[121.666667,-9.996743],[120.0,-9.996743],[120.0,-11.442413]]]}},{"type":"Feature","properties":{"resolution":3},"geometry":{"type":"Polygon","coordinates":[[[123.333333,-11.442413],[123.333333,-12.895313],[125.0,-12.895313],[126.666667,-12.895313],[126.666667,-11.442413],[126.666667,-9.996743],[125.0,-9.996743],[123.333333,-9.996743],[123.333333,-11.442413]]]}},{"type":"Feature","properties":{"resolution":3},"geometry":{"type":"Polygon","coordinates":[[[133.333333,-5.693366],[133.333333,-7.123161],[135.0,-7.123161],[136.666667,-7.123161],[136.666667,-5.693366],[136.666667,-4.267026],[135.0,-4.267026],[133.333333,-4.267026],[133.333333,-5.693366]]]}},{"type":"Feature","properties":{"resolution":3},"geometry":{"type":"Polygon","coordinates":[[[136.666667,-5.693366],[136.666667,-7.123161],[138.333333,-7.123161],[140.0,-7.123161],[140.0,-5.693366],[140.0,-4.267026],[138.333333,-4.267026],[136.666667,-4.267026],[136.666667,-5.693366]]]}},{"type":"Feature","properties":{"resolution":3},"geometry":{"type":"Polygon","coordinates":[[[136.666667,-8.557312],[136.666667,-9.996743],[138.333333,-9.996743],[140.0,-9.996743],[140.0,-8.557312],[140.0,-7.123161],[138.333333,-7.123161],[136.666667,-7.123161],[136.666667,-8.557312]]]}},{"type":"Feature","properties":{"resolution":3},"geometry":{"type":"Polygon","coordinates":[[[130.0,-11.442413],[130.0,-12.895313],[131.666667,-12.895313],[133.333333,-12.895313],[133.333333,-11.442413],[133.333333,-9.996743],[131.666667,-9.996743],[130.0,-9.996743],[130.0,-11.442413]]]}},{"type":"Feature","properties":{"resolution":3},"geometry":{"type":"Polygon","coordinates":[[[133.333333,-11.442413],[133.333333,-12.895313],[135.0,-12.895313],[136.666667,-12.895313],[136.666667,-11.442413],[136.666667,-9.996743],[135.0,-9.996743],[133.333333,-9.996743],[133.333333,-11.442413]]]}},{"type":"Feature","properties":{"resolution":3},"geometry":{"type":"Polygon","coordinates":[[[136.666667,-11.442413],[136.666667,-12.895313],[138.333333,-12.895313],[140.0,-12.895313],[140.0,-11.442413],[140.0,-9.996743],[138.333333,-9.996743],[136.666667,-9.996743],[136.666667,-11.442413]]]}},{"type":"Feature","properties":{"resolution":3},"geometry":{"type":"Polygon","coordinates":[[[140.0,-5.693366],[140.0,-7.123161],[141.666667,-7.123161],[143.333333,-7.123161],[143.333333,-5.693366],[143.333333,-4.267026],[141.666667,-4.267026],[140.0,-4.267026],[140.0,-5.693366]]]}},{"type":"Feature","properties":{"resolution":3},"geometry":{"type":"Polygon","coordinates":[[[143.333333,-5.693366],[143.333333,-7.123161],[145.0,-7.123161],[146.666667,-7.123161],[146.666667,-5.693366],[146.666667,-4.267026],[145.0,-4.267026],[143.333333,-4.267026],[143.333333,-5.693366]]]}},{"type":"Feature","properties":{"resolution":3},"geometry":{"type":"Polygon","coordinates":[[[146.666667,-5.693366],[146.666667,-7.123161],[148.333333,-7.123161],[150.0,-7.123161],[150.0,-5.693366],[150.0,-4.267026],[148.333333,-4.267026],[146.666667,-4.267026],[146.666667,-5.693366]]]}},{"type":"Feature","properties":{"resolution":3},"geometry":{"type":"Polygon","coordinates":[[[140.0,-8.557312],[140.0,-9.996743],[141.666667,-9.996743],[143.333333,-9.996743],[143.333333,-8.557312],[143.333333,-7.123161],[141.666667,-7.123161],[140.0,-7.123161],[140.0,-8.557312]]]}},{"type":"Feature","properties":{"resolution":3},"geometry":{"type":"Polygon","coordinates":[[[143.333333,-8.557312],[143.333333,-9.996743],[145.0,-9.996743],[146.666667,-9.996743],[146.666667,-8.557312],[146.666667,-7.123161],[145.0,-7.123161],[143.333333,-7.123161],[143.333333,-8.557312]]]}},{"type":"Feature","properties":{"resolution":3},"geometry":{"type":"Polygon","coordinates":[[[146.666667,-8.557312],[146.666667,-9.996743],[148.333333,-9.996743],[150.0,-9.996743],[150.0,-8.557312],[150.0,-7.123161],[148.333333,-7.123161],[146.666667,-7.123161],[146.666667,-8.557312]]]}},{"type":"Feature","properties":{"resolution":3},"geometry":{"type":"Polygon","coordinates":[[[140.0,-11.442413],[140.0,-12.895313],[141.666667,-12.895313],[143.333333,-12.895313],[143.333333,-11.442413],[143.333333,-9.996743],[141.666667,-9.996743],[140.0,-9.996743],[140.0,-11.442413]]]}},{"type":"Feature","properties":{"resolution":3},"geometry":{"type":"Polygon","coordinates":[[[143.333333,-11.442413],[143.333333,-12.895313],[145.0,-12.895313],[146.666667,-12.895313],[146.666667,-11.442413],[146.666667,-9.996743],[145.0,-9.996743],[143.333333,-9.996743],[143.333333,-11.442413]]]}},{"type":"Feature","properties":{"resolution":3},"geometry":{"type":"Polygon","coordinates":[[[146.666667,-11.442413],[146.666667,-12.895313],[148.333333,-12.895313],[150.0,-12.895313],[150.0,-11.442413],[150.0,-9.996743],[148.333333,-9.996743],[146.666667,-9.996743],[146.666667,-11.442413]]]}},{"type":"Feature","properties":{"resolution":3},"geometry":{"type":"Polygon","coordinates":[[[150.0,-2.843261],[150.0,-4.267026],[151.666667,-4.267026],[153.333333,-4.267026],[153.333333,-2.843261],[153.333333,-1.421204],[151.666667,-1.421204],[150.0,-1.421204],[150.0,-2.843261]]]}},{"type":"Feature","properties":{"resolution":3},"geometry":{"type":"Polygon","coordinates":[[[150.0,-5.693366],[150.0,-7.123161],[151.666667,-7.123161],[153.333333,-7.123161],[153.333333,-5.693366],[153.333333,-4.267026],[151.666667,-4.267026],[150.0,-4.267026],[150.0,-5.693366]]]}},{"type":"Feature","properties":{"resolution":3},"geometry":{"type":"Polygon","coordinates":[[[153.333333,-5.693366],[153.333333,-7.123161],[155.0,-7.123161],[156.666667,-7.123161],[156.666667,-5.693366],[156.666667,-4.267026],[155.0,-4.267026],[153.333333,-4.267026],[153.333333,-5.693366]]]}},{"type":"Feature","properties":{"resolution":3},"geometry":{"type":"Polygon","coordinates":[[[156.666667,-5.693366],[156.666667,-7.123161],[158.333333,-7.123161],[160.0,-7.123161],[160.0,-5.693366],[160.0,-4.267026],[158.333333,-4.267026],[156.666667,-4.267026],[156.666667,-5.693366]]]}},{"type":"Feature","properties":{"resolution":3},"geometry":{"type":"Polygon","coordinates":[[[150.0,-8.557312],[150.0,-9.996743],[151.666667,-9.996743],[153.333333,-9.996743],[153.333333,-8.557312],[153.333333,-7.123161],[151.666667,-7.123161],[150.0,-7.123161],[150.0,-8.557312]]]}},{"type":"Feature","properties":{"resolution":3},"geometry":{"type":"Polygon","coordinates":[[[156.666667,-8.557312],[156.666667,-9.996743],[158.333333,-9.996743],[160.0,-9.996743],[160.0,-8.557312],[160.0,-7.123161],[158.333333,-7.123161],[156.666667,-7.123161],[156.666667,-8.557312]]]}},{"type":"Feature","properties":{"resolution":3},"geometry":{"type":"Polygon","coordinates":[[[150.0,-11.442413],[150.0,-12.895313],[151.666667,-12.895313],[153.333333,-12.895313],[153.333333,-11.442413],[153.333333,-9.996743],[151.666667,-9.996743],[150.0,-9.996743],[150.0,-11.442413]]]}},{"type":"Feature","properties":{"resolution":3},"geometry":{"type":"Polygon","coordinates":[[[160.0,-8.557312],[160.0,-9.996743],[161.666667,-9.996743],[163.333333,-9.996743],[163.333333,-8.557312],[163.333333,-7.123161],[161.666667,-7.123161],[160.0,-7.123161],[160.0,-8.557312]]]}},{"type":"Feature","properties":{"resolution":3},"geometry":{"type":"Polygon","coordinates":[[[160.0,-11.442413],[160.0,-12.895313],[161.666667,-12.895313],[163.333333,-12.895313],[163.333333,-11.442413],[163.333333,-9.996743],[161.666667,-9.996743],[160.0,-9.996743],[160.0,-11.442413]]]}},{"type":"Feature","properties":{"resolution":3},"geometry":{"type":"Polygon","coordinates":[[[113.333333,-20.306645],[113.333333,-21.826902],[115.0,-21.826902],[116.666667,-21.826902],[116.666667,-20.306645],[116.666667,-18.80083],[115.0,-18.80083],[113.333333,-18.80083],[113.333333,-20.306645]]]}},{"type":"Feature","properties":{"resolution":3},"geometry":{"type":"Polygon","coordinates":[[[116.666667,-20.306645],[116.666667,-21.826902],[118.333333,-21.826902],[120.0,-21.826902],[120.0,-20.306645],[120.0,-18.80083],[118.333333,-18.80083],[116.666667,-18.80083],[116.666667,-20.306645]]]}},{"type":"Feature","properties":{"resolution":3},"geometry":{"type":"Polygon","coordinates":[[[113.333333,-23.363114],[113.333333,-24.916921],[115.0,-24.916921],[116.666667,-24.916921],[116.666667,-23.363114],[116.666667,-21.826902],[115.0,-21.826902],[113.333333,-21.826902],[113.333333,-23.363114]]]}},{"type":"Feature","properties":{"resolution":3},"geometry":{"type":"Polygon","coordinates":[[[116.666667,-23.363114],[116.666667,-24.916921],[118.333333,-24.916921],[120.0,-24.916921],[120.0,-23.363114],[120.0,-21.826902],[118.333333,-21.826902],[116.666667,-21.826902],[116.666667,-23.363114]]]}},{"type":"Feature","properties":{"resolution":3},"geometry":{"type":"Polygon","coordinates":[[[113.333333,-26.490119],[113.333333,-28.084676],[115.0,-28.084676],[116.666667,-28.084676],[116.666667,-26.490119],[116.666667,-24.916921],[115.0,-24.916921],[113.333333,-24.916921],[113.333333,-26.490119]]]}},{"type":"Feature","properties":{"resolution":3},"geometry":{"type":"Polygon","coordinates":[[[116.666667,-26.490119],[116.666667,-28.084676],[118.333333,-28.084676],[120.0,-28.084676],[120.0,-26.490119],[120.0,-24.916921],[118.333333,-24.916921],[116.666667,-24.916921],[116.666667,-26.490119]]]}},{"type":"Feature","properties":{"resolution":3},"geometry":{"type":"Polygon","coordinates":[[[113.333333,-29.702772],[113.333333,-31.34683],[115.0,-31.34683],[116.666667,-31.34683],[116.666667,-29.702772],[116.666667,-28.084676],[115.0,-28.084676],[113.333333,-28.084676],[113.333333,-29.702772]]]}},{"type":"Feature","properties":{"resolution":3},"geometry":{"type":"Polygon","coordinates":[[[116.666667,-29.702772],[116.666667,-31.34683],[118.333333,-31.34683],[120.0,-31.34683],[120.0,-29.702772],[120.0,-28.084676],[118.333333,-28.084676],[116.666667,-28.084676],[116.666667,-29.702772]]]}},{"type":"Feature","properties":{"resolution":3},"geometry":{"type":"Polygon","coordinates":[[[113.333333,-33.019568],[113.333333,-34.724053],[115.0,-34.724053],[116.666667,-34.724053],[116.666667,-33.019568],[116.666667,-31.34683],[115.0,-31.34683],[113.333333,-31.34683],[113.333333,-33.019568]]]}},{"type":"Feature","properties":{"resolution":3},"geometry":{"type":"Polygon","coordinates":[[[116.666667,-33.019568],[116.666667,-34.724053],[118.333333,-34.724053],[120.0,-34.724053],[120.0,-33.019568],[120.0,-31.34683],[118.333333,-31.34683],[116.666667,-31.34683],[116.666667,-33.019568]]]}},{"type":"Feature","properties":{"resolution":3},"geometry":{"type":"Polygon","coordinates":[[[113.333333,-36.463778],[113.333333,-38.242754],[115.0,-38.242754],[116.666667,-38.242754],[116.666667,-36.463778],[116.666667,-34.724053],[115.0,-34.724053],[113.333333,-34.724053],[113.333333,-36.463778]]]}},{"type":"Feature","properties":{"resolution":3},"geometry":{"type":"Polygon","coordinates":[[[116.666667,-36.463778],[116.666667,-38.242754],[118.333333,-38.242754],[120.0,-38.242754],[120.0,-36.463778],[120.0,-34.724053],[118.333333,-34.724053],[116.666667,-34.724053],[116.666667,-36.463778]]]}},{"type":"Feature","properties":{"resolution":3},"geometry":{"type":"Polygon","coordinates":[[[123.333333,-14.356483],[123.333333,-15.827012],[125.0,-15.827012],[126.666667,-15.827012],[126.666667,-14.356483],[126.666667,-12.895313],[125.0,-12.895313],[123.333333,-12.895313],[123.333333,-14.356483]]]}},{"type":"Feature","properties":{"resolution":3},"geometry":{"type":"Polygon","coordinates":[[[126.666667,-14.356483],[126.666667,-15.827012],[128.333333,-15.827012],[130.0,-15.827012],[130.0,-14.356483],[130.0,-12.895313],[128.333333,-12.895313],[126.666667,-12.895313],[126.666667,-14.356483]]]}},{"type":"Feature","properties":{"resolution":3},"geometry":{"type":"Polygon","coordinates":[[[120.0,-17.308054],[120.0,-18.80083],[121.666667,-18.80083],[123.333333,-18.80083],[123.333333,-17.308054],[123.333333,-15.827012],[121.666667,-15.827012],[120.0,-15.827012],[120.0,-17.308054]]]}},{"type":"Feature","properties":{"resolution":3},"geometry":{"type":"Polygon","coordinates":[[[123.333333,-17.308054],[123.333333,-18.80083],[125.0,-18.80083],[126.666667,-18.80083],[126.666667,-17.308054],[126.666667,-15.827012],[125.0,-15.827012],[123.333333,-15.827012],[123.333333,-17.308054]]]}},{"type":"Feature","properties":{"resolution":3},"geometry":{"type":"Polygon","coordinates":[[[126.666667,-17.308054],[126.666667,-18.80083],[128.333333,-18.80083],[130.0,-18.80083],[130.0,-17.308054],[130.0,-15.827012],[128.333333,-15.827012],[126.666667,-15.827012],[126.666667,-17.308054]]]}},{"type":"Feature","properties":{"resolution":3},"geometry":{"type":"Polygon","coordinates":[[[120.0,-20.306645],[120.0,-21.826902],[121.666667,-21.826902],[123.333333,-21.826902],[123.333333,-20.306645],[123.333333,-18.80083],[121.666667,-18.80083],[120.0,-18.80083],[120.0,-20.306645]]]}},{"type":"Feature","properties":{"resolution":3},"geometry":{"type":"Polygon","coordinates":[[[123.333333,-20.306645],[123.333333,-21.826902],[125.0,-21.826902],[126.666667,-21.826902],[126.666667,-20.306645],[126.666667,-18.80083],[125.0,-18.80083],[123.333333,-18.80083],[123.333333,-20.306645]]]}},{"type":"Feature","properties":{"resolution":3},"geometry":{"type":"Polygon","coordinates":[[[126.666667,-20.306645],[126.666667,-21.826902],[128.333333,-21.826902],[130.0,-21.826902],[130.0,-20.306645],[130.0,-18.80083],[128.333333,-18.80083],[126.666667,-18.80083],[126.666667,-20.306645]]]}},{"type":"Feature","properties":{"resolution":3},"geometry":{"type":"Polygon","coordinates":[[[130.0,-14.356483],[130.0,-15.827012],[131.666667,-15.827012],[133.333333,-15.827012],[133.333333,-14.356483],[133.333333,-12.895313],[131.666667,-12.895313],[130.0,-12.895313],[130.0,-14.356483]]]}},{"type":"Feature","properties":{"resolution":3},"geometry":{"type":"Polygon","coordinates":[[[133.333333,-14.356483],[133.333333,-15.827012],[135.0,-15.827012],[136.666667,-15.827012],[136.666667,-14.356483],[136.666667,-12.895313],[135.0,-12.895313],[133.333333,-12.895313],[133.333333,-14.356483]]]}},{"type":"Feature","properties":{"resolution":3},"geometry":{"type":"Polygon","coordinates":[[[136.666667,-14.356483],[136.666667,-15.827012],[138.333333,-15.827012],[140.0,-15.827012],[140.0,-14.356483],[140.0,-12.895313],[138.333333,-12.895313],[136.666667,-12.895313],[136.666667,-14.356483]]]}},{"type":"Feature","properties":{"resolution":3},"geometry":{"type":"Polygon","coordinates":[[[130.0,-17.308054],[130.0,-18.80083],[131.666667,-18.80083],[133.333333,-18.80083],[133.333333,-17.308054],[133.333333,-15.827012],[131.666667,-15.827012],[130.0,-15.827012],[130.0,-17.308054]]]}},{"type":"Feature","properties":{"resolution":3},"geometry":{"type":"Polygon","coordinates":[[[133.333333,-17.308054],[133.333333,-18.80083],[135.0,-18.80083],[136.666667,-18.80083],[136.666667,-17.308054],[136.666667,-15.827012],[135.0,-15.827012],[133.333333,-15.827012],[133.333333,-17.308054]]]}},{"type":"Feature","properties":{"resolution":3},"geometry":{"type":"Polygon","coordinates":[[[136.666667,-17.308054],[136.666667,-18.80083],[138.333333,-18.80083],[140.0,-18.80083],[140.0,-17.308054],[140.0,-15.827012],[138.333333,-15.827012],[136.666667,-15.827012],[136.666667,-17.308054]]]}},{"type":"Feature","properties":{"resolution":3},"geometry":{"type":"Polygon","coordinates":[[[130.0,-20.306645],[130.0,-21.826902],[131.666667,-21.826902],[133.333333,-21.826902],[133.333333,-20.306645],[133.333333,-18.80083],[131.666667,-18.80083],[130.0,-18.80083],[130.0,-20.306645]]]}},{"type":"Feature","properties":{"resolution":3},"geometry":{"type":"Polygon","coordinates":[[[133.333333,-20.306645],[133.333333,-21.826902],[135.0,-21.826902],[136.666667,-21.826902],[136.666667,-20.306645],[136.666667,-18.80083],[135.0,-18.80083],[133.333333,-18.80083],[133.333333,-20.306645]]]}},{"type":"Feature","properties":{"resolution":3},"geometry":{"type":"Polygon","coordinates":[[[136.666667,-20.306645],[136.666667,-21.826902],[138.333333,-21.826902],[140.0,-21.826902],[140.0,-20.306645],[140.0,-18.80083],[138.333333,-18.80083],[136.666667,-18.80083],[136.666667,-20.306645]]]}},{"type":"Feature","properties":{"resolution":3},"geometry":{"type":"Polygon","coordinates":[[[140.0,-14.356483],[140.0,-15.827012],[141.666667,-15.827012],[143.333333,-15.827012],[143.333333,-14.356483],[143.333333,-12.895313],[141.666667,-12.895313],[140.0,-12.895313],[140.0,-14.356483]]]}},{"type":"Feature","properties":{"resolution":3},"geometry":{"type":"Polygon","coordinates":[[[143.333333,-14.356483],[143.333333,-15.827012],[145.0,-15.827012],[146.666667,-15.827012],[146.666667,-14.356483],[146.666667,-12.895313],[145.0,-12.895313],[143.333333,-12.895313],[143.333333,-14.356483]]]}},{"type":"Feature","properties":{"resolution":3},"geometry":{"type":"Polygon","coordinates":[[[140.0,-17.308054],[140.0,-18.80083],[141.666667,-18.80083],[143.333333,-18.80083],[143.333333,-17.308054],[143.333333,-15.827012],[141.666667,-15.827012],[140.0,-15.827012],[140.0,-17.308054]]]}},{"type":"Feature","properties":{"resolution":3},"geometry":{"type":"Polygon","coordinates":[[[143.333333,-17.308054],[143.333333,-18.80083],[145.0,-18.80083],[146.666667,-18.80083],[146.666667,-17.308054],[146.666667,-15.827012],[145.0,-15.827012],[143.333333,-15.827012],[143.333333,-17.308054]]]}},{"type":"Feature","properties":{"resolution":3},"geometry":{"type":"Polygon","coordinates":[[[140.0,-20.306645],[140.0,-21.826902],[141.666667,-21.826902],[143.333333,-21.826902],[143.333333,-20.306645],[143.333333,-18.80083],[141.666667,-18.80083],[140.0,-18.80083],[140.0,-20.306645]]]}},{"type":"Feature","properties":{"resolution":3},"geometry":{"type":"Polygon","coordinates":[[[143.333333,-20.306645],[143.333333,-21.826902],[145.0,-21.826902],[146.666667,-21.826902],[146.666667,-20.306645],[146.666667,-18.80083],[145.0,-18.80083],[143.333333,-18.80083],[143.333333,-20.306645]]]}},{"type":"Feature","properties":{"resolution":3},"geometry":{"type":"Polygon","coordinates":[[[146.666667,-20.306645],[146.666667,-21.826902],[148.333333,-21.826902],[150.0,-21.826902],[150.0,-20.306645],[150.0,-18.80083],[148.333333,-18.80083],[146.666667,-18.80083],[146.666667,-20.306645]]]}},{"type":"Feature","properties":{"resolution":2},"geometry":{"type":"Polygon","coordinates":[[[120.0,-24.13771],[120.0,-26.490119],[120.0,-28.890636],[120.0,-31.34683],[122.5,-31.34683],[125.0,-31.34683],[127.5,-31.34683],[130.0,-31.34683],[130.0,-28.890636],[130.0,-26.490119],[130.0,-24.13771],[130.0,-21.826902],[127.5,-21.826902],[125.0,-21.826902],[122.5,-21.826902],[120.0,-21.826902],[120.0,-24.13771]]]}},{"type":"Feature","properties":{"resolution":2},"geometry":{"type":"Polygon","coordinates":[[[130.0,-24.13771],[130.0,-26.490119],[130.0,-28.890636],[130.0,-31.34683],[132.5,-31.34683],[135.0,-31.34683],[137.5,-31.34683],[140.0,-31.34683],[140.0,-28.890636],[140.0,-26.490119],[140.0,-24.13771],[140.0,-21.826902],[137.5,-21.826902],[135.0,-21.826902],[132.5,-21.826902],[130.0,-21.826902],[130.0,-24.13771]]]}},{"type":"Feature","properties":{"resolution":3},"geometry":{"type":"Polygon","coordinates":[[[140.0,-23.363114],[140.0,-24.916921],[141.666667,-24.916921],[143.333333,-24.916921],[143.333333,-23.363114],[143.333333,-21.826902],[141.666667,-21.826902],[140.0,-21.826902],[140.0,-23.363114]]]}},{"type":"Feature","properties":{"resolution":3},"geometry":{"type":"Polygon","coordinates":[[[143.333333,-23.363114],[143.333333,-24.916921],[145.0,-24.916921],[146.666667,-24.916921],[146.666667,-23.363114],[146.666667,-21.826902],[145.0,-21.826902],[143.333333,-21.826902],[143.333333,-23.363114]]]}},{"type":"Feature","properties":{"resolution":3},"geometry":{"type":"Polygon","coordinates":[[[146.666667,-23.363114],[146.666667,-24.916921],[148.333333,-24.916921],[150.0,-24.916921],[150.0,-23.363114],[150.0,-21.826902],[148.333333,-21.826902],[146.666667,-21.826902],[146.666667,-23.363114]]]}},{"type":"Feature","properties":{"resolution":3},"geometry":{"type":"Polygon","coordinates":[[[140.0,-26.490119],[140.0,-28.084676],[141.666667,-28.084676],[143.333333,-28.084676],[143.333333,-26.490119],[143.333333,-24.916921],[141.666667,-24.916921],[140.0,-24.916921],[140.0,-26.490119]]]}},{"type":"Feature","properties":{"resolution":3},"geometry":{"type":"Polygon","coordinates":[[[143.333333,-26.490119],[143.333333,-28.084676],[145.0,-28.084676],[146.666667,-28.084676],[146.666667,-26.490119],[146.666667,-24.916921],[145.0,-24.916921],[143.333333,-24.916921],[143.333333,-26.490119]]]}},{"type":"Feature","properties":{"resolution":3},"geometry":{"type":"Polygon","coordinates":[[[146.666667,-26.490119],[146.666667,-28.084676],[148.333333,-28.084676],[150.0,-28.084676],[150.0,-26.490119],[150.0,-24.916921],[148.333333,-24.916921],[146.666667,-24.916921],[146.666667,-26.490119]]]}},{"type":"Feature","properties":{"resolution":3},"geometry":{"type":"Polygon","coordinates":[[[140.0,-29.702772],[140.0,-31.34683],[141.666667,-31.34683],[143.333333,-31.34683],[143.333333,-29.702772],[143.333333,-28.084676],[141.666667,-28.084676],[140.0,-28.084676],[140.0,-29.702772]]]}},{"type":"Feature","properties":{"resolution":3},"geometry":{"type":"Polygon","coordinates":[[[143.333333,-29.702772],[143.333333,-31.34683],[145.0,-31.34683],[146.666667,-31.34683],[146.666667,-29.702772],[146.666667,-28.084676],[145.0,-28.084676],[143.333333,-28.084676],[143.333333,-29.702772]]]}},{"type":"Feature","properties":{"resolution":3},"geometry":{"type":"Polygon","coordinates":[[[146.666667,-29.702772],[146.666667,-31.34683],[148.333333,-31.34683],[150.0,-31.34683],[150.0,-29.702772],[150.0,-28.084676],[148.333333,-28.084676],[146.666667,-28.084676],[146.666667,-29.702772]]]}},{"type":"Feature","properties":{"resolution":3},"geometry":{"type":"Polygon","coordinates":[[[120.0,-33.019568],[120.0,-34.724053],[121.666667,-34.724053],[123.333333,-34.724053],[123.333333,-33.019568],[123.333333,-31.34683],[121.666667,-31.34683],[120.0,-31.34683],[120.0,-33.019568]]]}},{"type":"Feature","properties":{"resolution":3},"geometry":{"type":"Polygon","coordinates":[[[123.333333,-33.019568],[123.333333,-34.724053],[125.0,-34.724053],[126.666667,-34.724053],[126.666667,-33.019568],[126.666667,-31.34683],[125.0,-31.34683],[123.333333,-31.34683],[123.333333,-33.019568]]]}},{"type":"Feature","properties":{"resolution":3},"geometry":{"type":"Polygon","coordinates":[[[126.666667,-33.019568],[126.666667,-34.724053],[128.333333,-34.724053],[130.0,-34.724053],[130.0,-33.019568],[130.0,-31.34683],[128.333333,-31.34683],[126.666667,-31.34683],[126.666667,-33.019568]]]}},{"type":"Feature","properties":{"resolution":3},"geometry":{"type":"Polygon","coordinates":[[[130.0,-33.019568],[130.0,-34.724053],[131.666667,-34.724053],[133.333333,-34.724053],[133.333333,-33.019568],[133.333333,-31.34683],[131.666667,-31.34683],[130.0,-31.34683],[130.0,-33.019568]]]}},{"type":"Feature","properties":{"resolution":3},"geometry":{"type":"Polygon","coordinates":[[[133.333333,-33.019568],[133.333333,-34.724053],[135.0,-34.724053],[136.666667,-34.724053],[136.666667,-33.019568],[136.666667,-31.34683],[135.0,-31.34683],[133.333333,-31.34683],[133.333333,-33.019568]]]}},{"type":"Feature","properties":{"resolution":3},"geometry":{"type":"Polygon","coordinates":[[[136.666667,-33.019568],[136.666667,-34.724053],[138.333333,-34.724053],[140.0,-34.724053],[140.0,-33.019568],[140.0,-31.34683],[138.333333,-31.34683],[136.666667,-31.34683],[136.666667,-33.019568]]]}},{"type":"Feature","properties":{"resolution":3},"geometry":{"type":"Polygon","coordinates":[[[133.333333,-36.463778],[133.333333,-38.242754],[135.0,-38.242754],[136.666667,-38.242754],[136.666667,-36.463778],[136.666667,-34.724053],[135.0,-34.724053],[133.333333,-34.724053],[133.333333,-36.463778]]]}},{"type":"Feature","properties":{"resolution":3},"geometry":{"type":"Polygon","coordinates":[[[136.666667,-36.463778],[136.666667,-38.242754],[138.333333,-38.242754],[140.0,-38.242754],[140.0,-36.463778],[140.0,-34.724053],[138.333333,-34.724053],[136.666667,-34.724053],[136.666667,-36.463778]]]}},{"type":"Feature","properties":{"resolution":3},"geometry":{"type":"Polygon","coordinates":[[[140.0,-33.019568],[140.0,-34.724053],[141.666667,-34.724053],[143.333333,-34.724053],[143.333333,-33.019568],[143.333333,-31.34683],[141.666667,-31.34683],[140.0,-31.34683],[140.0,-33.019568]]]}},{"type":"Feature","properties":{"resolution":3},"geometry":{"type":"Polygon","coordinates":[[[143.333333,-33.019568],[143.333333,-34.724053],[145.0,-34.724053],[146.666667,-34.724053],[146.666667,-33.019568],[146.666667,-31.34683],[145.0,-31.34683],[143.333333,-31.34683],[143.333333,-33.019568]]]}},{"type":"Feature","properties":{"resolution":3},"geometry":{"type":"Polygon","coordinates":[[[146.666667,-33.019568],[146.666667,-34.724053],[148.333333,-34.724053],[150.0,-34.724053],[150.0,-33.019568],[150.0,-31.34683],[148.333333,-31.34683],[146.666667,-31.34683],[146.666667,-33.019568]]]}},{"type":"Feature","properties":{"resolution":3},"geometry":{"type":"Polygon","coordinates":[[[140.0,-36.463778],[140.0,-38.242754],[141.666667,-38.242754],[143.333333,-38.242754],[143.333333,-36.463778],[143.333333,-34.724053],[141.666667,-34.724053],[140.0,-34.724053],[140.0,-36.463778]]]}},{"type":"Feature","properties":{"resolution":3},"geometry":{"type":"Polygon","coordinates":[[[143.333333,-36.463778],[143.333333,-38.242754],[145.0,-38.242754],[146.666667,-38.242754],[146.666667,-36.463778],[146.666667,-34.724053],[145.0,-34.724053],[143.333333,-34.724053],[143.333333,-36.463778]]]}},{"type":"Feature","properties":{"resolution":3},"geometry":{"type":"Polygon","coordinates":[[[146.666667,-36.463778],[146.666667,-38.242754],[148.333333,-38.242754],[150.0,-38.242754],[150.0,-36.463778],[150.0,-34.724053],[148.333333,-34.724053],[146.666667,-34.724053],[146.666667,-36.463778]]]}},{"type":"Feature","properties":{"resolution":3},"geometry":{"type":"Polygon","coordinates":[[[140.0,-40.065629],[140.0,-41.937854],[141.666667,-41.937854],[143.333333,-41.937854],[143.333333,-40.065629],[143.333333,-38.242754],[141.666667,-38.242754],[140.0,-38.242754],[140.0,-40.065629]]]}},{"type":"Feature","properties":{"resolution":3},"geometry":{"type":"Polygon","coordinates":[[[143.333333,-40.065629],[143.333333,-41.937854],[145.0,-41.937854],[146.666667,-41.937854],[146.666667,-40.065629],[146.666667,-38.242754],[145.0,-38.242754],[143.333333,-38.242754],[143.333333,-40.065629]]]}},{"type":"Feature","properties":{"resolution":3},"geometry":{"type":"Polygon","coordinates":[[[146.666667,-40.065629],[146.666667,-41.937854],[148.333333,-41.937854],[150.0,-41.937854],[150.0,-40.065629],[150.0,-38.242754],[148.333333,-38.242754],[146.666667,-38.242754],[146.666667,-40.065629]]]}},{"type":"Feature","properties":{"resolution":3},"geometry":{"type":"Polygon","coordinates":[[[163.333333,-14.356483],[163.333333,-15.827012],[165.0,-15.827012],[166.666667,-15.827012],[166.666667,-14.356483],[166.666667,-12.895313],[165.0,-12.895313],[163.333333,-12.895313],[163.333333,-14.356483]]]}},{"type":"Feature","properties":{"resolution":3},"geometry":{"type":"Polygon","coordinates":[[[166.666667,-14.356483],[166.666667,-15.827012],[168.333333,-15.827012],[170.0,-15.827012],[170.0,-14.356483],[170.0,-12.895313],[168.333333,-12.895313],[166.666667,-12.895313],[166.666667,-14.356483]]]}},{"type":"Feature","properties":{"resolution":3},"geometry":{"type":"Polygon","coordinates":[[[166.666667,-17.308054],[166.666667,-18.80083],[168.333333,-18.80083],[170.0,-18.80083],[170.0,-17.308054],[170.0,-15.827012],[168.333333,-15.827012],[166.666667,-15.827012],[166.666667,-17.308054]]]}},{"type":"Feature","properties":{"resolution":3},"geometry":{"type":"Polygon","coordinates":[[[163.333333,-20.306645],[163.333333,-21.826902],[165.0,-21.826902],[166.666667,-21.826902],[166.666667,-20.306645],[166.666667,-18.80083],[165.0,-18.80083],[163.333333,-18.80083],[163.333333,-20.306645]]]}},{"type":"Feature","properties":{"resolution":3},"geometry":{"type":"Polygon","coordinates":[[[166.666667,-20.306645],[166.666667,-21.826902],[168.333333,-21.826902],[170.0,-21.826902],[170.0,-20.306645],[170.0,-18.80083],[168.333333,-18.80083],[166.666667,-18.80083],[166.666667,-20.306645]]]}},{"type":"Feature","properties":{"resolution":3},"geometry":{"type":"Polygon","coordinates":[[[176.666667,-17.308054],[176.666667,-18.80083],[178.333333,-18.80083],[180.0,-18.80083],[180.0,-17.308054],[180.0,-15.827012],[178.333333,-15.827012],[176.666667,-15.827012],[176.666667,-17.308054]]]}},{"type":"Feature","properties":{"resolution":3},"geometry":{"type":"Polygon","coordinates":[[[150.0,-23.363114],[150.0,-24.916921],[151.666667,-24.916921],[153.333333,-24.916921],[153.333333,-23.363114],[153.333333,-21.826902],[151.666667,-21.826902],[150.0,-21.826902],[150.0,-23.363114]]]}},{"type":"Feature","properties":{"resolution":3},"geometry":{"type":"Polygon","coordinates":[[[150.0,-26.490119],[150.0,-28.084676],[151.666667,-28.084676],[153.333333,-28.084676],[153.333333,-26.490119],[153.333333,-24.916921],[151.666667,-24.916921],[150.0,-24.916921],[150.0,-26.490119]]]}},{"type":"Feature","properties":{"resolution":3},"geometry":{"type":"Polygon","coordinates":[[[153.333333,-26.490119],[153.333333,-28.084676],[155.0,-28.084676],[156.666667,-28.084676],[156.666667,-26.490119],[156.666667,-24.916921],[155.0,-24.916921],[153.333333,-24.916921],[153.333333,-26.490119]]]}},{"type":"Feature","properties":{"resolution":3},"geometry":{"type":"Polygon","coordinates":[[[150.0,-29.702772],[150.0,-31.34683],[151.666667,-31.34683],[153.333333,-31.34683],[153.333333,-29.702772],[153.333333,-28.084676],[151.666667,-28.084676],[150.0,-28.084676],[150.0,-29.702772]]]}},{"type":"Feature","properties":{"resolution":3},"geometry":{"type":"Polygon","coordinates":[[[153.333333,-29.702772],[153.333333,-31.34683],[155.0,-31.34683],[156.666667,-31.34683],[156.666667,-29.702772],[156.666667,-28.084676],[155.0,-28.084676],[153.333333,-28.084676],[153.333333,-29.702772]]]}},{"type":"Feature","properties":{"resolution":3},"geometry":{"type":"Polygon","coordinates":[[[163.333333,-23.363114],[163.333333,-24.916921],[165.0,-24.916921],[166.666667,-24.916921],[166.666667,-23.363114],[166.666667,-21.826902],[165.0,-21.826902],[163.333333,-21.826902],[163.333333,-23.363114]]]}},{"type":"Feature","properties":{"resolution":3},"geometry":{"type":"Polygon","coordinates":[[[166.666667,-23.363114],[166.666667,-24.916921],[168.333333,-24.916921],[170.0,-24.916921],[170.0,-23.363114],[170.0,-21.826902],[168.333333,-21.826902],[166.666667,-21.826902],[166.666667,-23.363114]]]}},{"type":"Feature","properties":{"resolution":3},"geometry":{"type":"Polygon","coordinates":[[[150.0,-33.019568],[150.0,-34.724053],[151.666667,-34.724053],[153.333333,-34.724053],[153.333333,-33.019568],[153.333333,-31.34683],[151.666667,-31.34683],[150.0,-31.34683],[150.0,-33.019568]]]}},{"type":"Feature","properties":{"resolution":3},"geometry":{"type":"Polygon","coordinates":[[[150.0,-36.463778],[150.0,-38.242754],[151.666667,-38.242754],[153.333333,-38.242754],[153.333333,-36.463778],[153.333333,-34.724053],[151.666667,-34.724053],[150.0,-34.724053],[150.0,-36.463778]]]}},{"type":"Feature","properties":{"resolution":3},"geometry":{"type":"Polygon","coordinates":[[[170.0,-33.019568],[170.0,-34.724053],[171.666667,-34.724053],[173.333333,-34.724053],[173.333333,-33.019568],[173.333333,-31.34683],[171.666667,-31.34683],[170.0,-31.34683],[170.0,-33.019568]]]}},{"type":"Feature","properties":{"resolution":3},"geometry":{"type":"Polygon","coordinates":[[[170.0,-36.463778],[170.0,-38.242754],[171.666667,-38.242754],[173.333333,-38.242754],[173.333333,-36.463778],[173.333333,-34.724053],[171.666667,-34.724053],[170.0,-34.724053],[170.0,-36.463778]]]}},{"type":"Feature","properties":{"resolution":3},"geometry":{"type":"Polygon","coordinates":[[[173.333333,-36.463778],[173.333333,-38.242754],[175.0,-38.242754],[176.666667,-38.242754],[176.666667,-36.463778],[176.666667,-34.724053],[175.0,-34.724053],[173.333333,-34.724053],[173.333333,-36.463778]]]}},{"type":"Feature","properties":{"resolution":3},"geometry":{"type":"Polygon","coordinates":[[[176.666667,-36.463778],[176.666667,-38.242754],[178.333333,-38.242754],[180.0,-38.242754],[180.0,-36.463778],[180.0,-34.724053],[178.333333,-34.724053],[176.666667,-34.724053],[176.666667,-36.463778]]]}},{"type":"Feature","properties":{"resolution":3},"geometry":{"type":"Polygon","coordinates":[[[170.0,-40.065629],[170.0,-41.937854],[171.666667,-41.937854],[173.333333,-41.937854],[173.333333,-40.065629],[173.333333,-38.242754],[171.666667,-38.242754],[170.0,-38.242754],[170.0,-40.065629]]]}},{"type":"Feature","properties":{"resolution":3},"geometry":{"type":"Polygon","coordinates":[[[173.333333,-40.065629],[173.333333,-41.937854],[175.0,-41.937854],[176.666667,-41.937854],[176.666667,-40.065629],[176.666667,-38.242754],[175.0,-38.242754],[173.333333,-38.242754],[173.333333,-40.065629]]]}},{"type":"Feature","properties":{"resolution":3},"geometry":{"type":"Polygon","coordinates":[[[176.666667,-40.065629],[176.666667,-41.937854],[178.333333,-41.937854],[180.0,-41.937854],[180.0,-40.065629],[180.0,-38.242754],[178.333333,-38.242754],[176.666667,-38.242754],[176.666667,-40.065629]]]}},{"type":"Feature","properties":{"resolution":3},"geometry":{"type":"Polygon","coordinates":[[[174.807692,-43.829636],[176.4,-45.707608],[178.2,-45.707608],[180.0,-45.707608],[180.0,-45.707608],[178.269231,-43.829636],[176.666667,-41.937854],[175.0,-41.937854],[173.333333,-41.937854],[174.807692,-43.829636]]]}},{"type":"Feature","properties":{"resolution":3},"geometry":{"type":"Polygon","coordinates":[[[171.346154,-43.829636],[172.8,-45.707608],[174.6,-45.707608],[176.4,-45.707608],[174.807692,-43.829636],[173.333333,-41.937854],[171.666667,-41.937854],[170.0,-41.937854],[171.346154,-43.829636]]]}},{"type":"Feature","properties":{"resolution":3},"geometry":{"type":"Polygon","coordinates":[[[167.884615,-43.829636],[169.2,-45.707608],[171.0,-45.707608],[172.8,-45.707608],[171.346154,-43.829636],[170.0,-41.937854],[168.333333,-41.937854],[166.666667,-41.937854],[167.884615,-43.829636]]]}},{"type":"Feature","properties":{"resolution":3},"geometry":{"type":"Polygon","coordinates":[[[170.625,-47.572551],[172.173913,-49.425208],[174.130435,-49.425208],[176.086957,-49.425208],[174.375,-47.572551],[172.8,-45.707608],[171.0,-45.707608],[169.2,-45.707608],[170.625,-47.572551]]]}},{"type":"Feature","properties":{"resolution":3},"geometry":{"type":"Polygon","coordinates":[[[164.423077,-43.829636],[165.6,-45.707608],[167.4,-45.707608],[169.2,-45.707608],[167.884615,-43.829636],[166.666667,-41.937854],[165.0,-41.937854],[163.333333,-41.937854],[164.423077,-43.829636]]]}},{"type":"Feature","properties":{"resolution":3},"geometry":{"type":"Polygon","coordinates":[[[166.875,-47.572551],[168.26087,-49.425208],[170.217391,-49.425208],[172.173913,-49.425208],[170.625,-47.572551],[169.2,-45.707608],[167.4,-45.707608],[165.6,-45.707608],[166.875,-47.572551]]]}},{"type":"Feature","properties":{"resolution":3},"geometry":{"type":"Polygon","coordinates":[[[-139.5,-72.679736],[-140.0,-74.424007],[-135.0,-74.424007],[-130.0,-74.424007],[-130.5,-72.679736],[-130.909091,-70.931108],[-135.0,-70.931108],[-139.090909,-70.931108],[-139.5,-72.679736]]]}},{"type":"Feature","properties":{"resolution":3},"geometry":{"type":"Polygon","coordinates":[[[-130.5,-72.679736],[-130.0,-74.424007],[-125.0,-74.424007],[-120.0,-74.424007],[-121.5,-72.679736],[-122.727273,-70.931108],[-126.818182,-70.931108],[-130.909091,-70.931108],[-130.5,-72.679736]]]}},{"type":"Feature","properties":{"resolution":3},"geometry":{"type":"Polygon","coordinates":[[[-121.5,-72.679736],[-120.0,-74.424007],[-115.0,-74.424007],[-110.0,-74.424007],[-112.5,-72.679736],[-114.545455,-70.931108],[-118.636364,-70.931108],[-122.727273,-70.931108],[-121.5,-72.679736]]]}},{"type":"Feature","properties":{"resolution":3},"geometry":{"type":"Polygon","coordinates":[[[-112.5,-72.679736],[-110.0,-74.424007],[-105.0,-74.424007],[-100.0,-74.424007],[-103.5,-72.679736],[-106.363636,-70.931108],[-110.454545,-70.931108],[-114.545455,-70.931108],[-112.5,-72.679736]]]}},{"type":"Feature","properties":{"resolution":3},"geometry":{"type":"Polygon","coordinates":[[[-103.5,-72.679736],[-100.0,-74.424007],[-95.0,-74.424007],[-90.0,-74.424007],[-94.5,-72.679736],[-98.181818,-70.931108],[-102.272727,-70.931108],[-106.363636,-70.931108],[-103.5,-72.679736]]]}},{"type":"Feature","properties":{"resolution":3},"geometry":{"type":"Polygon","coordinates":[[[-77.884615,-43.829636],[-79.2,-45.707608],[-77.4,-45.707608],[-75.6,-45.707608],[-74.423077,-43.829636],[-73.333333,-41.937854],[-75.0,-41.937854],[-76.666667,-41.937854],[-77.884615,-43.829636]]]}},{"type":"Feature","properties":{"resolution":3},"geometry":{"type":"Polygon","coordinates":[[[-79.772727,-51.266288],[-81.428571,-53.096471],[-79.285714,-53.096471],[-77.142857,-53.096471],[-75.681818,-51.266288],[-74.347826,-49.425208],[-76.304348,-49.425208],[-78.26087,-49.425208],[-79.772727,-51.266288]]]}},{"type":"Feature","properties":{"resolution":3},"geometry":{"type":"Polygon","coordinates":[[[-76.875,-47.572551],[-78.26087,-49.425208],[-76.304348,-49.425208],[-74.347826,-49.425208],[-73.125,-47.572551],[-72.0,-45.707608],[-73.8,-45.707608],[-75.6,-45.707608],[-76.875,-47.572551]]]}},{"type":"Feature","properties":{"resolution":3},"geometry":{"type":"Polygon","coordinates":[[[-74.423077,-43.829636],[-75.6,-45.707608],[-73.8,-45.707608],[-72.0,-45.707608],[-70.961538,-43.829636],[-70.0,-41.937854],[-71.666667,-41.937854],[-73.333333,-41.937854],[-74.423077,-43.829636]]]}},{"type":"Feature","properties":{"resolution":3},"geometry":{"type":"Polygon","coordinates":[[[-94.5,-72.679736],[-90.0,-74.424007],[-85.5,-72.679736],[-81.818182,-70.931108],[-85.909091,-70.931108],[-90.0,-70.931108],[-94.090909,-70.931108],[-98.181818,-70.931108],[-94.5,-72.679736]]]}},{"type":"Feature","properties":{"resolution":3},"geometry":{"type":"Polygon","coordinates":[[[-78.75,-54.916407],[-80.526316,-56.726722],[-78.157895,-56.726722],[-75.789474,-56.726722],[-74.25,-54.916407],[-72.857143,-53.096471],[-75.0,-53.096471],[-77.142857,-53.096471],[-78.75,-54.916407]]]}},{"type":"Feature","properties":{"resolution":3},"geometry":{"type":"Polygon","coordinates":[[[-74.25,-54.916407],[-75.789474,-56.726722],[-73.421053,-56.726722],[-71.052632,-56.726722],[-69.75,-54.916407],[-68.571429,-53.096471],[-70.714286,-53.096471],[-72.857143,-53.096471],[-74.25,-54.916407]]]}},{"type":"Feature","properties":{"resolution":3},"geometry":{"type":"Polygon","coordinates":[[[-69.75,-54.916407],[-71.052632,-56.726722],[-68.684211,-56.726722],[-66.315789,-56.726722],[-65.25,-54.916407],[-64.285714,-53.096471],[-66.428571,-53.096471],[-68.571429,-53.096471],[-69.75,-54.916407]]]}},{"type":"Feature","properties":{"resolution":3},"geometry":{"type":"Polygon","coordinates":[[[-75.681818,-51.266288],[-77.142857,-53.096471],[-75.0,-53.096471],[-72.857143,-53.096471],[-71.590909,-51.266288],[-70.434783,-49.425208],[-72.391304,-49.425208],[-74.347826,-49.425208],[-75.681818,-51.266288]]]}},{"type":"Feature","properties":{"resolution":3},"geometry":{"type":"Polygon","coordinates":[[[-73.125,-47.572551],[-74.347826,-49.425208],[-72.391304,-49.425208],[-70.434783,-49.425208],[-69.375,-47.572551],[-68.4,-45.707608],[-70.2,-45.707608],[-72.0,-45.707608],[-73.125,-47.572551]]]}},{"type":"Feature","properties":{"resolution":3},"geometry":{"type":"Polygon","coordinates":[[[-70.961538,-43.829636],[-72.0,-45.707608],[-70.2,-45.707608],[-68.4,-45.707608],[-67.5,-43.829636],[-66.666667,-41.937854],[-68.333333,-41.937854],[-70.0,-41.937854],[-70.961538,-43.829636]]]}},{"type":"Feature","properties":{"resolution":3},"geometry":{"type":"Polygon","coordinates":[[[-71.590909,-51.266288],[-72.857143,-53.096471],[-70.714286,-53.096471],[-68.571429,-53.096471],[-67.5,-51.266288],[-66.521739,-49.425208],[-68.478261,-49.425208],[-70.434783,-49.425208],[-71.590909,-51.266288]]]}},{"type":"Feature","properties":{"resolution":3},"geometry":{"type":"Polygon","coordinates":[[[-69.375,-47.572551],[-70.434783,-49.425208],[-68.478261,-49.425208],[-66.521739,-49.425208],[-65.625,-47.572551],[-64.8,-45.707608],[-66.6,-45.707608],[-68.4,-45.707608],[-69.375,-47.572551]]]}},{"type":"Feature","properties":{"resolution":3},"geometry":{"type":"Polygon","coordinates":[[[-67.5,-43.829636],[-68.4,-45.707608],[-66.6,-45.707608],[-64.8,-45.707608],[-64.038462,-43.829636],[-63.333333,-41.937854],[-65.0,-41.937854],[-66.666667,-41.937854],[-67.5,-43.829636]]]}},{"type":"Feature","properties":{"resolution":3},"geometry":{"type":"Polygon","coordinates":[[[-67.5,-51.266288],[-68.571429,-53.096471],[-66.428571,-53.096471],[-64.285714,-53.096471],[-63.409091,-51.266288],[-62.608696,-49.425208],[-64.565217,-49.425208],[-66.521739,-49.425208],[-67.5,-51.266288]]]}},{"type":"Feature","properties":{"resolution":3},"geometry":{"type":"Polygon","coordinates":[[[-64.038462,-43.829636],[-64.8,-45.707608],[-63.0,-45.707608],[-61.2,-45.707608],[-60.576923,-43.829636],[-60.0,-41.937854],[-61.666667,-41.937854],[-63.333333,-41.937854],[-64.038462,-43.829636]]]}},{"type":"Feature","properties":{"resolution":3},"geometry":{"type":"Polygon","coordinates":[[[147.115385,-43.829636],[147.6,-45.707608],[149.4,-45.707608],[151.2,-45.707608],[150.576923,-43.829636],[150.0,-41.937854],[148.333333,-41.937854],[146.666667,-41.937854],[147.115385,-43.829636]]]}},{"type":"Feature","properties":{"resolution":3},"geometry":{"type":"Polygon","coordinates":[[[143.653846,-43.829636],[144.0,-45.707608],[145.8,-45.707608],[147.6,-45.707608],[147.115385,-43.829636],[146.666667,-41.937854],[145.0,-41.937854],[143.333333,-41.937854],[143.653846,-43.829636]]]}},{"type":"Feature","properties":{"resolution":3},"geometry":{"type":"Polygon","coordinates":[[[161.25,-69.177653],[163.636364,-70.931108],[167.727273,-70.931108],[171.818182,-70.931108],[168.75,-69.177653],[166.153846,-67.418894],[162.692308,-67.418894],[159.230769,-67.418894],[161.25,-69.177653]]]}},{"type":"Feature","properties":{"resolution":3},"geometry":{"type":"Polygon","coordinates":[[[166.5,-72.679736],[170.0,-74.424007],[175.0,-74.424007],[180.0,-74.424007],[180.0,-74.424007],[175.5,-72.679736],[171.818182,-70.931108],[167.727273,-70.931108],[163.636364,-70.931108],[166.5,-72.679736]]]}},{"type":"Feature","properties":{"resolution":3},"geometry":{"type":"Polygon","coordinates":[[[153.75,-69.177653],[155.454545,-70.931108],[159.545455,-70.931108],[163.636364,-70.931108],[161.25,-69.177653],[159.230769,-67.418894],[155.769231,-67.418894],[152.307692,-67.418894],[153.75,-69.177653]]]}},{"type":"Feature","properties":{"resolution":3},"geometry":{"type":"Polygon","coordinates":[[[157.5,-72.679736],[160.0,-74.424007],[165.0,-74.424007],[170.0,-74.424007],[166.5,-72.679736],[163.636364,-70.931108],[159.545455,-70.931108],[155.454545,-70.931108],[157.5,-72.679736]]]}},{"type":"Feature","properties":{"resolution":3},"geometry":{"type":"Polygon","coordinates":[[[144.642857,-65.654344],[145.384615,-67.418894],[148.846154,-67.418894],[152.307692,-67.418894],[151.071429,-65.654344],[150.0,-63.883502],[147.0,-63.883502],[144.0,-63.883502],[144.642857,-65.654344]]]}},{"type":"Feature","properties":{"resolution":3},"geometry":{"type":"Polygon","coordinates":[[[146.25,-69.177653],[147.272727,-70.931108],[151.363636,-70.931108],[155.454545,-70.931108],[153.75,-69.177653],[152.307692,-67.418894],[148.846154,-67.418894],[145.384615,-67.418894],[146.25,-69.177653]]]}},{"type":"Feature","properties":{"resolution":3},"geometry":{"type":"Polygon","coordinates":[[[148.5,-72.679736],[150.0,-74.424007],[155.0,-74.424007],[160.0,-74.424007],[157.5,-72.679736],[155.454545,-70.931108],[151.363636,-70.931108],[147.272727,-70.931108],[148.5,-72.679736]]]}},{"type":"Feature","properties":{"resolution":3},"geometry":{"type":"Polygon","coordinates":[[[138.214286,-65.654344],[138.461538,-67.418894],[141.923077,-67.418894],[145.384615,-67.418894],[144.642857,-65.654344],[144.0,-63.883502],[141.0,-63.883502],[138.0,-63.883502],[138.214286,-65.654344]]]}},{"type":"Feature","properties":{"resolution":3},"geometry":{"type":"Polygon","coordinates":[[[138.75,-69.177653],[139.090909,-70.931108],[143.181818,-70.931108],[147.272727,-70.931108],[146.25,-69.177653],[145.384615,-67.418894],[141.923077,-67.418894],[138.461538,-67.418894],[138.75,-69.177653]]]}},{"type":"Feature","properties":{"resolution":3},"geometry":{"type":"Polygon","coordinates":[[[139.5,-72.679736],[140.0,-74.424007],[145.0,-74.424007],[150.0,-74.424007],[148.5,-72.679736],[147.272727,-70.931108],[143.181818,-70.931108],[139.090909,-70.931108],[139.5,-72.679736]]]}},{"type":"Feature","properties":{"resolution":3},"geometry":{"type":"Polygon","coordinates":[[[131.785714,-65.654344],[131.538462,-67.418894],[135.0,-67.418894],[138.461538,-67.418894],[138.214286,-65.654344],[138.0,-63.883502],[135.0,-63.883502],[132.0,-63.883502],[131.785714,-65.654344]]]}},{"type":"Feature","properties":{"resolution":3},"geometry":{"type":"Polygon","coordinates":[[[131.25,-69.177653],[130.909091,-70.931108],[135.0,-70.931108],[139.090909,-70.931108],[138.75,-69.177653],[138.461538,-67.418894],[135.0,-67.418894],[131.538462,-67.418894],[131.25,-69.177653]]]}},{"type":"Feature","properties":{"resolution":3},"geometry":{"type":"Polygon","coordinates":[[[130.5,-72.679736],[130.0,-74.424007],[135.0,-74.424007],[140.0,-74.424007],[139.5,-72.679736],[139.090909,-70.931108],[135.0,-70.931108],[130.909091,-70.931108],[130.5,-72.679736]]]}},{"type":"Feature","properties":{"resolution":3},"geometry":{"type":"Polygon","coordinates":[[[125.357143,-65.654344],[124.615385,-67.418894],[128.076923,-67.418894],[131.538462,-67.418894],[131.785714,-65.654344],[132.0,-63.883502],[129.0,-63.883502],[126.0,-63.883502],[125.357143,-65.654344]]]}},{"type":"Feature","properties":{"resolution":3},"geometry":{"type":"Polygon","coordinates":[[[123.75,-69.177653],[122.727273,-70.931108],[126.818182,-70.931108],[130.909091,-70.931108],[131.25,-69.177653],[131.538462,-67.418894],[128.076923,-67.418894],[124.615385,-67.418894],[123.75,-69.177653]]]}},{"type":"Feature","properties":{"resolution":3},"geometry":{"type":"Polygon","coordinates":[[[121.5,-72.679736],[120.0,-74.424007],[125.0,-74.424007],[130.0,-74.424007],[130.5,-72.679736],[130.909091,-70.931108],[126.818182,-70.931108],[122.727273,-70.931108],[121.5,-72.679736]]]}},{"type":"Feature","properties":{"resolution":3},"geometry":{"type":"Polygon","coordinates":[[[118.928571,-65.654344],[117.692308,-67.418894],[121.153846,-67.418894],[124.615385,-67.418894],[125.357143,-65.654344],[126.0,-63.883502],[123.0,-63.883502],[120.0,-63.883502],[118.928571,-65.654344]]]}},{"type":"Feature","properties":{"resolution":3},"geometry":{"type":"Polygon","coordinates":[[[116.25,-69.177653],[114.545455,-70.931108],[118.636364,-70.931108],[122.727273,-70.931108],[123.75,-69.177653],[124.615385,-67.418894],[121.153846,-67.418894],[117.692308,-67.418894],[116.25,-69.177653]]]}},{"type":"Feature","properties":{"resolution":3},"geometry":{"type":"Polygon","coordinates":[[[112.5,-72.679736],[110.0,-74.424007],[115.0,-74.424007],[120.0,-74.424007],[121.5,-72.679736],[122.727273,-70.931108],[118.636364,-70.931108],[114.545455,-70.931108],[112.5,-72.679736]]]}},{"type":"Feature","properties":{"resolution":3},"geometry":{"type":"Polygon","coordinates":[[[112.5,-65.654344],[110.769231,-67.418894],[114.230769,-67.418894],[117.692308,-67.418894],[118.928571,-65.654344],[120.0,-63.883502],[117.0,-63.883502],[114.0,-63.883502],[112.5,-65.654344]]]}},{"type":"Feature","properties":{"resolution":3},"geometry":{"type":"Polygon","coordinates":[[[108.75,-69.177653],[106.363636,-70.931108],[110.454545,-70.931108],[114.545455,-70.931108],[116.25,-69.177653],[117.692308,-67.418894],[114.230769,-67.418894],[110.769231,-67.418894],[108.75,-69.177653]]]}},{"type":"Feature","properties":{"resolution":3},"geometry":{"type":"Polygon","coordinates":[[[103.5,-72.679736],[100.0,-74.424007],[105.0,-74.424007],[110.0,-74.424007],[112.5,-72.679736],[114.545455,-70.931108],[110.454545,-70.931108],[106.363636,-70.931108],[103.5,-72.679736]]]}},{"type":"Feature","properties":{"resolution":3},"geometry":{"type":"Polygon","coordinates":[[[106.071429,-65.654344],[103.846154,-67.418894],[107.307692,-67.418894],[110.769231,-67.418894],[112.5,-65.654344],[114.0,-63.883502],[111.0,-63.883502],[108.0,-63.883502],[106.071429,-65.654344]]]}},{"type":"Feature","properties":{"resolution":3},"geometry":{"type":"Polygon","coordinates":[[[101.25,-69.177653],[98.181818,-70.931108],[102.272727,-70.931108],[106.363636,-70.931108],[108.75,-69.177653],[110.769231,-67.418894],[107.307692,-67.418894],[103.846154,-67.418894],[101.25,-69.177653]]]}},{"type":"Feature","properties":{"resolution":3},"geometry":{"type":"Polygon","coordinates":[[[94.5,-72.679736],[90.0,-74.424007],[95.0,-74.424007],[100.0,-74.424007],[103.5,-72.679736],[106.363636,-70.931108],[102.272727,-70.931108],[98.181818,-70.931108],[94.5,-72.679736]]]}},{"type":"Feature","properties":{"resolution":3},"geometry":{"type":"Polygon","coordinates":[[[-163.125,-76.164378],[-167.142857,-77.901301],[-160.714286,-77.901301],[-154.285714,-77.901301],[-151.875,-76.164378],[-150.0,-74.424007],[-155.0,-74.424007],[-160.0,-74.424007],[-163.125,-76.164378]]]}},{"type":"Feature","properties":{"resolution":3},"geometry":{"type":"Polygon","coordinates":[[[163.125,-76.164378],[167.142857,-77.901301],[173.571429,-77.901301],[180.0,-77.901301],[174.375,-76.164378],[170.0,-74.424007],[165.0,-74.424007],[160.0,-74.424007],[163.125,-76.164378]]]}},{"type":"Feature","properties":{"resolution":3},"geometry":{"type":"Polygon","coordinates":[[[-172.5,-79.635222],[-180.0,-81.366579],[-171.0,-81.366579],[-162.0,-81.366579],[-157.5,-79.635222],[-154.285714,-77.901301],[-160.714286,-77.901301],[-167.142857,-77.901301],[-172.5,-79.635222]]]}},{"type":"Feature","properties":{"resolution":3},"geometry":{"type":"Polygon","coordinates":[[[151.875,-76.164378],[154.285714,-77.901301],[160.714286,-77.901301],[167.142857,-77.901301],[163.125,-76.164378],[160.0,-74.424007],[155.0,-74.424007],[150.0,-74.424007],[151.875,-76.164378]]]}},{"type":"Feature","properties":{"resolution":3},"geometry":{"type":"Polygon","coordinates":[[[157.5,-79.635222],[162.0,-81.366579],[171.0,-81.366579],[180.0,-81.366579],[172.5,-79.635222],[167.142857,-77.901301],[160.714286,-77.901301],[154.285714,-77.901301],[157.5,-79.635222]]]}},{"type":"Feature","properties":{"resolution":3},"geometry":{"type":"Polygon","coordinates":[[[-180.0,-84.823338],[-180.0,-84.823338],[-168.75,-83.095808],[-162.0,-81.366579],[-171.0,-81.366579],[-180.0,-81.366579],[-180.0,-84.823338]]]}},{"type":"Feature","properties":{"resolution":3},"geometry":{"type":"Polygon","coordinates":[[[168.75,-83.095808],[180.0,-84.823338],[180.0,-81.366579],[171.0,-81.366579],[162.0,-81.366579],[168.75,-83.095808]]]}},{"type":"Feature","properties":{"resolution":3},"geometry":{"type":"Polygon","coordinates":[[[-151.875,-76.164378],[-154.285714,-77.901301],[-147.857143,-77.901301],[-141.428571,-77.901301],[-140.625,-76.164378],[-140.0,-74.424007],[-145.0,-74.424007],[-150.0,-74.424007],[-151.875,-76.164378]]]}},{"type":"Feature","properties":{"resolution":3},"geometry":{"type":"Polygon","coordinates":[[[-140.625,-76.164378],[-141.428571,-77.901301],[-135.0,-77.901301],[-128.571429,-77.901301],[-129.375,-76.164378],[-130.0,-74.424007],[-135.0,-74.424007],[-140.0,-74.424007],[-140.625,-76.164378]]]}},{"type":"Feature","properties":{"resolution":3},"geometry":{"type":"Polygon","coordinates":[[[-129.375,-76.164378],[-128.571429,-77.901301],[-122.142857,-77.901301],[-115.714286,-77.901301],[-118.125,-76.164378],[-120.0,-74.424007],[-125.0,-74.424007],[-130.0,-74.424007],[-129.375,-76.164378]]]}},{"type":"Feature","properties":{"resolution":3},"geometry":{"type":"Polygon","coordinates":[[[-157.5,-79.635222],[-162.0,-81.366579],[-153.0,-81.366579],[-144.0,-81.366579],[-142.5,-79.635222],[-141.428571,-77.901301],[-147.857143,-77.901301],[-154.285714,-77.901301],[-157.5,-79.635222]]]}},{"type":"Feature","properties":{"resolution":3},"geometry":{"type":"Polygon","coordinates":[[[-142.5,-79.635222],[-144.0,-81.366579],[-135.0,-81.366579],[-126.0,-81.366579],[-127.5,-79.635222],[-128.571429,-77.901301],[-135.0,-77.901301],[-141.428571,-77.901301],[-142.5,-79.635222]]]}},{"type":"Feature","properties":{"resolution":3},"geometry":{"type":"Polygon","coordinates":[[[-127.5,-79.635222],[-126.0,-81.366579],[-117.0,-81.366579],[-108.0,-81.366579],[-112.5,-79.635222],[-115.714286,-77.901301],[-122.142857,-77.901301],[-128.571429,-77.901301],[-127.5,-79.635222]]]}},{"type":"Feature","properties":{"resolution":3},"geometry":{"type":"Polygon","coordinates":[[[-168.75,-83.095808],[-180.0,-84.823338],[-165.0,-84.823338],[-150.0,-84.823338],[-146.25,-83.095808],[-144.0,-81.366579],[-153.0,-81.366579],[-162.0,-81.366579],[-168.75,-83.095808]]]}},{"type":"Feature","properties":{"resolution":3},"geometry":{"type":"Polygon","coordinates":[[[-146.25,-83.095808],[-150.0,-84.823338],[-135.0,-84.823338],[-120.0,-84.823338],[-123.75,-83.095808],[-126.0,-81.366579],[-135.0,-81.366579],[-144.0,-81.366579],[-146.25,-83.095808]]]}},{"type":"Feature","properties":{"resolution":3},"geometry":{"type":"Polygon","coordinates":[[[-123.75,-83.095808],[-120.0,-84.823338],[-105.0,-84.823338],[-90.0,-84.823338],[-101.25,-83.095808],[-108.0,-81.366579],[-117.0,-81.366579],[-126.0,-81.366579],[-123.75,-83.095808]]]}},{"type":"Feature","properties":{"resolution":3},"geometry":{"type":"Polygon","coordinates":[[[-118.125,-76.164378],[-115.714286,-77.901301],[-109.285714,-77.901301],[-102.857143,-77.901301],[-106.875,-76.164378],[-110.0,-74.424007],[-115.0,-74.424007],[-120.0,-74.424007],[-118.125,-76.164378]]]}},{"type":"Feature","properties":{"resolution":3},"geometry":{"type":"Polygon","coordinates":[[[-106.875,-76.164378],[-102.857143,-77.901301],[-96.428571,-77.901301],[-90.0,-77.901301],[-95.625,-76.164378],[-100.0,-74.424007],[-105.0,-74.424007],[-110.0,-74.424007],[-106.875,-76.164378]]]}},{"type":"Feature","properties":{"resolution":3},"geometry":{"type":"Polygon","coordinates":[[[-95.625,-76.164378],[-90.0,-77.901301],[-84.375,-76.164378],[-80.0,-74.424007],[-85.0,-74.424007],[-90.0,-74.424007],[-95.0,-74.424007],[-100.0,-74.424007],[-95.625,-76.164378]]]}},{"type":"Feature","properties":{"resolution":3},"geometry":{"type":"Polygon","coordinates":[[[-112.5,-79.635222],[-108.0,-81.366579],[-99.0,-81.366579],[-90.0,-81.366579],[-97.5,-79.635222],[-102.857143,-77.901301],[-109.285714,-77.901301],[-115.714286,-77.901301],[-112.5,-79.635222]]]}},{"type":"Feature","properties":{"resolution":3},"geometry":{"type":"Polygon","coordinates":[[[-97.5,-79.635222],[-90.0,-81.366579],[-82.5,-79.635222],[-77.142857,-77.901301],[-83.571429,-77.901301],[-90.0,-77.901301],[-96.428571,-77.901301],[-102.857143,-77.901301],[-97.5,-79.635222]]]}},{"type":"Feature","properties":{"resolution":3},"geometry":{"type":"Polygon","coordinates":[[[-84.375,-76.164378],[-90.0,-77.901301],[-83.571429,-77.901301],[-77.142857,-77.901301],[-73.125,-76.164378],[-70.0,-74.424007],[-75.0,-74.424007],[-80.0,-74.424007],[-84.375,-76.164378]]]}},{"type":"Feature","properties":{"resolution":3},"geometry":{"type":"Polygon","coordinates":[[[-101.25,-83.095808],[-90.0,-84.823338],[-78.75,-83.095808],[-72.0,-81.366579],[-81.0,-81.366579],[-90.0,-81.366579],[-99.0,-81.366579],[-108.0,-81.366579],[-101.25,-83.095808]]]}},{"type":"Feature","properties":{"resolution":3},"geometry":{"type":"Polygon","coordinates":[[[-82.5,-79.635222],[-90.0,-81.366579],[-81.0,-81.366579],[-72.0,-81.366579],[-67.5,-79.635222],[-64.285714,-77.901301],[-70.714286,-77.901301],[-77.142857,-77.901301],[-82.5,-79.635222]]]}},{"type":"Feature","properties":{"resolution":3},"geometry":{"type":"Polygon","coordinates":[[[-73.125,-76.164378],[-77.142857,-77.901301],[-70.714286,-77.901301],[-64.285714,-77.901301],[-61.875,-76.164378],[-60.0,-74.424007],[-65.0,-74.424007],[-70.0,-74.424007],[-73.125,-76.164378]]]}},{"type":"Feature","properties":{"resolution":3},"geometry":{"type":"Polygon","coordinates":[[[140.625,-76.164378],[141.428571,-77.901301],[147.857143,-77.901301],[154.285714,-77.901301],[151.875,-76.164378],[150.0,-74.424007],[145.0,-74.424007],[140.0,-74.424007],[140.625,-76.164378]]]}},{"type":"Feature","properties":{"resolution":3},"geometry":{"type":"Polygon","coordinates":[[[142.5,-79.635222],[144.0,-81.366579],[153.0,-81.366579],[162.0,-81.366579],[157.5,-79.635222],[154.285714,-77.901301],[147.857143,-77.901301],[141.428571,-77.901301],[142.5,-79.635222]]]}},{"type":"Feature","properties":{"resolution":3},"geometry":{"type":"Polygon","coordinates":[[[146.25,-83.095808],[150.0,-84.823338],[165.0,-84.823338],[180.0,-84.823338],[180.0,-84.823338],[168.75,-83.095808],[162.0,-81.366579],[153.0,-81.366579],[144.0,-81.366579],[146.25,-83.095808]]]}},{"type":"Feature","properties":{"resolution":3},"geometry":{"type":"Polygon","coordinates":[[[129.375,-76.164378],[128.571429,-77.901301],[135.0,-77.901301],[141.428571,-77.901301],[140.625,-76.164378],[140.0,-74.424007],[135.0,-74.424007],[130.0,-74.424007],[129.375,-76.164378]]]}},{"type":"Feature","properties":{"resolution":3},"geometry":{"type":"Polygon","coordinates":[[[127.5,-79.635222],[126.0,-81.366579],[135.0,-81.366579],[144.0,-81.366579],[142.5,-79.635222],[141.428571,-77.901301],[135.0,-77.901301],[128.571429,-77.901301],[127.5,-79.635222]]]}},{"type":"Feature","properties":{"resolution":3},"geometry":{"type":"Polygon","coordinates":[[[123.75,-83.095808],[120.0,-84.823338],[135.0,-84.823338],[150.0,-84.823338],[146.25,-83.095808],[144.0,-81.366579],[135.0,-81.366579],[126.0,-81.366579],[123.75,-83.095808]]]}},{"type":"Feature","properties":{"resolution":3},"geometry":{"type":"Polygon","coordinates":[[[118.125,-76.164378],[115.714286,-77.901301],[122.142857,-77.901301],[128.571429,-77.901301],[129.375,-76.164378],[130.0,-74.424007],[125.0,-74.424007],[120.0,-74.424007],[118.125,-76.164378]]]}},{"type":"Feature","properties":{"resolution":3},"geometry":{"type":"Polygon","coordinates":[[[112.5,-79.635222],[108.0,-81.366579],[117.0,-81.366579],[126.0,-81.366579],[127.5,-79.635222],[128.571429,-77.901301],[122.142857,-77.901301],[115.714286,-77.901301],[112.5,-79.635222]]]}},{"type":"Feature","properties":{"resolution":3},"geometry":{"type":"Polygon","coordinates":[[[101.25,-83.095808],[90.0,-84.823338],[105.0,-84.823338],[120.0,-84.823338],[123.75,-83.095808],[126.0,-81.366579],[117.0,-81.366579],[108.0,-81.366579],[101.25,-83.095808]]]}},{"type":"Feature","properties":{"resolution":3},"geometry":{"type":"Polygon","coordinates":[[[-180.0,-88.27501],[-180.0,-88.27501],[-157.5,-86.549597],[-150.0,-84.823338],[-165.0,-84.823338],[-180.0,-84.823338],[-180.0,-84.823338],[-180.0,-88.27501]]]}},{"type":"Feature","properties":{"resolution":3},"geometry":{"type":"Polygon","coordinates":[[[157.5,-86.549597],[180.0,-88.27501],[180.0,-84.823338],[165.0,-84.823338],[150.0,-84.823338],[157.5,-86.549597]]]}},{"type":"Feature","properties":{"resolution":3},"geometry":{"type":"Polygon","coordinates":[[[-157.5,-86.549597],[-180.0,-88.27501],[-135.0,-88.27501],[-90.0,-88.27501],[-112.5,-86.549597],[-120.0,-84.823338],[-135.0,-84.823338],[-150.0,-84.823338],[-157.5,-86.549597]]]}},{"type":"Feature","properties":{"resolution":3},"geometry":{"type":"Polygon","coordinates":[[[-112.5,-86.549597],[-90.0,-88.27501],[-67.5,-86.549597],[-60.0,-84.823338],[-75.0,-84.823338],[-90.0,-84.823338],[-105.0,-84.823338],[-120.0,-84.823338],[-112.5,-86.549597]]]}},{"type":"Feature","properties":{"resolution":3},"geometry":{"type":"Polygon","coordinates":[[[112.5,-86.549597],[90.0,-88.27501],[135.0,-88.27501],[180.0,-88.27501],[157.5,-86.549597],[150.0,-84.823338],[135.0,-84.823338],[120.0,-84.823338],[112.5,-86.549597]]]}},{"type":"Feature","properties":{"resolution":3},"geometry":{"type":"Polygon","coordinates":[[[180.0,-88.27501],[170.0,-88.27501],[160.0,-88.27501],[150.0,-88.27501],[140.0,-88.27501],[130.0,-88.27501],[120.0,-88.27501],[110.0,-88.27501],[100.0,-88.27501],[90.0,-88.27501],[80.0,-88.27501],[70.0,-88.27501],[60.0,-88.27501],[50.0,-88.27501],[40.0,-88.27501],[30.0,-88.27501],[20.0,-88.27501],[10.0,-88.27501],[0.0,-88.27501],[-10.0,-88.27501],[-20.0,-88.27501],[-30.0,-88.27501],[-40.0,-88.27501],[-50.0,-88.27501],[-60.0,-88.27501],[-70.0,-88.27501],[-80.0,-88.27501],[-90.0,-88.27501],[-100.0,-88.27501],[-110.0,-88.27501],[-120.0,-88.27501],[-130.0,-88.27501],[-140.0,-88.27501],[-150.0,-88.27501],[-160.0,-88.27501],[-170.0,-88.27501],[-180.0,-88.27501],[-180.0,-90.0],[180.0,-90.0],[180.0,-88.27501]]]}},{"type":"Feature","properties":{"resolution":3},"geometry":{"type":"Polygon","coordinates":[[[-67.5,-86.549597],[-90.0,-88.27501],[-45.0,-88.27501],[0.0,-88.27501],[-22.5,-86.549597],[-30.0,-84.823338],[-45.0,-84.823338],[-60.0,-84.823338],[-67.5,-86.549597]]]}},{"type":"Feature","properties":{"resolution":3},"geometry":{"type":"Polygon","coordinates":[[[67.5,-86.549597],[90.0,-88.27501],[112.5,-86.549597],[120.0,-84.823338],[105.0,-84.823338],[90.0,-84.823338],[75.0,-84.823338],[60.0,-84.823338],[67.5,-86.549597]]]}},{"type":"Feature","properties":{"resolution":3},"geometry":{"type":"Polygon","coordinates":[[[22.5,-86.549597],[0.0,-88.27501],[45.0,-88.27501],[90.0,-88.27501],[67.5,-86.549597],[60.0,-84.823338],[45.0,-84.823338],[30.0,-84.823338],[22.5,-86.549597]]]}},{"type":"Feature","properties":{"resolution":3},"geometry":{"type":"Polygon","coordinates":[[[-22.5,-86.549597],[0.0,-88.27501],[22.5,-86.549597],[30.0,-84.823338],[15.0,-84.823338],[0.0,-84.823338],[-15.0,-84.823338],[-30.0,-84.823338],[-22.5,-86.549597]]]}},{"type":"Feature","properties":{"resolution":3},"geometry":{"type":"Polygon","coordinates":[[[-78.75,-83.095808],[-90.0,-84.823338],[-75.0,-84.823338],[-60.0,-84.823338],[-56.25,-83.095808],[-54.0,-81.366579],[-63.0,-81.366579],[-72.0,-81.366579],[-78.75,-83.095808]]]}},{"type":"Feature","properties":{"resolution":3},"geometry":{"type":"Polygon","coordinates":[[[-67.5,-79.635222],[-72.0,-81.366579],[-63.0,-81.366579],[-54.0,-81.366579],[-52.5,-79.635222],[-51.428571,-77.901301],[-57.857143,-77.901301],[-64.285714,-77.901301],[-67.5,-79.635222]]]}},{"type":"Feature","properties":{"resolution":3},"geometry":{"type":"Polygon","coordinates":[[[-61.875,-76.164378],[-64.285714,-77.901301],[-57.857143,-77.901301],[-51.428571,-77.901301],[-50.625,-76.164378],[-50.0,-74.424007],[-55.0,-74.424007],[-60.0,-74.424007],[-61.875,-76.164378]]]}},{"type":"Feature","properties":{"resolution":3},"geometry":{"type":"Polygon","coordinates":[[[-56.25,-83.095808],[-60.0,-84.823338],[-45.0,-84.823338],[-30.0,-84.823338],[-33.75,-83.095808],[-36.0,-81.366579],[-45.0,-81.366579],[-54.0,-81.366579],[-56.25,-83.095808]]]}},{"type":"Feature","properties":{"resolution":3},"geometry":{"type":"Polygon","coordinates":[[[-52.5,-79.635222],[-54.0,-81.366579],[-45.0,-81.366579],[-36.0,-81.366579],[-37.5,-79.635222],[-38.571429,-77.901301],[-45.0,-77.901301],[-51.428571,-77.901301],[-52.5,-79.635222]]]}},{"type":"Feature","properties":{"resolution":3},"geometry":{"type":"Polygon","coordinates":[[[-50.625,-76.164378],[-51.428571,-77.901301],[-45.0,-77.901301],[-38.571429,-77.901301],[-39.375,-76.164378],[-40.0,-74.424007],[-45.0,-74.424007],[-50.0,-74.424007],[-50.625,-76.164378]]]}},{"type":"Feature","properties":{"resolution":3},"geometry":{"type":"Polygon","coordinates":[[[-33.75,-83.095808],[-30.0,-84.823338],[-15.0,-84.823338],[0.0,-84.823338],[-11.25,-83.095808],[-18.0,-81.366579],[-27.0,-81.366579],[-36.0,-81.366579],[-33.75,-83.095808]]]}},{"type":"Feature","properties":{"resolution":3},"geometry":{"type":"Polygon","coordinates":[[[-37.5,-79.635222],[-36.0,-81.366579],[-27.0,-81.366579],[-18.0,-81.366579],[-22.5,-79.635222],[-25.714286,-77.901301],[-32.142857,-77.901301],[-38.571429,-77.901301],[-37.5,-79.635222]]]}},{"type":"Feature","properties":{"resolution":3},"geometry":{"type":"Polygon","coordinates":[[[-39.375,-76.164378],[-38.571429,-77.901301],[-32.142857,-77.901301],[-25.714286,-77.901301],[-28.125,-76.164378],[-30.0,-74.424007],[-35.0,-74.424007],[-40.0,-74.424007],[-39.375,-76.164378]]]}},{"type":"Feature","properties":{"resolution":2},"geometry":{"type":"Polygon","coordinates":[[[63.0,-77.033242],[67.5,-79.635222],[75.0,-82.231432],[90.0,-84.823338],[105.0,-82.231432],[112.5,-79.635222],[117.0,-77.033242],[120.0,-74.424007],[112.5,-74.424007],[105.0,-74.424007],[97.5,-74.424007],[90.0,-74.424007],[82.5,-74.424007],[75.0,-74.424007],[67.5,-74.424007],[60.0,-74.424007],[63.0,-77.033242]]]}},{"type":"Feature","properties":{"resolution":2},"geometry":{"type":"Polygon","coordinates":[[[27.0,-77.033242],[22.5,-79.635222],[15.0,-82.231432],[0.0,-84.823338],[22.5,-84.823338],[45.0,-84.823338],[67.5,-84.823338],[90.0,-84.823338],[75.0,-82.231432],[67.5,-79.635222],[63.0,-77.033242],[60.0,-74.424007],[52.5,-74.424007],[45.0,-74.424007],[37.5,-74.424007],[30.0,-74.424007],[27.0,-77.033242]]]}},{"type":"Feature","properties":{"resolution":3},"geometry":{"type":"Polygon","coordinates":[[[-11.25,-83.095808],[0.0,-84.823338],[11.25,-83.095808],[18.0,-81.366579],[9.0,-81.366579],[0.0,-81.366579],[-9.0,-81.366579],[-18.0,-81.366579],[-11.25,-83.095808]]]}},{"type":"Feature","properties":{"resolution":3},"geometry":{"type":"Polygon","coordinates":[[[-22.5,-79.635222],[-18.0,-81.366579],[-9.0,-81.366579],[0.0,-81.366579],[-7.5,-79.635222],[-12.857143,-77.901301],[-19.285714,-77.901301],[-25.714286,-77.901301],[-22.5,-79.635222]]]}},{"type":"Feature","properties":{"resolution":3},"geometry":{"type":"Polygon","coordinates":[[[-28.125,-76.164378],[-25.714286,-77.901301],[-19.285714,-77.901301],[-12.857143,-77.901301],[-16.875,-76.164378],[-20.0,-74.424007],[-25.0,-74.424007],[-30.0,-74.424007],[-28.125,-76.164378]]]}},{"type":"Feature","properties":{"resolution":3},"geometry":{"type":"Polygon","coordinates":[[[7.5,-79.635222],[0.0,-81.366579],[9.0,-81.366579],[18.0,-81.366579],[22.5,-79.635222],[25.714286,-77.901301],[19.285714,-77.901301],[12.857143,-77.901301],[7.5,-79.635222]]]}},{"type":"Feature","properties":{"resolution":3},"geometry":{"type":"Polygon","coordinates":[[[-7.5,-79.635222],[0.0,-81.366579],[7.5,-79.635222],[12.857143,-77.901301],[6.428571,-77.901301],[0.0,-77.901301],[-6.428571,-77.901301],[-12.857143,-77.901301],[-7.5,-79.635222]]]}},{"type":"Feature","properties":{"resolution":3},"geometry":{"type":"Polygon","coordinates":[[[-16.875,-76.164378],[-12.857143,-77.901301],[-6.428571,-77.901301],[0.0,-77.901301],[-5.625,-76.164378],[-10.0,-74.424007],[-15.0,-74.424007],[-20.0,-74.424007],[-16.875,-76.164378]]]}},{"type":"Feature","properties":{"resolution":3},"geometry":{"type":"Polygon","coordinates":[[[16.875,-76.164378],[12.857143,-77.901301],[19.285714,-77.901301],[25.714286,-77.901301],[28.125,-76.164378],[30.0,-74.424007],[25.0,-74.424007],[20.0,-74.424007],[16.875,-76.164378]]]}},{"type":"Feature","properties":{"resolution":3},"geometry":{"type":"Polygon","coordinates":[[[5.625,-76.164378],[0.0,-77.901301],[6.428571,-77.901301],[12.857143,-77.901301],[16.875,-76.164378],[20.0,-74.424007],[15.0,-74.424007],[10.0,-74.424007],[5.625,-76.164378]]]}},{"type":"Feature","properties":{"resolution":3},"geometry":{"type":"Polygon","coordinates":[[[-5.625,-76.164378],[0.0,-77.901301],[5.625,-76.164378],[10.0,-74.424007],[5.0,-74.424007],[0.0,-74.424007],[-5.0,-74.424007],[-10.0,-74.424007],[-5.625,-76.164378]]]}},{"type":"Feature","properties":{"resolution":3},"geometry":{"type":"Polygon","coordinates":[[[-85.5,-72.679736],[-90.0,-74.424007],[-85.0,-74.424007],[-80.0,-74.424007],[-76.5,-72.679736],[-73.636364,-70.931108],[-77.727273,-70.931108],[-81.818182,-70.931108],[-85.5,-72.679736]]]}},{"type":"Feature","properties":{"resolution":3},"geometry":{"type":"Polygon","coordinates":[[[-78.75,-69.177653],[-81.818182,-70.931108],[-77.727273,-70.931108],[-73.636364,-70.931108],[-71.25,-69.177653],[-69.230769,-67.418894],[-72.692308,-67.418894],[-76.153846,-67.418894],[-78.75,-69.177653]]]}},{"type":"Feature","properties":{"resolution":3},"geometry":{"type":"Polygon","coordinates":[[[-76.5,-72.679736],[-80.0,-74.424007],[-75.0,-74.424007],[-70.0,-74.424007],[-67.5,-72.679736],[-65.454545,-70.931108],[-69.545455,-70.931108],[-73.636364,-70.931108],[-76.5,-72.679736]]]}},{"type":"Feature","properties":{"resolution":3},"geometry":{"type":"Polygon","coordinates":[[[-71.25,-69.177653],[-73.636364,-70.931108],[-69.545455,-70.931108],[-65.454545,-70.931108],[-63.75,-69.177653],[-62.307692,-67.418894],[-65.769231,-67.418894],[-69.230769,-67.418894],[-71.25,-69.177653]]]}},{"type":"Feature","properties":{"resolution":3},"geometry":{"type":"Polygon","coordinates":[[[-67.5,-65.654344],[-69.230769,-67.418894],[-65.769231,-67.418894],[-62.307692,-67.418894],[-61.071429,-65.654344],[-60.0,-63.883502],[-63.0,-63.883502],[-66.0,-63.883502],[-67.5,-65.654344]]]}},{"type":"Feature","properties":{"resolution":3},"geometry":{"type":"Polygon","coordinates":[[[-67.5,-72.679736],[-70.0,-74.424007],[-65.0,-74.424007],[-60.0,-74.424007],[-58.5,-72.679736],[-57.272727,-70.931108],[-61.363636,-70.931108],[-65.454545,-70.931108],[-67.5,-72.679736]]]}},{"type":"Feature","properties":{"resolution":3},"geometry":{"type":"Polygon","coordinates":[[[-63.75,-69.177653],[-65.454545,-70.931108],[-61.363636,-70.931108],[-57.272727,-70.931108],[-56.25,-69.177653],[-55.384615,-67.418894],[-58.846154,-67.418894],[-62.307692,-67.418894],[-63.75,-69.177653]]]}},{"type":"Feature","properties":{"resolution":3},"geometry":{"type":"Polygon","coordinates":[[[-61.071429,-65.654344],[-62.307692,-67.418894],[-58.846154,-67.418894],[-55.384615,-67.418894],[-54.642857,-65.654344],[-54.0,-63.883502],[-57.0,-63.883502],[-60.0,-63.883502],[-61.071429,-65.654344]]]}},{"type":"Feature","properties":{"resolution":3},"geometry":{"type":"Polygon","coordinates":[[[-65.25,-54.916407],[-66.315789,-56.726722],[-63.947368,-56.726722],[-61.578947,-56.726722],[-60.75,-54.916407],[-60.0,-53.096471],[-62.142857,-53.096471],[-64.285714,-53.096471],[-65.25,-54.916407]]]}},{"type":"Feature","properties":{"resolution":3},"geometry":{"type":"Polygon","coordinates":[[[-59.0625,-62.105855],[-60.0,-63.883502],[-57.0,-63.883502],[-54.0,-63.883502],[-53.4375,-62.105855],[-52.941176,-60.320875],[-55.588235,-60.320875],[-58.235294,-60.320875],[-59.0625,-62.105855]]]}},{"type":"Feature","properties":{"resolution":3},"geometry":{"type":"Polygon","coordinates":[[[-63.409091,-51.266288],[-64.285714,-53.096471],[-62.142857,-53.096471],[-60.0,-53.096471],[-59.318182,-51.266288],[-58.695652,-49.425208],[-60.652174,-49.425208],[-62.608696,-49.425208],[-63.409091,-51.266288]]]}},{"type":"Feature","properties":{"resolution":3},"geometry":{"type":"Polygon","coordinates":[[[-59.318182,-51.266288],[-60.0,-53.096471],[-57.857143,-53.096471],[-55.714286,-53.096471],[-55.227273,-51.266288],[-54.782609,-49.425208],[-56.73913,-49.425208],[-58.695652,-49.425208],[-59.318182,-51.266288]]]}},{"type":"Feature","properties":{"resolution":3},"geometry":{"type":"Polygon","coordinates":[[[-58.5,-72.679736],[-60.0,-74.424007],[-55.0,-74.424007],[-50.0,-74.424007],[-49.5,-72.679736],[-49.090909,-70.931108],[-53.181818,-70.931108],[-57.272727,-70.931108],[-58.5,-72.679736]]]}},{"type":"Feature","properties":{"resolution":3},"geometry":{"type":"Polygon","coordinates":[[[-22.5,-72.679736],[-20.0,-74.424007],[-15.0,-74.424007],[-10.0,-74.424007],[-13.5,-72.679736],[-16.363636,-70.931108],[-20.454545,-70.931108],[-24.545455,-70.931108],[-22.5,-72.679736]]]}},{"type":"Feature","properties":{"resolution":3},"geometry":{"type":"Polygon","coordinates":[[[-13.5,-72.679736],[-10.0,-74.424007],[-5.0,-74.424007],[0.0,-74.424007],[-4.5,-72.679736],[-8.181818,-70.931108],[-12.272727,-70.931108],[-16.363636,-70.931108],[-13.5,-72.679736]]]}},{"type":"Feature","properties":{"resolution":3},"geometry":{"type":"Polygon","coordinates":[[[99.642857,-65.654344],[96.923077,-67.418894],[100.384615,-67.418894],[103.846154,-67.418894],[106.071429,-65.654344],[108.0,-63.883502],[105.0,-63.883502],[102.0,-63.883502],[99.642857,-65.654344]]]}},{"type":"Feature","properties":{"resolution":3},"geometry":{"type":"Polygon","coordinates":[[[93.75,-69.177653],[90.0,-70.931108],[94.090909,-70.931108],[98.181818,-70.931108],[101.25,-69.177653],[103.846154,-67.418894],[100.384615,-67.418894],[96.923077,-67.418894],[93.75,-69.177653]]]}},{"type":"Feature","properties":{"resolution":3},"geometry":{"type":"Polygon","coordinates":[[[85.5,-72.679736],[90.0,-74.424007],[94.5,-72.679736],[98.181818,-70.931108],[94.090909,-70.931108],[90.0,-70.931108],[85.909091,-70.931108],[81.818182,-70.931108],[85.5,-72.679736]]]}},{"type":"Feature","properties":{"resolution":3},"geometry":{"type":"Polygon","coordinates":[[[93.214286,-65.654344],[90.0,-67.418894],[93.461538,-67.418894],[96.923077,-67.418894],[99.642857,-65.654344],[102.0,-63.883502],[99.0,-63.883502],[96.0,-63.883502],[93.214286,-65.654344]]]}},{"type":"Feature","properties":{"resolution":3},"geometry":{"type":"Polygon","coordinates":[[[86.25,-69.177653],[90.0,-70.931108],[93.75,-69.177653],[96.923077,-67.418894],[93.461538,-67.418894],[90.0,-67.418894],[86.538462,-67.418894],[83.076923,-67.418894],[86.25,-69.177653]]]}},{"type":"Feature","properties":{"resolution":3},"geometry":{"type":"Polygon","coordinates":[[[78.75,-69.177653],[81.818182,-70.931108],[85.909091,-70.931108],[90.0,-70.931108],[86.25,-69.177653],[83.076923,-67.418894],[79.615385,-67.418894],[76.153846,-67.418894],[78.75,-69.177653]]]}},{"type":"Feature","properties":{"resolution":3},"geometry":{"type":"Polygon","coordinates":[[[86.785714,-65.654344],[90.0,-67.418894],[93.214286,-65.654344],[96.0,-63.883502],[93.0,-63.883502],[90.0,-63.883502],[87.0,-63.883502],[84.0,-63.883502],[86.785714,-65.654344]]]}},{"type":"Feature","properties":{"resolution":3},"geometry":{"type":"Polygon","coordinates":[[[80.357143,-65.654344],[83.076923,-67.418894],[86.538462,-67.418894],[90.0,-67.418894],[86.785714,-65.654344],[84.0,-63.883502],[81.0,-63.883502],[78.0,-63.883502],[80.357143,-65.654344]]]}},{"type":"Feature","properties":{"resolution":3},"geometry":{"type":"Polygon","coordinates":[[[73.928571,-65.654344],[76.153846,-67.418894],[79.615385,-67.418894],[83.076923,-67.418894],[80.357143,-65.654344],[78.0,-63.883502],[75.0,-63.883502],[72.0,-63.883502],[73.928571,-65.654344]]]}},{"type":"Feature","properties":{"resolution":3},"geometry":{"type":"Polygon","coordinates":[[[71.590909,-51.266288],[72.857143,-53.096471],[75.0,-53.096471],[77.142857,-53.096471],[75.681818,-51.266288],[74.347826,-49.425208],[72.391304,-49.425208],[70.434783,-49.425208],[71.590909,-51.266288]]]}},{"type":"Feature","properties":{"resolution":3},"geometry":{"type":"Polygon","coordinates":[[[67.5,-51.266288],[68.571429,-53.096471],[70.714286,-53.096471],[72.857143,-53.096471],[71.590909,-51.266288],[70.434783,-49.425208],[68.478261,-49.425208],[66.521739,-49.425208],[67.5,-51.266288]]]}},{"type":"Feature","properties":{"resolution":3},"geometry":{"type":"Polygon","coordinates":[[[69.375,-47.572551],[70.434783,-49.425208],[72.391304,-49.425208],[74.347826,-49.425208],[73.125,-47.572551],[72.0,-45.707608],[70.2,-45.707608],[68.4,-45.707608],[69.375,-47.572551]]]}},{"type":"Feature","properties":{"resolution":3},"geometry":{"type":"Polygon","coordinates":[[[65.625,-47.572551],[66.521739,-49.425208],[68.478261,-49.425208],[70.434783,-49.425208],[69.375,-47.572551],[68.4,-45.707608],[66.6,-45.707608],[64.8,-45.707608],[65.625,-47.572551]]]}},{"type":"Feature","properties":{"resolution":3},"geometry":{"type":"Polygon","coordinates":[[[76.5,-72.679736],[80.0,-74.424007],[85.0,-74.424007],[90.0,-74.424007],[85.5,-72.679736],[81.818182,-70.931108],[77.727273,-70.931108],[73.636364,-70.931108],[76.5,-72.679736]]]}},{"type":"Feature","properties":{"resolution":3},"geometry":{"type":"Polygon","coordinates":[[[67.5,-72.679736],[70.0,-74.424007],[75.0,-74.424007],[80.0,-74.424007],[76.5,-72.679736],[73.636364,-70.931108],[69.545455,-70.931108],[65.454545,-70.931108],[67.5,-72.679736]]]}},{"type":"Feature","properties":{"resolution":3},"geometry":{"type":"Polygon","coordinates":[[[58.5,-72.679736],[60.0,-74.424007],[65.0,-74.424007],[70.0,-74.424007],[67.5,-72.679736],[65.454545,-70.931108],[61.363636,-70.931108],[57.272727,-70.931108],[58.5,-72.679736]]]}},{"type":"Feature","properties":{"resolution":3},"geometry":{"type":"Polygon","coordinates":[[[71.25,-69.177653],[73.636364,-70.931108],[77.727273,-70.931108],[81.818182,-70.931108],[78.75,-69.177653],[76.153846,-67.418894],[72.692308,-67.418894],[69.230769,-67.418894],[71.25,-69.177653]]]}},{"type":"Feature","properties":{"resolution":3},"geometry":{"type":"Polygon","coordinates":[[[63.75,-69.177653],[65.454545,-70.931108],[69.545455,-70.931108],[73.636364,-70.931108],[71.25,-69.177653],[69.230769,-67.418894],[65.769231,-67.418894],[62.307692,-67.418894],[63.75,-69.177653]]]}},{"type":"Feature","properties":{"resolution":3},"geometry":{"type":"Polygon","coordinates":[[[56.25,-69.177653],[57.272727,-70.931108],[61.363636,-70.931108],[65.454545,-70.931108],[63.75,-69.177653],[62.307692,-67.418894],[58.846154,-67.418894],[55.384615,-67.418894],[56.25,-69.177653]]]}},{"type":"Feature","properties":{"resolution":3},"geometry":{"type":"Polygon","coordinates":[[[61.071429,-65.654344],[62.307692,-67.418894],[65.769231,-67.418894],[69.230769,-67.418894],[67.5,-65.654344],[66.0,-63.883502],[63.0,-63.883502],[60.0,-63.883502],[61.071429,-65.654344]]]}},{"type":"Feature","properties":{"resolution":3},"geometry":{"type":"Polygon","coordinates":[[[54.642857,-65.654344],[55.384615,-67.418894],[58.846154,-67.418894],[62.307692,-67.418894],[61.071429,-65.654344],[60.0,-63.883502],[57.0,-63.883502],[54.0,-63.883502],[54.642857,-65.654344]]]}},{"type":"Feature","properties":{"resolution":3},"geometry":{"type":"Polygon","coordinates":[[[49.5,-72.679736],[50.0,-74.424007],[55.0,-74.424007],[60.0,-74.424007],[58.5,-72.679736],[57.272727,-70.931108],[53.181818,-70.931108],[49.090909,-70.931108],[49.5,-72.679736]]]}},{"type":"Feature","properties":{"resolution":3},"geometry":{"type":"Polygon","coordinates":[[[40.5,-72.679736],[40.0,-74.424007],[45.0,-74.424007],[50.0,-74.424007],[49.5,-72.679736],[49.090909,-70.931108],[45.0,-70.931108],[40.909091,-70.931108],[40.5,-72.679736]]]}},{"type":"Feature","properties":{"resolution":3},"geometry":{"type":"Polygon","coordinates":[[[31.5,-72.679736],[30.0,-74.424007],[35.0,-74.424007],[40.0,-74.424007],[40.5,-72.679736],[40.909091,-70.931108],[36.818182,-70.931108],[32.727273,-70.931108],[31.5,-72.679736]]]}},{"type":"Feature","properties":{"resolution":3},"geometry":{"type":"Polygon","coordinates":[[[48.75,-69.177653],[49.090909,-70.931108],[53.181818,-70.931108],[57.272727,-70.931108],[56.25,-69.177653],[55.384615,-67.418894],[51.923077,-67.418894],[48.461538,-67.418894],[48.75,-69.177653]]]}},{"type":"Feature","properties":{"resolution":3},"geometry":{"type":"Polygon","coordinates":[[[41.25,-69.177653],[40.909091,-70.931108],[45.0,-70.931108],[49.090909,-70.931108],[48.75,-69.177653],[48.461538,-67.418894],[45.0,-67.418894],[41.538462,-67.418894],[41.25,-69.177653]]]}},{"type":"Feature","properties":{"resolution":3},"geometry":{"type":"Polygon","coordinates":[[[33.75,-69.177653],[32.727273,-70.931108],[36.818182,-70.931108],[40.909091,-70.931108],[41.25,-69.177653],[41.538462,-67.418894],[38.076923,-67.418894],[34.615385,-67.418894],[33.75,-69.177653]]]}},{"type":"Feature","properties":{"resolution":3},"geometry":{"type":"Polygon","coordinates":[[[48.214286,-65.654344],[48.461538,-67.418894],[51.923077,-67.418894],[55.384615,-67.418894],[54.642857,-65.654344],[54.0,-63.883502],[51.0,-63.883502],[48.0,-63.883502],[48.214286,-65.654344]]]}},{"type":"Feature","properties":{"resolution":3},"geometry":{"type":"Polygon","coordinates":[[[41.785714,-65.654344],[41.538462,-67.418894],[45.0,-67.418894],[48.461538,-67.418894],[48.214286,-65.654344],[48.0,-63.883502],[45.0,-63.883502],[42.0,-63.883502],[41.785714,-65.654344]]]}},{"type":"Feature","properties":{"resolution":3},"geometry":{"type":"Polygon","coordinates":[[[22.5,-72.679736],[20.0,-74.424007],[25.0,-74.424007],[30.0,-74.424007],[31.5,-72.679736],[32.727273,-70.931108],[28.636364,-70.931108],[24.545455,-70.931108],[22.5,-72.679736]]]}},{"type":"Feature","properties":{"resolution":3},"geometry":{"type":"Polygon","coordinates":[[[13.5,-72.679736],[10.0,-74.424007],[15.0,-74.424007],[20.0,-74.424007],[22.5,-72.679736],[24.545455,-70.931108],[20.454545,-70.931108],[16.363636,-70.931108],[13.5,-72.679736]]]}},{"type":"Feature","properties":{"resolution":3},"geometry":{"type":"Polygon","coordinates":[[[4.5,-72.679736],[0.0,-74.424007],[5.0,-74.424007],[10.0,-74.424007],[13.5,-72.679736],[16.363636,-70.931108],[12.272727,-70.931108],[8.181818,-70.931108],[4.5,-72.679736]]]}},{"type":"Feature","properties":{"resolution":3},"geometry":{"type":"Polygon","coordinates":[[[26.25,-69.177653],[24.545455,-70.931108],[28.636364,-70.931108],[32.727273,-70.931108],[33.75,-69.177653],[34.615385,-67.418894],[31.153846,-67.418894],[27.692308,-67.418894],[26.25,-69.177653]]]}},{"type":"Feature","properties":{"resolution":3},"geometry":{"type":"Polygon","coordinates":[[[18.75,-69.177653],[16.363636,-70.931108],[20.454545,-70.931108],[24.545455,-70.931108],[26.25,-69.177653],[27.692308,-67.418894],[24.230769,-67.418894],[20.769231,-67.418894],[18.75,-69.177653]]]}},{"type":"Feature","properties":{"resolution":3},"geometry":{"type":"Polygon","coordinates":[[[11.25,-69.177653],[8.181818,-70.931108],[12.272727,-70.931108],[16.363636,-70.931108],[18.75,-69.177653],[20.769231,-67.418894],[17.307692,-67.418894],[13.846154,-67.418894],[11.25,-69.177653]]]}},{"type":"Feature","properties":{"resolution":3},"geometry":{"type":"Polygon","coordinates":[[[-4.5,-72.679736],[0.0,-74.424007],[4.5,-72.679736],[8.181818,-70.931108],[4.090909,-70.931108],[0.0,-70.931108],[-4.090909,-70.931108],[-8.181818,-70.931108],[-4.5,-72.679736]]]}},{"type":"Feature","properties":{"resolution":3},"geometry":{"type":"Polygon","coordinates":[[[3.75,-69.177653],[0.0,-70.931108],[4.090909,-70.931108],[8.181818,-70.931108],[11.25,-69.177653],[13.846154,-67.418894],[10.384615,-67.418894],[6.923077,-67.418894],[3.75,-69.177653]]]}}]}
